"","subject","group","mode_delivery","sex","lol"
"1",314,"Preterm","Acute C-section",1,"C-section"
"2",251,"Preterm","Vaginal",1,"Vaginal"
"3",31,"Term","Planned C-section",0,"C-section"
"4",253,"Preterm","Vaginal-instrumental",0,"Vaginal"
"5",119,"Term","Vaginal",1,"Vaginal"
"6",42,"Term","Vaginal",1,"Vaginal"
"7",180,"Term","Planned C-section",0,"C-section"
"8",189,"Preterm","Acute C-section",1,"C-section"
"9",302,"Term","Vaginal",1,"Vaginal"
"10",319,"Preterm","Acute C-section",1,"C-section"
"11",305,"Term","Vaginal",1,"Vaginal"
"12",290,"Term","Vaginal",0,"Vaginal"
"13",346,"Preterm","Vaginal",1,"Vaginal"
"14",293,"Term","Vaginal",1,"Vaginal"
"15",347,"Preterm","Acute C-section",1,"C-section"
"16",171,"Term","Vaginal",1,"Vaginal"
"17",132,"Term","Planned C-section",1,"C-section"
"18",147,"Term","Planned C-section",1,"C-section"
"19",337,"Term","Vaginal",1,"Vaginal"
"20",141,"Term","Vaginal",1,"Vaginal"
"21",126,"Term","Planned C-section",0,"C-section"
"22",21,"Term","Vaginal",0,"Vaginal"
"23",174,"Term","Planned C-section",1,"C-section"
"24",353,"Preterm","Acute C-section",0,"C-section"
"25",582,"Preterm","Acute C-section",0,"C-section"
"26",581,"Preterm","Vaginal",0,"Vaginal"
"27",360,"Term","Vaginal",1,"Vaginal"
"28",357,"Term","Vaginal",1,"Vaginal"
"29",382,"Term","Vaginal",0,"Vaginal"
"30",477,"Term","Vaginal",0,"Vaginal"
"31",437,"Preterm","Vaginal",1,"Vaginal"
"32",495,"Preterm","Acute C-section",1,"C-section"
"33",549,"Preterm","Acute C-section",1,"C-section"
"34",570,"Preterm","Acute C-section",1,"C-section"
"35",569,"Term","Planned C-section",1,"C-section"
"36",572,"Preterm","Vaginal",1,"Vaginal"
"37",573,"Preterm","Acute C-section",0,"C-section"
"38",574,"Preterm","Planned C-section",0,"C-section"
"39",575,"Preterm","Planned C-section",0,"C-section"
"40",578,"Preterm","Acute C-section",0,"C-section"
"41",585,"Preterm","Acute C-section",1,"C-section"
"42",587,"Preterm","Acute C-section",1,"C-section"
"43",588,"Preterm","Acute C-section",1,"C-section"
"44",222,"Preterm","Vaginal",1,"Vaginal"
"45",231,"Preterm","Acute C-section",0,"C-section"
"46",232,"Preterm","Vaginal",1,"Vaginal"
"47",227,"Preterm","Acute C-section",1,"C-section"
"48",234,"Preterm","Acute C-section",1,"C-section"
"49",591,"Preterm","Acute C-section",1,"C-section"
"50",74,"Term","Vaginal",0,"Vaginal"
"51",238,"Preterm","Acute C-section",1,"C-section"
"52",607,"Preterm","Acute C-section",1,"C-section"
"53",589,"Preterm","Acute C-section",1,"C-section"
"54",606,"Term","Vaginal",0,"Vaginal"
"55",600,"Preterm","Acute C-section",1,"C-section"
"56",595,"Term","Vaginal-instrumental",0,"Vaginal"
"57",602,"Preterm","Acute C-section",0,"C-section"
"58",619,"Term","Acute C-section",0,"C-section"
"59",692,"Term","Vaginal",0,"Vaginal"
"60",711,"Term","Vaginal",0,"Vaginal"
"61",577,"Preterm","Acute C-section",1,"C-section"
"62",584,"Preterm","Vaginal",1,"Vaginal"
"63",641,"Term","Acute C-section",1,"C-section"
"64",665,"Term","Planned C-section",0,"C-section"
"65",637,"Preterm","Acute C-section",0,"C-section"
"66",638,"Preterm","Acute C-section",0,"C-section"
"67",604,"Preterm","Vaginal",0,"Vaginal"
"68",645,"Preterm","Vaginal",0,"Vaginal"
"69",683,"Term","Vaginal",1,"Vaginal"
"70",612,"Preterm","Acute C-section",1,"C-section"
"71",660,"Term","Planned C-section",1,"C-section"
"72",617,"Preterm","Vaginal",0,"Vaginal"
"73",662,"Term","Planned C-section",0,"C-section"
"74",613,"Term","Vaginal",1,"Vaginal"
"75",596,"Preterm","Acute C-section",1,"C-section"
"76",597,"Preterm","Acute C-section",1,"C-section"
"77",628,"Preterm","Acute C-section",1,"C-section"
"78",632,"Term","Vaginal",0,"Vaginal"
"79",633,"Term","Vaginal",1,"Vaginal"
"80",630,"Term","Vaginal-instrumental",1,"Vaginal"
"81",634,"Term","Vaginal",0,"Vaginal"
"82",649,"Term","Vaginal",0,"Vaginal"
"83",690,"Term","Vaginal-instrumental",1,"Vaginal"
"84",718,"Term","Vaginal-instrumental",1,"Vaginal"
"85",719,"Preterm","Vaginal",0,"Vaginal"
"86",717,"Term","Vaginal",1,"Vaginal"
"87",695,"Term","Planned C-section",1,"C-section"
"88",709,"Preterm","Acute C-section",0,"C-section"
"89",713,"Preterm","Acute C-section",0,"C-section"
"90",712,"Preterm","Acute C-section",0,"C-section"
"91",734,"Term","Vaginal",1,"Vaginal"
"92",721,"Preterm","Vaginal",0,"Vaginal"
"93",725,"Term","Vaginal",0,"Vaginal"
"94",730,"Term","Vaginal",1,"Vaginal"
"95",732,"Preterm","Acute C-section",1,"C-section"
"96",749,"Term","Vaginal",0,"Vaginal"
"97",737,"Term","Vaginal",1,"Vaginal"
"98",739,"Preterm","Acute C-section",1,"C-section"
"99",615,"Preterm","Acute C-section",0,"C-section"
"100",656,"Term","Acute C-section",0,"C-section"
"101",664,"Term","Planned C-section",1,"C-section"
"102",677,"Term","Planned C-section",1,"C-section"
"103",707,"Term","Vaginal",0,"Vaginal"
"104",663,"Term","Planned C-section",1,"C-section"
"105",699,"Term","Vaginal",1,"Vaginal"
"106",654,"Preterm","Vaginal",0,"Vaginal"
"107",703,"Preterm","Acute C-section",0,"C-section"
"108",678,"Preterm","Acute C-section",1,"C-section"
"109",675,"Preterm","Planned C-section",1,"C-section"
"110",674,"Preterm","Planned C-section",1,"C-section"
"111",680,"Preterm","Vaginal",0,"Vaginal"
"112",681,"Term","Planned C-section",0,"C-section"
"113",716,"Term","Vaginal",0,"Vaginal"
"114",651,"Preterm","Acute C-section",0,"C-section"
"115",652,"Term","Vaginal",0,"Vaginal"
"116",655,"Preterm","Acute C-section",1,"C-section"
"117",668,"Term","Planned C-section",1,"C-section"
"118",646,"Preterm","Acute C-section",0,"C-section"
"119",746,"Term","Acute C-section",0,"C-section"
"120",750,"Preterm","Vaginal",1,"Vaginal"
"121",751,"Term","Vaginal",0,"Vaginal"
"122",747,"Preterm","Acute C-section",0,"C-section"
"123",748,"Preterm","Acute C-section",0,"C-section"
"124",744,"Term","Vaginal",0,"Vaginal"
"125",756,"Term","Planned C-section",0,"C-section"
"126",720,"Term","Acute C-section",0,"C-section"
"127",754,"Preterm","Acute C-section",1,"C-section"
