"","subject","sample_id","sample_type","category","IFNG_category"
"1",253,2600100502,"Plasma","5to7m","IFNgLOW"
"2",253,2600100501,"Plasma","3m","IFNgLOW"
"3",628,3936373,"Plasma","3m","IFNgLOW"
"4",628,3964089,"Plasma","5to7m","IFNgLOW"
"5",652,3964231,"Plasma","3m","IFNgHIGH"
"6",663,3913258,"Plasma","5to7m","IFNgHIGH"
"7",663,4004166,"Plasma","3m","IFNgHIGH"
"8",665,3828240,"Plasma","3m","IFNgHIGH"
"9",665,3828803,"Plasma","5to7m","IFNgHIGH"
"10",674,4004329,"Plasma","5to7m","IFNgLOW"
"11",674,3913495,"Plasma","3m","IFNgLOW"
"12",677,3913162,"Plasma","5to7m","IFNgLOW"
"13",677,3913032,"Plasma","3m","IFNgLOW"
"14",678,4005304,"Plasma","5to7m","IFNgLOW"
"15",678,3913463,"Plasma","3m","IFNgLOW"
"16",681,3913560,"Plasma","3m","IFNgLOW"
"17",681,4005288,"Plasma","5to7m","IFNgLOW"
"18",683,3828785,"Plasma","3m","IFNgHIGH"
"19",683,3913145,"Plasma","5to7m","IFNgHIGH"
"20",716,4063918,"Plasma","3m","IFNgHIGH"
"21",716,4065717,"Plasma","5to7m","IFNgHIGH"
"22",718,4065061,"Plasma","5to7m","IFNgHIGH"
"23",718,4005639,"Plasma","3m","IFNgHIGH"
"24",734,4005559,"Plasma","3m","IFNgHIGH"
"25",734,4065364,"Plasma","5to7m","IFNgHIGH"
"26",744,4064990,"Plasma","3m","IFNgLOW"
"27",744,4065429,"Plasma","5to7m","IFNgLOW"
"28",746,4065461,"Plasma","5to7m","IFNgHIGH"
"29",746,4065022,"Plasma","3m","IFNgHIGH"
