"","subject","group","family_id","subject_type","gestational_Age","chorionicity","birth_diff","is_twin","twin_family_id","twin_subjects","non_twin_sibling","non_twin_sibling_subjects"
"1",570,"Preterm",1,"Baby",189,NA,0,FALSE,NA,NA,FALSE,NA
"15",592,"Preterm",13,"Baby",256,NA,0,FALSE,NA,NA,FALSE,NA
"20",15,"Term",17,"Baby",274,NA,0,FALSE,NA,NA,FALSE,NA
"21",593,"Preterm",18,"Baby",188,NA,0,FALSE,NA,NA,FALSE,NA
"22",18,"Term",19,"Baby",280,NA,0,FALSE,NA,NA,FALSE,NA
"23",21,"Term",20,"Baby",272,NA,0,FALSE,NA,NA,FALSE,NA
"24",23,"Term",21,"Baby",278,NA,0,FALSE,NA,NA,FALSE,NA
"25",25,"Term",22,"Baby",287,NA,0,FALSE,NA,NA,FALSE,NA
"26",28,"Term",23,"Baby",284,NA,0,FALSE,NA,NA,FALSE,NA
"27",31,"Term",24,"Baby",276,NA,0,FALSE,NA,NA,FALSE,NA
"30",39,"Term",27,"Baby",281,NA,0,FALSE,NA,NA,FALSE,NA
"31",42,"Term",28,"Baby",286,NA,0,FALSE,NA,NA,FALSE,NA
"32",45,"Term",29,"Baby",278,NA,0,FALSE,NA,NA,FALSE,NA
"34",48,"Term",31,"Baby",278,NA,0,FALSE,NA,NA,FALSE,NA
"35",51,"Term",32,"Baby",275,NA,0,FALSE,NA,NA,FALSE,NA
"36",54,"Term",33,"Baby",276,NA,0,FALSE,NA,NA,FALSE,NA
"37",58,"Term",34,"Baby",265,NA,0,FALSE,NA,NA,FALSE,NA
"38",61,"Term",35,"Baby",274,NA,0,FALSE,NA,NA,FALSE,NA
"39",65,"Term",36,"Baby",259,NA,0,FALSE,NA,NA,FALSE,NA
"40",68,"Term",37,"Baby",293,NA,0,FALSE,NA,NA,FALSE,NA
"41",71,"Term",38,"Baby",274,NA,0,FALSE,NA,NA,FALSE,NA
"42",74,"Term",39,"Baby",270,NA,0,FALSE,NA,NA,FALSE,NA
"43",77,"Term",40,"Baby",283,NA,0,FALSE,NA,NA,FALSE,NA
"44",80,"Term",41,"Baby",277,NA,0,FALSE,NA,NA,FALSE,NA
"45",81,"Term",42,"Baby",264,NA,0,FALSE,NA,NA,FALSE,NA
"46",84,"Term",43,"Baby",281,NA,0,FALSE,NA,NA,FALSE,NA
"47",85,"Term",44,"Baby",282,NA,0,FALSE,NA,NA,FALSE,NA
"48",88,"Term",45,"Baby",285,NA,0,FALSE,NA,NA,FALSE,NA
"49",93,"Term",46,"Baby",278,NA,0,FALSE,NA,NA,FALSE,NA
"50",96,"Term",47,"Baby",279,NA,0,FALSE,NA,NA,FALSE,NA
"52",101,"Term",49,"Baby",277,NA,0,FALSE,NA,NA,FALSE,NA
"53",104,"Term",50,"Baby",277,NA,0,FALSE,NA,NA,FALSE,NA
"54",107,"Term",51,"Baby",274,NA,0,FALSE,NA,NA,FALSE,NA
"55",110,"Term",52,"Baby",287,NA,0,FALSE,NA,NA,FALSE,NA
"56",113,"Term",53,"Baby",289,NA,0,FALSE,NA,NA,FALSE,NA
"57",116,"Term",54,"Baby",281,NA,0,FALSE,NA,NA,FALSE,NA
"58",119,"Term",55,"Baby",284,NA,0,FALSE,NA,NA,FALSE,NA
"59",122,"Term",56,"Baby",281,NA,0,FALSE,NA,NA,FALSE,NA
"60",126,"Term",57,"Baby",270,NA,0,FALSE,NA,NA,FALSE,NA
"61",129,"Term",58,"Baby",282,NA,0,FALSE,NA,NA,FALSE,NA
"63",569,"Term",59,"Baby",275,NA,705,FALSE,NA,NA,TRUE,"132,569"
"66",141,"Term",62,"Baby",277,NA,0,FALSE,NA,NA,FALSE,NA
"67",144,"Term",63,"Baby",290,NA,0,FALSE,NA,NA,FALSE,NA
"68",147,"Term",64,"Baby",273,NA,0,FALSE,NA,NA,FALSE,NA
"69",150,"Term",65,"Baby",277,NA,0,FALSE,NA,NA,FALSE,NA
"70",153,"Term",66,"Baby",276,NA,0,FALSE,NA,NA,FALSE,NA
"73",162,"Term",69,"Baby",278,NA,0,FALSE,NA,NA,FALSE,NA
"74",165,"Term",70,"Baby",277,NA,0,FALSE,NA,NA,FALSE,NA
"75",168,"Term",71,"Baby",283,NA,0,FALSE,NA,NA,FALSE,NA
"77",613,"Term",72,"Baby",280,NA,1170,FALSE,NA,NA,TRUE,"171,613"
"78",174,"Term",73,"Baby",272,NA,0,FALSE,NA,NA,FALSE,NA
"79",177,"Term",74,"Baby",273,NA,0,FALSE,NA,NA,FALSE,NA
"80",180,"Term",75,"Baby",277,NA,0,FALSE,NA,NA,FALSE,NA
"81",590,"Preterm",76,"Baby",256,NA,0,FALSE,NA,NA,FALSE,NA
"84",189,"Preterm",79,"Baby",206,NA,0,FALSE,NA,NA,FALSE,NA
"92",201,"Preterm",86,"Baby",196,NA,0,FALSE,NA,NA,FALSE,NA
"93",202,"Preterm",87,"Baby",179,NA,0,FALSE,NA,NA,FALSE,NA
"94",203,"Preterm",88,"Baby",181,NA,0,FALSE,NA,NA,FALSE,NA
"95",204,"Preterm",89,"Baby",190,"DC/DA",0,TRUE,89,"204,205",FALSE,NA
"96",205,"Preterm",89,"Baby",190,"DC/DA",0,TRUE,89,"204,205",FALSE,NA
"97",206,"Preterm",90,"Baby",184,NA,0,FALSE,NA,NA,FALSE,NA
"99",208,"Preterm",92,"Baby",191,NA,0,FALSE,NA,NA,FALSE,NA
"100",209,"Preterm",93,"Baby",188,NA,0,FALSE,NA,NA,FALSE,NA
"101",210,"Preterm",94,"Baby",188,NA,0,FALSE,NA,NA,FALSE,NA
"102",211,"Preterm",95,"Baby",193,NA,0,FALSE,NA,NA,FALSE,NA
"103",212,"Preterm",96,"Baby",184,"DC/DA",0,TRUE,96,"212,213,214",FALSE,NA
"104",213,"Preterm",96,"Baby",184,"DC/DA",0,TRUE,96,"212,213,214",FALSE,NA
"105",214,"Preterm",96,"Baby",184,"DC/DA",0,TRUE,96,"212,213,214",FALSE,NA
"106",215,"Preterm",97,"Baby",190,NA,0,FALSE,NA,NA,FALSE,NA
"107",216,"Preterm",98,"Baby",196,"MC",0,TRUE,98,"216,217",FALSE,NA
"108",217,"Preterm",98,"Baby",196,"MC",0,TRUE,98,"216,217",FALSE,NA
"109",218,"Preterm",99,"Baby",185,NA,0,FALSE,NA,NA,FALSE,NA
"110",219,"Preterm",100,"Baby",187,NA,0,FALSE,NA,NA,FALSE,NA
"111",220,"Preterm",101,"Baby",192,NA,0,FALSE,NA,NA,FALSE,NA
"112",221,"Preterm",102,"Baby",195,NA,0,FALSE,NA,NA,FALSE,NA
"114",223,"Preterm",104,"Baby",196,NA,0,FALSE,NA,NA,FALSE,NA
"115",224,"Preterm",105,"Baby",185,"DC/DA",0,TRUE,105,"224,225",FALSE,NA
"116",225,"Preterm",105,"Baby",185,"DC/DA",0,TRUE,105,"224,225",FALSE,NA
"117",226,"Preterm",106,"Baby",194,NA,0,FALSE,NA,NA,FALSE,NA
"118",227,"Preterm",107,"Baby",188,NA,0,FALSE,NA,NA,FALSE,NA
"121",230,"Preterm",109,"Baby",205,"MC",0,TRUE,109,"229,230",FALSE,NA
"124",233,"Preterm",112,"Baby",172,NA,0,FALSE,NA,NA,FALSE,NA
"128",237,"Preterm",115,"Baby",189,NA,0,FALSE,NA,NA,FALSE,NA
"129",238,"Preterm",116,"Baby",193,NA,0,FALSE,NA,NA,FALSE,NA
"132",241,"Preterm",118,"Baby",194,NA,0,FALSE,NA,NA,FALSE,NA
"133",242,"Preterm",119,"Baby",190,NA,0,FALSE,NA,NA,FALSE,NA
"135",244,"Preterm",121,"Baby",199,NA,0,FALSE,NA,NA,FALSE,NA
"136",245,"Preterm",122,"Baby",203,NA,0,FALSE,NA,NA,FALSE,NA
"137",246,"Preterm",123,"Baby",188,"MC",0,TRUE,123,"246,247",FALSE,NA
"138",247,"Preterm",123,"Baby",188,"MC",0,TRUE,123,"246,247",FALSE,NA
"139",248,"Preterm",124,"Baby",186,"MC",0,TRUE,124,"248,249",FALSE,NA
"140",249,"Preterm",124,"Baby",186,"MC",0,TRUE,124,"248,249",FALSE,NA
"141",250,"Preterm",125,"Baby",193,NA,0,FALSE,NA,NA,FALSE,NA
"142",251,"Preterm",126,"Baby",203,NA,0,FALSE,NA,NA,FALSE,NA
"143",252,"Preterm",127,"Baby",183,NA,0,FALSE,NA,NA,FALSE,NA
"144",253,"Preterm",128,"Baby",190,NA,0,FALSE,NA,NA,FALSE,NA
"147",256,"Preterm",131,"Baby",189,"MC",0,TRUE,131,"256,257",FALSE,NA
"148",257,"Preterm",131,"Baby",189,"MC/DA",0,TRUE,131,"256,257",FALSE,NA
"149",259,"Preterm",132,"Baby",209,NA,0,FALSE,NA,NA,FALSE,NA
"150",262,"Preterm",133,"Baby",192,NA,0,FALSE,NA,NA,FALSE,NA
"151",267,"Term",134,"Baby",275,NA,0,FALSE,NA,NA,FALSE,NA
"152",270,"Term",135,"Baby",271,NA,0,FALSE,NA,NA,FALSE,NA
"153",273,"Term",136,"Baby",276,NA,0,FALSE,NA,NA,FALSE,NA
"154",276,"Term",137,"Baby",275,NA,0,FALSE,NA,NA,FALSE,NA
"156",282,"Term",139,"Baby",289,NA,551,FALSE,NA,NA,TRUE,"282,557"
"157",557,"Term",139,"Baby",280,NA,551,FALSE,NA,NA,TRUE,"282,557"
"158",285,"Term",140,"Baby",273,NA,0,FALSE,NA,NA,FALSE,NA
"160",290,"Term",142,"Baby",291,NA,0,FALSE,NA,NA,FALSE,NA
"161",293,"Term",143,"Baby",286,NA,1041,FALSE,NA,NA,TRUE,"293,606"
"162",606,"Term",143,"Baby",290,NA,1041,FALSE,NA,NA,TRUE,"293,606"
"163",297,"Term",144,"Baby",277,NA,0,FALSE,NA,NA,FALSE,NA
"164",299,"Term",145,"Baby",295,NA,0,FALSE,NA,NA,FALSE,NA
"165",302,"Term",146,"Baby",294,NA,0,FALSE,NA,NA,FALSE,NA
"166",305,"Term",147,"Baby",281,NA,0,FALSE,NA,NA,FALSE,NA
"167",308,"Term",148,"Baby",280,NA,0,FALSE,NA,NA,FALSE,NA
"168",311,"Term",149,"Baby",282,NA,0,FALSE,NA,NA,FALSE,NA
"170",315,"Preterm",150,"Baby",170,"DC/DA",0,TRUE,150,"314,315",FALSE,NA
"171",316,"Preterm",151,"Baby",206,"MC",0,TRUE,151,"316,317",FALSE,NA
"172",317,"Preterm",151,"Baby",206,"MC",0,TRUE,151,"316,317",FALSE,NA
"175",324,"Preterm",154,"Baby",198,NA,0,FALSE,NA,NA,FALSE,NA
"177",332,"Term",156,"Baby",293,NA,0,FALSE,NA,NA,FALSE,NA
"178",334,"Term",157,"Baby",279,NA,0,FALSE,NA,NA,FALSE,NA
"179",337,"Term",158,"Baby",290,NA,0,FALSE,NA,NA,FALSE,NA
"180",340,"Term",159,"Baby",267,NA,0,FALSE,NA,NA,FALSE,NA
"181",343,"Preterm",160,"Baby",183,NA,0,FALSE,NA,NA,FALSE,NA
"183",347,"Preterm",162,"Baby",199,NA,678,FALSE,NA,NA,TRUE,"347,587"
"185",350,"Preterm",163,"Baby",203,NA,0,FALSE,NA,NA,FALSE,NA
"187",356,"Preterm",165,"Baby",208,NA,0,FALSE,NA,NA,FALSE,NA
"188",357,"Term",166,"Baby",273,NA,0,FALSE,NA,NA,FALSE,NA
"190",363,"Term",168,"Baby",270,NA,0,FALSE,NA,NA,FALSE,NA
"191",366,"Term",169,"Baby",260,"MC",0,TRUE,169,"366,367",FALSE,NA
"192",367,"Term",169,"Baby",260,"MC",0,TRUE,169,"366,367",FALSE,NA
"196",376,"Preterm",173,"Baby",197,NA,0,FALSE,NA,NA,FALSE,NA
"197",379,"Preterm",174,"Baby",208,NA,0,FALSE,NA,NA,FALSE,NA
"198",382,"Term",175,"Baby",285,NA,0,FALSE,NA,NA,FALSE,NA
"199",386,"Preterm",176,"Baby",189,NA,0,FALSE,NA,NA,FALSE,NA
"200",437,"Preterm",177,"Baby",204,NA,0,FALSE,NA,NA,FALSE,NA
"202",477,"Term",179,"Baby",286,NA,0,FALSE,NA,NA,FALSE,NA
"203",478,"Preterm",180,"Baby",245,"DC/DA",1,TRUE,180,"478,594",FALSE,NA
"204",594,"Preterm",180,"Baby",244,"DC/DA",1,TRUE,180,"478,594",FALSE,NA
"206",480,"Term",182,"Baby",268,NA,0,FALSE,NA,NA,FALSE,NA
"208",488,"Term",184,"Baby",270,NA,0,FALSE,NA,NA,FALSE,NA
"210",492,"Term",186,"Baby",278,NA,0,FALSE,NA,NA,FALSE,NA
"218",508,"Preterm",194,"Baby",182,NA,0,FALSE,NA,NA,FALSE,NA
"222",522,"Term",198,"Baby",286,NA,0,FALSE,NA,NA,FALSE,NA
"225",529,"Preterm",201,"Baby",204,"DC/DA",0,TRUE,201,"529,530,531",FALSE,NA
"226",530,"Preterm",201,"Baby",204,"DC/DA",0,TRUE,201,"529,530,531",FALSE,NA
"227",531,"Preterm",201,"Baby",204,"DC/DA",0,TRUE,201,"529,530,531",FALSE,NA
"228",532,"Term",202,"Baby",265,NA,0,FALSE,NA,NA,FALSE,NA
"229",533,"Term",203,"Baby",280,NA,0,FALSE,NA,NA,FALSE,NA
"230",534,"Term",204,"Baby",284,NA,0,FALSE,NA,NA,FALSE,NA
"231",537,"Term",205,"Baby",292,NA,0,FALSE,NA,NA,FALSE,NA
"232",542,"Preterm",206,"Baby",182,NA,0,FALSE,NA,NA,FALSE,NA
"233",545,"Preterm",207,"Baby",209,NA,0,FALSE,NA,NA,FALSE,NA
"235",549,"Preterm",209,"Baby",198,NA,0,FALSE,NA,NA,FALSE,NA
"236",550,"Preterm",210,"Baby",208,"DC/DA",0,TRUE,210,"550,551",FALSE,NA
"243",564,"Term",216,"Baby",288,NA,0,FALSE,NA,NA,FALSE,NA
"244",565,"Preterm",217,"Baby",190,NA,0,FALSE,NA,NA,FALSE,NA
"246",595,"Term",220,"Baby",286,NA,0,FALSE,NA,NA,FALSE,NA
"253",602,"Preterm",226,"Baby",187,NA,0,FALSE,NA,NA,FALSE,NA
"256",607,"Preterm",229,"Baby",199,NA,0,FALSE,NA,NA,FALSE,NA
"260",612,"Preterm",233,"Baby",188,NA,0,FALSE,NA,NA,FALSE,NA
"266",619,"Term",239,"Baby",261,NA,0,FALSE,NA,NA,FALSE,NA
"271",624,"Term",244,"Baby",287,NA,0,FALSE,NA,NA,FALSE,NA
"275",628,"Preterm",247,"Baby",227,NA,0,FALSE,NA,NA,FALSE,NA
"279",632,"Term",251,"Baby",267,"DC/DA",0,TRUE,251,"632,633",FALSE,NA
"280",633,"Term",251,"Baby",267,"DC/DA",0,TRUE,251,"632,633",FALSE,NA
"281",634,"Term",252,"Baby",292,NA,0,FALSE,NA,NA,FALSE,NA
"284",637,"Preterm",255,"Baby",204,"MC",0,TRUE,255,"637,638",FALSE,NA
"285",638,"Preterm",255,"Baby",204,"MC",0,TRUE,255,"637,638",FALSE,NA
"292",645,"Preterm",262,"Baby",199,NA,0,FALSE,NA,NA,FALSE,NA
"294",647,"Term",264,"Baby",270,NA,0,FALSE,NA,NA,FALSE,NA
"295",648,"Term",265,"Baby",271,NA,0,FALSE,NA,NA,FALSE,NA
"296",649,"Term",266,"Baby",283,NA,0,FALSE,NA,NA,FALSE,NA
"299",652,"Term",269,"Baby",279,NA,0,FALSE,NA,NA,FALSE,NA
"300",653,"Term",270,"Baby",281,NA,0,FALSE,NA,NA,FALSE,NA
"301",654,"Preterm",271,"Baby",195,NA,0,FALSE,NA,NA,FALSE,NA
"302",655,"Preterm",272,"Baby",209,"DC/DA",0,TRUE,272,"655,656",FALSE,NA
"303",656,"Term",272,"Baby",209,"DC/DA",0,TRUE,272,"655,656",FALSE,NA
"309",662,"Term",278,"Baby",270,NA,0,FALSE,NA,NA,FALSE,NA
"310",663,"Term",279,"Baby",274,NA,0,FALSE,NA,NA,FALSE,NA
"311",664,"Term",280,"Baby",274,NA,0,FALSE,NA,NA,FALSE,NA
"312",665,"Term",281,"Baby",289,NA,0,FALSE,NA,NA,FALSE,NA
"315",668,"Term",284,"Baby",278,NA,0,FALSE,NA,NA,FALSE,NA
"317",670,"Preterm",286,"Baby",237,NA,0,FALSE,NA,NA,FALSE,NA
"321",674,"Preterm",290,"Baby",234,"MC",0,TRUE,290,"674,675",FALSE,NA
"322",675,"Preterm",290,"Baby",234,"MC",0,TRUE,290,"674,675",FALSE,NA
"324",677,"Term",292,"Baby",259,NA,0,FALSE,NA,NA,FALSE,NA
"325",678,"Preterm",293,"Baby",208,NA,0,FALSE,NA,NA,FALSE,NA
"326",679,"Preterm",294,"Baby",203,NA,0,FALSE,NA,NA,FALSE,NA
"327",680,"Preterm",295,"Baby",222,NA,0,FALSE,NA,NA,FALSE,NA
"328",681,"Term",296,"Baby",273,NA,0,FALSE,NA,NA,FALSE,NA
"330",683,"Term",298,"Baby",286,NA,0,FALSE,NA,NA,FALSE,NA
"331",684,"Term",299,"Baby",279,NA,0,FALSE,NA,NA,FALSE,NA
"332",685,"Term",300,"Baby",273,NA,0,FALSE,NA,NA,FALSE,NA
"336",690,"Term",305,"Baby",280,NA,0,FALSE,NA,NA,FALSE,NA
"355",709,"Preterm",322,"Baby",244,NA,0,FALSE,NA,NA,FALSE,NA
"362",716,"Term",328,"Baby",281,NA,0,FALSE,NA,NA,FALSE,NA
