"","subject","IFNG_category","log2FC","cb_missing","CB_value","datatype","group","gestational_Age","mode_delivery","sex"
"1",15,"IFNgHIGH",9.415,NA,4.58422,"OLINK","Term",274,"Vaginal",1
"2",18,"IFNgHIGH",9.39157,NA,5.09448,"OLINK","Term",280,"Vaginal",1
"3",21,"IFNgLOW",0,NA,0.29623,"OLINK","Term",272,"Vaginal",0
"4",23,"IFNgLOW",0,NA,0.29623,"OLINK","Term",278,"Vaginal",0
"5",25,"IFNgLOW",0,NA,0.29623,"OLINK","Term",287,"Vaginal",0
"6",28,"IFNgHIGH",2.48608,TRUE,5.85494,"OLINK","Term",284,"Vaginal",0
"7",31,"IFNgLOW",1.88973,NA,0.29623,"OLINK","Term",276,"C-section",0
"8",39,"IFNgLOW",0.02405,NA,0.29623,"OLINK","Term",281,"C-section",0
"9",42,"IFNgLOW",0,NA,0.29623,"OLINK","Term",286,"Vaginal",1
"10",45,"IFNgLOW",0,NA,0.29623,"OLINK","Term",278,"C-section",0
"11",48,"IFNgLOW",-4.05469,NA,6.80471,"OLINK","Term",278,"C-section",1
"12",51,"IFNgLOW",-1.64158,TRUE,5.85494,"OLINK","Term",275,"Vaginal",1
"13",54,"IFNgLOW",0,NA,1.07708,"OLINK","Term",276,"Vaginal",0
"14",58,"IFNgLOW",0,NA,1.07708,"OLINK","Term",265,"C-section",1
"15",61,"IFNgLOW",0,NA,1.07708,"OLINK","Term",274,"Vaginal",1
"16",65,"IFNgLOW",0,NA,0.29623,"OLINK","Term",259,"Vaginal",1
"17",68,"IFNgLOW",-3.82486,NA,4.90194,"OLINK","Term",293,"Vaginal",0
"18",71,"IFNgLOW",0.68397,NA,0.99412,"OLINK","Term",274,"Vaginal",1
"19",74,"IFNgLOW",0,NA,0.99412,"OLINK","Term",270,"Vaginal",0
"20",77,"IFNgLOW",0,NA,0.99412,"OLINK","Term",283,"Vaginal",0
"21",80,"IFNgHIGH",3.71468,NA,6.27023,"OLINK","Term",277,"C-section",1
"22",81,"IFNgLOW",1.92005,NA,0.99412,"OLINK","Term",264,"Vaginal",1
"23",84,"IFNgLOW",1.53496,NA,0.99412,"OLINK","Term",281,"Vaginal",1
"24",85,"IFNgLOW",1.10664,NA,0.99412,"OLINK","Term",282,"Vaginal",1
"25",88,"IFNgLOW",-4.94412,TRUE,5.85494,"OLINK","Term",285,"Vaginal",0
"26",93,"IFNgLOW",-4.94412,TRUE,5.85494,"OLINK","Term",278,"Vaginal",0
"27",96,"IFNgLOW",-1.20921,TRUE,5.85494,"OLINK","Term",279,"Vaginal",1
"28",101,"IFNgLOW",-3.70029,TRUE,5.85494,"OLINK","Term",277,"Vaginal",1
"29",104,"IFNgLOW",-2.22409,TRUE,5.85494,"OLINK","Term",277,"Vaginal",1
"30",107,"IFNgLOW",-4.94412,TRUE,5.85494,"OLINK","Term",274,"Vaginal",1
"31",110,"IFNgLOW",-4.94412,TRUE,5.85494,"OLINK","Term",287,"Vaginal",1
"32",113,"IFNgLOW",-1.24631,TRUE,5.85494,"OLINK","Term",289,"Vaginal",0
"33",116,"IFNgLOW",0,NA,0.99412,"OLINK","Term",281,"Vaginal",1
"34",119,"IFNgLOW",0,NA,0.99412,"OLINK","Term",284,"Vaginal",1
"35",122,"IFNgLOW",0,NA,0.99412,"OLINK","Term",281,"Vaginal",0
"36",126,"IFNgHIGH",2.56023,NA,0.29623,"OLINK","Term",270,"C-section",0
"37",129,"IFNgHIGH",6.26417,NA,5.65468,"OLINK","Term",282,"Vaginal",1
"38",141,"IFNgLOW",1.52905,NA,0.29623,"OLINK","Term",277,"Vaginal",1
"39",144,"IFNgLOW",0.22332,NA,0.29623,"OLINK","Term",290,"Vaginal",0
"40",147,"IFNgLOW",1.04091,NA,0.29623,"OLINK","Term",273,"C-section",1
"41",150,"IFNgHIGH",5.32541,NA,6.52902,"OLINK","Term",277,"C-section",1
"42",153,"IFNgLOW",1.28827,NA,0.29623,"OLINK","Term",276,"C-section",0
"43",162,"IFNgLOW",0.2445,NA,0.29623,"OLINK","Term",278,"C-section",0
"44",165,"IFNgHIGH",7.03762,NA,6.88795,"OLINK","Term",277,"Vaginal",0
"45",168,"IFNgHIGH",8.77614,NA,6.0144,"OLINK","Term",283,"Vaginal",0
"46",174,"IFNgHIGH",7.52288,NA,6.21732,"OLINK","Term",272,"C-section",1
"47",177,"IFNgHIGH",7.80755,NA,6.63005,"OLINK","Term",273,"C-section",1
"48",180,"IFNgLOW",0,NA,0.29623,"OLINK","Term",277,"C-section",0
"49",189,"IFNgLOW",-0.28745,TRUE,5.85494,"OLINK","Preterm",206,"C-section",1
"50",201,"IFNgLOW",-0.73359,TRUE,5.85494,"OLINK","Preterm",196,"C-section",1
"51",202,"IFNgLOW",-4.94412,TRUE,5.85494,"OLINK","Preterm",179,"Vaginal",0
"52",203,"IFNgLOW",-4.94412,TRUE,5.85494,"OLINK","Preterm",181,"C-section",0
"53",204,"IFNgLOW",-4.94412,TRUE,5.85494,"OLINK","Preterm",190,"C-section",1
"54",205,"IFNgLOW",-4.94412,TRUE,5.85494,"OLINK","Preterm",190,"C-section",0
"55",206,"IFNgLOW",-4.94412,TRUE,5.85494,"OLINK","Preterm",184,"Vaginal",1
"56",208,"IFNgLOW",-4.25868,TRUE,5.85494,"OLINK","Preterm",191,"Vaginal",0
"57",209,"IFNgLOW",-4.94412,TRUE,5.85494,"OLINK","Preterm",188,"Vaginal",1
"58",210,"IFNgLOW",-4.94412,TRUE,5.85494,"OLINK","Preterm",188,"C-section",1
"59",211,"IFNgLOW",-4.94412,TRUE,5.85494,"OLINK","Preterm",193,"C-section",0
"60",212,"IFNgLOW",-4.94412,TRUE,5.85494,"OLINK","Preterm",184,"C-section",0
"61",213,"IFNgLOW",-4.94412,TRUE,5.85494,"OLINK","Preterm",184,"C-section",0
"62",214,"IFNgLOW",-4.94412,TRUE,5.85494,"OLINK","Preterm",184,"C-section",1
"63",215,"IFNgLOW",-4.94412,TRUE,5.85494,"OLINK","Preterm",190,"C-section",0
"64",216,"IFNgLOW",-4.94412,TRUE,5.85494,"OLINK","Preterm",196,"C-section",1
"65",217,"IFNgLOW",-4.94412,TRUE,5.85494,"OLINK","Preterm",196,"C-section",1
"66",218,"IFNgLOW",-4.94412,TRUE,5.85494,"OLINK","Preterm",185,"Vaginal",0
"67",219,"IFNgLOW",-4.94412,TRUE,5.85494,"OLINK","Preterm",187,"C-section",0
"68",220,"IFNgLOW",-4.94412,TRUE,5.85494,"OLINK","Preterm",192,"C-section",0
"69",221,"IFNgLOW",-4.94412,TRUE,5.85494,"OLINK","Preterm",195,"C-section",0
"70",223,"IFNgLOW",-4.94412,TRUE,5.85494,"OLINK","Preterm",196,"C-section",0
"71",224,"IFNgLOW",-4.94412,TRUE,5.85494,"OLINK","Preterm",185,"C-section",1
"72",225,"IFNgLOW",-4.94412,TRUE,5.85494,"OLINK","Preterm",185,"C-section",1
"73",226,"IFNgLOW",-3.95899,TRUE,5.85494,"OLINK","Preterm",194,"C-section",1
"74",227,"IFNgLOW",-4.86082,TRUE,5.85494,"OLINK","Preterm",188,"C-section",1
"75",230,"IFNgLOW",-4.86082,TRUE,5.85494,"OLINK","Preterm",205,"C-section",0
"76",233,"IFNgLOW",-5.33791,NA,6.33203,"OLINK","Preterm",172,"Vaginal",0
"77",237,"IFNgLOW",0,NA,1.07708,"OLINK","Preterm",189,"Vaginal",1
"78",238,"IFNgLOW",0,NA,1.07708,"OLINK","Preterm",193,"C-section",1
"79",241,"IFNgLOW",0,NA,1.07708,"OLINK","Preterm",194,"Vaginal",1
"80",242,"IFNgLOW",0,NA,1.07708,"OLINK","Preterm",190,"C-section",1
"81",244,"IFNgLOW",-1.64158,TRUE,5.85494,"OLINK","Preterm",199,"C-section",0
"82",245,"IFNgLOW",-1.64158,TRUE,5.85494,"OLINK","Preterm",203,"C-section",1
"83",246,"IFNgLOW",-1.64158,TRUE,5.85494,"OLINK","Preterm",188,"C-section",1
"84",247,"IFNgLOW",-1.64158,TRUE,5.85494,"OLINK","Preterm",188,"C-section",1
"85",248,"IFNgLOW",-1.64158,TRUE,5.85494,"OLINK","Preterm",186,"C-section",1
"86",249,"IFNgLOW",-1.37955,TRUE,5.85494,"OLINK","Preterm",186,"C-section",1
"87",250,"IFNgLOW",-2.37578,NA,6.616,"OLINK","Preterm",193,"Vaginal",0
"88",251,"IFNgLOW",-1.60993,NA,7.86509,"OLINK","Preterm",203,"Vaginal",1
"89",252,"IFNgLOW",-1.1058,TRUE,5.85494,"OLINK","Preterm",183,"C-section",0
"90",253,"IFNgLOW",-2.62631,NA,6.83967,"OLINK","Preterm",190,"Vaginal",0
"91",256,"IFNgHIGH",5.26857,NA,4.92839,"OLINK","Preterm",189,"Vaginal",0
"92",257,"IFNgLOW",1.75025,NA,5.02782,"OLINK","Preterm",189,"Vaginal",0
"93",259,"IFNgLOW",0.14123,NA,5.87465,"OLINK","Preterm",209,"C-section",0
"94",262,"IFNgLOW",-1.49988,NA,7.1321,"OLINK","Preterm",192,"C-section",0
"95",267,"IFNgLOW",0,NA,0.29623,"OLINK","Term",275,"C-section",0
"96",270,"IFNgHIGH",6.70093,NA,6.283,"OLINK","Term",271,"C-section",0
"97",273,"IFNgLOW",-2.37993,NA,6.59329,"OLINK","Term",276,"C-section",1
"98",276,"IFNgHIGH",6.91954,NA,5.4192,"OLINK","Term",275,"C-section",1
"99",282,"IFNgHIGH",2.60111,NA,0.29623,"OLINK","Term",289,"Vaginal",1
"100",285,"IFNgHIGH",13.4712,NA,0.29623,"OLINK","Term",273,"Vaginal",0
"101",290,"IFNgHIGH",6.45241,NA,5.98529,"OLINK","Term",291,"Vaginal",0
"102",293,"IFNgLOW",1.159585,NA,5.71939,"OLINK","Term",286,"Vaginal",1
"103",297,"IFNgHIGH",6.29577,NA,5.93335,"OLINK","Term",277,"Vaginal",1
"104",299,"IFNgHIGH",9.0916,NA,5.30534,"OLINK","Term",295,"Vaginal",1
"105",302,"IFNgHIGH",7.10734,NA,6.15422,"OLINK","Term",294,"Vaginal",1
"106",305,"IFNgHIGH",3.04532,NA,4.83368,"OLINK","Term",281,"Vaginal",1
"107",308,"IFNgHIGH",3.78292,NA,6.43143,"OLINK","Term",280,"Vaginal",1
"108",311,"IFNgHIGH",6.56517,NA,6.43528,"OLINK","Term",282,"Vaginal",0
"109",315,"IFNgLOW",-1.64158,TRUE,5.85494,"OLINK","Preterm",170,"C-section",1
"110",316,"IFNgLOW",-2.53194,NA,6.7453,"OLINK","Preterm",206,"C-section",1
"111",317,"IFNgLOW",-1.64158,TRUE,5.85494,"OLINK","Preterm",206,"C-section",1
"112",324,"IFNgLOW",2.11951,NA,4.26405,"OLINK","Preterm",198,"Vaginal",1
"113",332,"IFNgHIGH",8.46979,NA,4.82975,"OLINK","Term",293,"Vaginal",0
"114",334,"IFNgLOW",2.02514,NA,4.74324,"OLINK","Term",279,"Vaginal",0
"115",337,"IFNgLOW",0,NA,0.29623,"OLINK","Term",290,"Vaginal",1
"116",340,"IFNgHIGH",5.30131,NA,6.58622,"OLINK","Term",267,"Vaginal",0
"117",343,"IFNgLOW",1.32226,TRUE,5.85494,"OLINK","Preterm",183,"Vaginal",0
"118",347,"IFNgLOW",-2.95404,NA,8.77994,"OLINK","Preterm",199,"C-section",1
"119",350,"IFNgLOW",1.31041,TRUE,5.85494,"OLINK","Preterm",203,"C-section",1
"120",356,"IFNgLOW",0.757555,NA,5.8259,"OLINK","Preterm",208,"C-section",1
"121",357,"IFNgHIGH",3.691625,NA,6.070325,"OLINK","Term",273,"Vaginal",1
"122",363,"IFNgLOW",-2.180375,NA,8.15177,"OLINK","Term",270,"Vaginal",1
"123",366,"IFNgHIGH",7.622885,NA,5.384245,"OLINK","Term",260,"Vaginal",1
"124",367,"IFNgHIGH",7.111155,NA,5.452195,"OLINK","Term",260,"Vaginal",1
"125",376,"IFNgLOW",-1.443115,TRUE,5.85494,"OLINK","Preterm",197,"C-section",0
"126",379,"IFNgHIGH",2.347715,TRUE,5.85494,"OLINK","Preterm",208,"C-section",0
"127",382,"IFNgHIGH",6.56303,NA,5.8259,"OLINK","Term",285,"Vaginal",0
"128",386,"IFNgHIGH",2.52677,TRUE,5.85494,"OLINK","Preterm",189,"C-section",0
"129",437,"IFNgLOW",-0.14733,NA,7.616295,"OLINK","Preterm",204,"Vaginal",1
"130",477,"IFNgLOW",0.384679999999999,NA,8.19311,"OLINK","Term",286,"Vaginal",0
"131",478,"IFNgHIGH",4.163035,TRUE,5.85494,"OLINK","Preterm",245,"Vaginal",1
"132",480,"IFNgHIGH",7.332325,NA,5.698715,"OLINK","Term",268,"Vaginal",0
"133",488,"IFNgLOW",2.36429,TRUE,5.85494,"OLINK","Term",270,"Vaginal",0
"134",492,"IFNgHIGH",3.663835,NA,7.85455,"OLINK","Term",278,"Vaginal",1
"135",508,"IFNgLOW",-1.780045,NA,8.371185,"OLINK","Preterm",182,"C-section",0
"136",522,"IFNgHIGH",6.53466,NA,5.912255,"OLINK","Term",286,"Vaginal",0
"137",529,"IFNgLOW",-1.161255,TRUE,5.85494,"OLINK","Preterm",204,"C-section",0
"138",530,"IFNgLOW",1.21938,TRUE,5.85494,"OLINK","Preterm",204,"C-section",0
"139",531,"IFNgHIGH",6.226945,TRUE,5.85494,"OLINK","Preterm",204,"C-section",0
"140",532,"IFNgHIGH",7.131085,NA,5.986615,"OLINK","Term",265,"Vaginal",0
"141",533,"IFNgHIGH",5.44194,NA,7.17803,"OLINK","Term",280,"Vaginal",0
"142",534,"IFNgHIGH",4.872935,NA,6.194585,"OLINK","Term",284,"Vaginal",1
"143",537,"IFNgHIGH",2.897825,NA,7.07855,"OLINK","Term",292,"Vaginal",0
"144",542,"IFNgLOW",-2.848545,NA,9.67258,"OLINK","Preterm",182,"C-section",0
"145",545,"IFNgLOW",-0.905745000000001,NA,9.07806,"OLINK","Preterm",209,"C-section",0
"146",549,"IFNgLOW",0.302455,TRUE,5.85494,"OLINK","Preterm",198,"C-section",1
"147",550,"IFNgHIGH",2.69652,NA,7.19768,"OLINK","Preterm",208,"C-section",1
"148",557,"IFNgLOW",0.208630000000001,NA,8.60934,"OLINK","Term",280,"Vaginal",1
"149",564,"IFNgHIGH",5.682225,NA,5.943115,"OLINK","Term",288,"Vaginal",0
"150",565,"IFNgLOW",-2.99552,NA,9.23009,"OLINK","Preterm",190,"Vaginal",1
"151",569,"IFNgHIGH",7.89185,NA,7.24494,"OLINK","Term",275,"C-section",1
"152",570,"IFNgLOW",1.00756,NA,6.39185,"OLINK","Preterm",189,"C-section",1
"153",590,"IFNgHIGH",4.94299,TRUE,5.85494,"OLINK","Preterm",256,"C-section",1
"154",592,"IFNgLOW",-0.471305,NA,8.3591,"OLINK","Preterm",256,"Vaginal",1
"155",593,"IFNgLOW",1.704635,NA,5.241865,"OLINK","Preterm",188,"C-section",0
"156",594,"IFNgHIGH",6.95515,TRUE,5.85494,"OLINK","Preterm",244,"Vaginal",0
"157",595,"IFNgHIGH",4.83351,TRUE,5.85494,"OLINK","Term",286,"Vaginal",0
"158",602,"IFNgLOW",0.88028,TRUE,5.85494,"OLINK","Preterm",187,"C-section",0
"159",606,"IFNgHIGH",5.99912,TRUE,5.85494,"OLINK","Term",290,"Vaginal",0
"160",607,"IFNgLOW",-1.75666,NA,11.89431,"OLINK","Preterm",199,"C-section",1
"161",612,"IFNgLOW",1.46074,NA,5.27917,"OLINK","Preterm",188,"C-section",1
"162",613,"IFNgHIGH",3.16514,NA,6.44289,"OLINK","Term",280,"Vaginal",1
"163",619,"IFNgHIGH",5.65788,NA,5.72798,"OLINK","Term",261,"C-section",0
"164",624,"IFNgHIGH",7.94967,NA,5.07217,"OLINK","Term",287,"Vaginal",0
"165",628,"IFNgLOW",-0.952229999999999,NA,6.18392,"OLINK","Preterm",227,"C-section",1
"166",632,"IFNgLOW",1.79314,NA,6.02911,"OLINK","Term",267,"Vaginal",0
"167",633,"IFNgLOW",1.30132,NA,6.17183,"OLINK","Term",267,"Vaginal",1
"168",634,"IFNgHIGH",8.56986,NA,5.9227,"OLINK","Term",292,"Vaginal",0
"169",637,"IFNgLOW",1.40803,NA,4.40277,"OLINK","Preterm",204,"C-section",0
"170",638,"IFNgLOW",0.61169,NA,4.92319,"OLINK","Preterm",204,"C-section",0
"171",641,"IFNgLOW",2.13,NA,10.79,"NULISA","Term",286,"C-section",1
"172",645,"IFNgHIGH",2.34027,NA,5.49536,"OLINK","Preterm",199,"Vaginal",0
"173",647,"IFNgHIGH",3.90167,NA,6.42408,"OLINK","Term",270,"Vaginal",0
"174",648,"IFNgLOW",0.869870000000001,NA,5.98797,"OLINK","Term",271,"C-section",1
"175",649,"IFNgHIGH",5.78179,NA,5.60983,"OLINK","Term",283,"Vaginal",0
"176",652,"IFNgHIGH",3.48402,NA,4.68084,"OLINK","Term",279,"Vaginal",0
"177",653,"IFNgHIGH",9.44547,NA,5.64228,"OLINK","Term",281,"Vaginal",0
"178",654,"IFNgLOW",-4.04312,NA,11.15526,"OLINK","Preterm",195,"Vaginal",0
"179",655,"IFNgHIGH",8.36543,NA,7.90493,"OLINK","Preterm",209,"C-section",1
"180",656,"IFNgLOW",-1.52687,NA,7.13083,"OLINK","Term",209,"C-section",0
"181",662,"IFNgLOW",0.838089999999999,NA,6.46004,"OLINK","Term",270,"C-section",0
"182",663,"IFNgHIGH",8.55487,NA,6.10689,"OLINK","Term",274,"C-section",1
"183",664,"IFNgLOW",0.80101,NA,7.48719,"OLINK","Term",274,"C-section",1
"184",665,"IFNgHIGH",7.78563,NA,6.6837,"OLINK","Term",289,"C-section",0
"185",668,"IFNgHIGH",6.82459,NA,6.66451,"OLINK","Term",278,"C-section",1
"186",670,"IFNgHIGH",2.93614,NA,4.29866,"OLINK","Preterm",237,"Vaginal",0
"187",674,"IFNgLOW",-0.7958,NA,7.89232,"OLINK","Preterm",234,"C-section",1
"188",675,"IFNgLOW",0.40837,TRUE,5.85494,"OLINK","Preterm",234,"C-section",1
"189",677,"IFNgLOW",0.569269999999999,NA,6.65122,"OLINK","Term",259,"C-section",1
"190",678,"IFNgLOW",1.361515,NA,6.153795,"OLINK","Preterm",208,"C-section",1
"191",679,"IFNgHIGH",3.33571,TRUE,5.85494,"OLINK","Preterm",203,"C-section",0
"192",680,"IFNgLOW",-3.53822,NA,9.60989,"OLINK","Preterm",222,"Vaginal",0
"193",681,"IFNgLOW",1.98426,NA,7.02231,"OLINK","Term",273,"C-section",0
"194",683,"IFNgHIGH",5.27345,NA,5.98917,"OLINK","Term",286,"Vaginal",1
"195",684,"IFNgHIGH",6.67618,NA,6.65798,"OLINK","Term",279,"Vaginal",1
"196",685,"IFNgHIGH",8.413765,NA,6.889545,"OLINK","Term",273,"C-section",0
"197",690,"IFNgLOW",1.19134,NA,5.41485,"OLINK","Term",280,"Vaginal",1
"198",692,"IFNgHIGH",8.36,NA,9.75,"NULISA","Term",290,"Vaginal",0
"199",695,"IFNgLOW",4.03,NA,12.01,"NULISA","Term",274,"C-section",1
"200",699,"IFNgLOW",4.45,NA,10.55,"NULISA","Term",276,"Vaginal",1
"201",709,"IFNgLOW",1.12399,NA,7.32455,"OLINK","Preterm",244,"C-section",0
"202",716,"IFNgHIGH",7.406865,TRUE,5.85494,"OLINK","Term",281,"Vaginal",0
"203",718,"IFNgHIGH",8.53,NA,10.87,"NULISA","Term",278,"Vaginal",1
"204",725,"IFNgHIGH",10.13,NA,9.28,"NULISA","Term",277,"Vaginal",0
"205",730,"IFNgLOW",2.94,TRUE,11.05,"NULISA","Term",286,"Vaginal",1
"206",734,"IFNgHIGH",5.67,NA,11.87,"NULISA","Term",277,"Vaginal",1
"207",737,"IFNgLOW",0.18,TRUE,11.05,"NULISA","Term",286,"Vaginal",1
"208",744,"IFNgLOW",2.73,NA,11.59,"NULISA","Term",290,"Vaginal",0
"209",746,"IFNgHIGH",4.75,NA,11.05,"NULISA","Term",294,"C-section",0
"210",749,"IFNgLOW",2.52,NA,11.04,"NULISA","Term",271,"Vaginal",0
"211",756,"IFNgHIGH",5.62,NA,11.33,"NULISA","Term",272,"C-section",0
"212",762,"IFNgLOW",3.69,NA,12.02,"NULISA","Term",277,"Vaginal",1
"213",773,"IFNgHIGH",8.11,NA,9.88,"NULISA","Term",284,"Vaginal",0
"214",776,"IFNgHIGH",5.06,NA,11.52,"NULISA","Term",281,"Vaginal",1
"215",779,"IFNgLOW",2.01,TRUE,11.05,"NULISA","Term",285,"Vaginal",0
"216",781,"IFNgHIGH",3.0383,NA,-2.2865,"OLINK_FUNCTIONAL","Term",269,"C-section",1
"217",782,"IFNgHIGH",4.83,NA,10.23,"NULISA","Term",280,"Vaginal",1
"218",786,"IFNgHIGH",9.81,NA,8.77,"NULISA","Term",281,"C-section",0
"219",787,"IFNgHIGH",7.4,NA,10.3,"NULISA","Term",288,"Vaginal",0
"220",789,"IFNgHIGH",7.06,NA,12.29,"NULISA","Term",281,"Vaginal",0
"221",790,"IFNgHIGH",5.35,NA,9.33,"NULISA","Term",290,"C-section",0
"222",791,"IFNgHIGH",4.99,NA,12.62,"NULISA","Term",283,"C-section",1
"223",793,"IFNgLOW",1.85,NA,10.26,"NULISA","Term",289,"Vaginal",0
"224",796,"IFNgHIGH",6.24,NA,10.84,"NULISA","Term",282,"Vaginal",0
"225",800,"IFNgLOW",1.39,NA,13.11,"NULISA","Term",275,"Vaginal",1
"226",801,"IFNgHIGH",7.66,NA,11.61,"NULISA","Term",270,"Vaginal",1
"227",805,"IFNgLOW",3.9,NA,11.71,"NULISA","Term",284,"Vaginal",1
"228",806,"IFNgLOW",-0.18,NA,15.68,"NULISA","Term",288,"Vaginal",1
"229",807,"IFNgLOW",0.4493,NA,-2.4627,"OLINK_FUNCTIONAL","Term",272,"C-section",0
"230",810,"IFNgLOW",1.2069,NA,-0.2493,"OLINK_FUNCTIONAL","Term",275,"C-section",1
"231",811,"IFNgHIGH",5.43,NA,11.71,"NULISA","Term",262,"C-section",0
"232",818,"IFNgLOW",1.98,NA,11.42,"NULISA","Term",291,"Vaginal",0
"233",819,"IFNgLOW",1.3957,NA,-1.8348,"OLINK_FUNCTIONAL","Term",270,"C-section",1
"234",820,"IFNgLOW",-6.3138,NA,-2.4607,"OLINK_FUNCTIONAL","Term",272,"C-section",0
"235",822,"IFNgLOW",4.5,NA,9.65,"NULISA","Term",286,"Vaginal",0
"236",823,"IFNgLOW",3.92,NA,11.11,"NULISA","Term",279,"Vaginal",0
"237",831,"IFNgHIGH",6.98,NA,11.68,"NULISA","Term",282,"Vaginal",0
"238",836,"IFNgLOW",3.35,NA,10.72,"NULISA","Term",290,"Vaginal",0
"239",844,"IFNgHIGH",7.53,NA,11.2,"NULISA","Term",275,"C-section",0
"240",847,"IFNgLOW",3.78,NA,11.38,"NULISA","Term",260,"Vaginal",1
"241",851,"IFNgHIGH",5.0468385219574,NA,-0.90494371638298,"OLINK_FUNCTIONAL","Term",274,"C-section",0
"242",853,"IFNgHIGH",4.28485929965973,NA,-2.02657271609306,"OLINK_FUNCTIONAL","Term",273,"C-section",0
"243",855,"IFNgHIGH",9.41969799995422,NA,-7.13509656176567,"OLINK_FUNCTIONAL","Term",270,"C-section",1
"244",857,"IFNgHIGH",7.14745283126831,NA,-1.90821219668388,"OLINK_FUNCTIONAL","Term",273,"C-section",0
"245",859,"IFNgHIGH",4.82072019577026,NA,-1.08834887728691,"OLINK_FUNCTIONAL","Term",279,"C-section",1
"246",860,"IFNgLOW",1.51,NA,10.7,"NULISA","Term",278,"C-section",0
"247",874,"IFNgLOW",1.69142591953278,NA,-2.03281284556389,"OLINK_FUNCTIONAL","Term",288,"Vaginal",1
"248",875,"IFNgLOW",1.09493374824524,NA,-1.05496979937553,"OLINK_FUNCTIONAL","Term",278,"Vaginal",1
