"","subject","First_nutrition_type","IFNG_category","log2FC","CB_value","datatype","group","gestational_Age","mode_delivery","sex"
"1",15,"MOM","IFNgHIGH",9.415,4.58422,"OLINK","Term",274,"Vaginal",1
"2",18,"MOM","IFNgHIGH",9.39157,5.09448,"OLINK","Term",280,"Vaginal",1
"3",21,"MOM","IFNgLOW",0,0.29623,"OLINK","Term",272,"Vaginal",0
"4",23,"MOM","IFNgLOW",0,0.29623,"OLINK","Term",278,"Vaginal",0
"5",25,"MOM","IFNgLOW",0,0.29623,"OLINK","Term",287,"Vaginal",0
"6",28,"MOM","IFNgHIGH",2.48608,5.85494,"OLINK","Term",284,"Vaginal",0
"7",31,"MOM","IFNgLOW",1.88973,0.29623,"OLINK","Term",276,"C-section",0
"8",39,"MOM","IFNgLOW",0.02405,0.29623,"OLINK","Term",281,"C-section",0
"9",42,"MOM","IFNgLOW",0,0.29623,"OLINK","Term",286,"Vaginal",1
"10",45,"MOM","IFNgLOW",0,0.29623,"OLINK","Term",278,"C-section",0
"11",48,"MOM","IFNgLOW",-4.05469,6.80471,"OLINK","Term",278,"C-section",1
"12",51,"MOM","IFNgLOW",-1.64158,5.85494,"OLINK","Term",275,"Vaginal",1
"13",54,"MOM","IFNgLOW",0,1.07708,"OLINK","Term",276,"Vaginal",0
"14",58,"MOM","IFNgLOW",0,1.07708,"OLINK","Term",265,"C-section",1
"15",61,"MOM","IFNgLOW",0,1.07708,"OLINK","Term",274,"Vaginal",1
"16",65,"Formula","IFNgLOW",0,0.29623,"OLINK","Term",259,"Vaginal",1
"17",68,"MOM","IFNgLOW",-3.82486,4.90194,"OLINK","Term",293,"Vaginal",0
"18",71,"MOM","IFNgLOW",0.68397,0.99412,"OLINK","Term",274,"Vaginal",1
"19",74,"MOM","IFNgLOW",0,0.99412,"OLINK","Term",270,"Vaginal",0
"20",77,"MOM","IFNgLOW",0,0.99412,"OLINK","Term",283,"Vaginal",0
"21",80,"MOM","IFNgHIGH",3.71468,6.27023,"OLINK","Term",277,"C-section",1
"22",81,"MOM","IFNgLOW",1.92005,0.99412,"OLINK","Term",264,"Vaginal",1
"23",84,"MOM","IFNgLOW",1.53496,0.99412,"OLINK","Term",281,"Vaginal",1
"24",85,"MOM","IFNgLOW",1.10664,0.99412,"OLINK","Term",282,"Vaginal",1
"25",88,"MOM","IFNgLOW",-4.94412,5.85494,"OLINK","Term",285,"Vaginal",0
"26",93,"MOM","IFNgLOW",-4.94412,5.85494,"OLINK","Term",278,"Vaginal",0
"27",96,"MOM","IFNgLOW",-1.20921,5.85494,"OLINK","Term",279,"Vaginal",1
"28",101,"MOM","IFNgLOW",-3.70029,5.85494,"OLINK","Term",277,"Vaginal",1
"29",104,"MOM","IFNgLOW",-2.22409,5.85494,"OLINK","Term",277,"Vaginal",1
"30",107,"MOM","IFNgLOW",-4.94412,5.85494,"OLINK","Term",274,"Vaginal",1
"31",110,"MOM","IFNgLOW",-4.94412,5.85494,"OLINK","Term",287,"Vaginal",1
"32",113,"MOM","IFNgLOW",-1.24631,5.85494,"OLINK","Term",289,"Vaginal",0
"33",116,"MOM","IFNgLOW",0,0.99412,"OLINK","Term",281,"Vaginal",1
"34",119,"MOM","IFNgLOW",0,0.99412,"OLINK","Term",284,"Vaginal",1
"35",122,"MOM","IFNgLOW",0,0.99412,"OLINK","Term",281,"Vaginal",0
"36",126,"MOM","IFNgHIGH",2.56023,0.29623,"OLINK","Term",270,"C-section",0
"37",129,"MOM","IFNgHIGH",6.26417,5.65468,"OLINK","Term",282,"Vaginal",1
"38",141,"MOM","IFNgLOW",1.52905,0.29623,"OLINK","Term",277,"Vaginal",1
"39",144,"MOM","IFNgLOW",0.22332,0.29623,"OLINK","Term",290,"Vaginal",0
"40",147,"MOM","IFNgLOW",1.04091,0.29623,"OLINK","Term",273,"C-section",1
"41",150,"MOM","IFNgHIGH",5.32541,6.52902,"OLINK","Term",277,"C-section",1
"42",153,"MOM","IFNgLOW",1.28827,0.29623,"OLINK","Term",276,"C-section",0
"43",162,"MOM","IFNgLOW",0.2445,0.29623,"OLINK","Term",278,"C-section",0
"44",165,"MOM","IFNgHIGH",7.03762,6.88795,"OLINK","Term",277,"Vaginal",0
"45",168,"MOM","IFNgHIGH",8.77614,6.0144,"OLINK","Term",283,"Vaginal",0
"46",174,"MOM","IFNgHIGH",7.52288,6.21732,"OLINK","Term",272,"C-section",1
"47",177,"MOM","IFNgHIGH",7.80755,6.63005,"OLINK","Term",273,"C-section",1
"48",180,"MOM","IFNgLOW",0,0.29623,"OLINK","Term",277,"C-section",0
"49",189,"DM","IFNgLOW",-0.28745,5.85494,"OLINK","Preterm",206,"C-section",1
"50",201,"DM","IFNgLOW",-0.73359,5.85494,"OLINK","Preterm",196,"C-section",1
"51",202,"DM","IFNgLOW",-4.94412,5.85494,"OLINK","Preterm",179,"Vaginal",0
"52",203,"MOM","IFNgLOW",-4.94412,5.85494,"OLINK","Preterm",181,"C-section",0
"53",204,"DM","IFNgLOW",-4.94412,5.85494,"OLINK","Preterm",190,"C-section",1
"54",205,"DM","IFNgLOW",-4.94412,5.85494,"OLINK","Preterm",190,"C-section",0
"55",206,"DM","IFNgLOW",-4.94412,5.85494,"OLINK","Preterm",184,"Vaginal",1
"56",208,"DM","IFNgLOW",-4.25868,5.85494,"OLINK","Preterm",191,"Vaginal",0
"57",209,"DM","IFNgLOW",-4.94412,5.85494,"OLINK","Preterm",188,"Vaginal",1
"58",210,"DM","IFNgLOW",-4.94412,5.85494,"OLINK","Preterm",188,"C-section",1
"59",211,"DM","IFNgLOW",-4.94412,5.85494,"OLINK","Preterm",193,"C-section",0
"60",212,"MOM","IFNgLOW",-4.94412,5.85494,"OLINK","Preterm",184,"C-section",0
"61",213,"MOM","IFNgLOW",-4.94412,5.85494,"OLINK","Preterm",184,"C-section",0
"62",214,"DM","IFNgLOW",-4.94412,5.85494,"OLINK","Preterm",184,"C-section",1
"63",215,"DM","IFNgLOW",-4.94412,5.85494,"OLINK","Preterm",190,"C-section",0
"64",216,"DM","IFNgLOW",-4.94412,5.85494,"OLINK","Preterm",196,"C-section",1
"65",217,"DM","IFNgLOW",-4.94412,5.85494,"OLINK","Preterm",196,"C-section",1
"66",218,"MOM","IFNgLOW",-4.94412,5.85494,"OLINK","Preterm",185,"Vaginal",0
"67",219,"DM","IFNgLOW",-4.94412,5.85494,"OLINK","Preterm",187,"C-section",0
"68",220,"DM","IFNgLOW",-4.94412,5.85494,"OLINK","Preterm",192,"C-section",0
"69",221,"DM","IFNgLOW",-4.94412,5.85494,"OLINK","Preterm",195,"C-section",0
"70",223,"DM","IFNgLOW",-4.94412,5.85494,"OLINK","Preterm",196,"C-section",0
"71",224,"DM","IFNgLOW",-4.94412,5.85494,"OLINK","Preterm",185,"C-section",1
"72",225,"DM","IFNgLOW",-4.94412,5.85494,"OLINK","Preterm",185,"C-section",1
"73",226,"DM","IFNgLOW",-3.95899,5.85494,"OLINK","Preterm",194,"C-section",1
"74",227,"DM","IFNgLOW",-4.86082,5.85494,"OLINK","Preterm",188,"C-section",1
"75",230,"DM","IFNgLOW",-4.86082,5.85494,"OLINK","Preterm",205,"C-section",0
"76",233,"DM","IFNgLOW",-5.33791,6.33203,"OLINK","Preterm",172,"Vaginal",0
"77",237,"DM","IFNgLOW",0,1.07708,"OLINK","Preterm",189,"Vaginal",1
"78",238,"DM","IFNgLOW",0,1.07708,"OLINK","Preterm",193,"C-section",1
"79",241,"DM","IFNgLOW",0,1.07708,"OLINK","Preterm",194,"Vaginal",1
"80",242,"DM","IFNgLOW",0,1.07708,"OLINK","Preterm",190,"C-section",1
"81",244,"DM","IFNgLOW",-1.64158,5.85494,"OLINK","Preterm",199,"C-section",0
"82",245,"DM","IFNgLOW",-1.64158,5.85494,"OLINK","Preterm",203,"C-section",1
"83",246,"MOM","IFNgLOW",-1.64158,5.85494,"OLINK","Preterm",188,"C-section",1
"84",247,"MOM","IFNgLOW",-1.64158,5.85494,"OLINK","Preterm",188,"C-section",1
"85",248,"DM","IFNgLOW",-1.64158,5.85494,"OLINK","Preterm",186,"C-section",1
"86",249,"DM","IFNgLOW",-1.37955,5.85494,"OLINK","Preterm",186,"C-section",1
"87",250,"DM","IFNgLOW",-2.37578,6.616,"OLINK","Preterm",193,"Vaginal",0
"88",251,"DM","IFNgLOW",-1.60993,7.86509,"OLINK","Preterm",203,"Vaginal",1
"89",252,"DM","IFNgLOW",-1.1058,5.85494,"OLINK","Preterm",183,"C-section",0
"90",253,"DM","IFNgLOW",-2.62631,6.83967,"OLINK","Preterm",190,"Vaginal",0
"91",256,"DM","IFNgHIGH",5.26857,4.92839,"OLINK","Preterm",189,"Vaginal",0
"92",257,"DM","IFNgLOW",1.75025,5.02782,"OLINK","Preterm",189,"Vaginal",0
"93",259,"DM","IFNgLOW",0.14123,5.87465,"OLINK","Preterm",209,"C-section",0
"94",262,"DM","IFNgLOW",-1.49988,7.1321,"OLINK","Preterm",192,"C-section",0
"95",267,"Formula","IFNgLOW",0,0.29623,"OLINK","Term",275,"C-section",0
"96",270,"MOM","IFNgHIGH",6.70093,6.283,"OLINK","Term",271,"C-section",0
"97",273,"MOM","IFNgLOW",-2.37993,6.59329,"OLINK","Term",276,"C-section",1
"98",276,"MOM","IFNgHIGH",6.91954,5.4192,"OLINK","Term",275,"C-section",1
"99",282,"MOM","IFNgHIGH",2.60111,0.29623,"OLINK","Term",289,"Vaginal",1
"100",285,"MOM","IFNgHIGH",13.4712,0.29623,"OLINK","Term",273,"Vaginal",0
"101",290,"MOM","IFNgHIGH",6.45241,5.98529,"OLINK","Term",291,"Vaginal",0
"102",293,"MOM","IFNgLOW",1.159585,5.71939,"OLINK","Term",286,"Vaginal",1
"103",297,"MOM","IFNgHIGH",6.29577,5.93335,"OLINK","Term",277,"Vaginal",1
"104",299,"MOM","IFNgHIGH",9.0916,5.30534,"OLINK","Term",295,"Vaginal",1
"105",302,"MOM","IFNgHIGH",7.10734,6.15422,"OLINK","Term",294,"Vaginal",1
"106",305,"MOM","IFNgHIGH",3.04532,4.83368,"OLINK","Term",281,"Vaginal",1
"107",308,"MOM","IFNgHIGH",3.78292,6.43143,"OLINK","Term",280,"Vaginal",1
"108",311,"MOM","IFNgHIGH",6.56517,6.43528,"OLINK","Term",282,"Vaginal",0
"109",315,"DM","IFNgLOW",-1.64158,5.85494,"OLINK","Preterm",170,"C-section",1
"110",316,"DM","IFNgLOW",-2.53194,6.7453,"OLINK","Preterm",206,"C-section",1
"111",317,"DM","IFNgLOW",-1.64158,5.85494,"OLINK","Preterm",206,"C-section",1
"112",324,"MOM","IFNgLOW",2.11951,4.26405,"OLINK","Preterm",198,"Vaginal",1
"113",332,"MOM","IFNgHIGH",8.46979,4.82975,"OLINK","Term",293,"Vaginal",0
"114",334,"MOM","IFNgLOW",2.02514,4.74324,"OLINK","Term",279,"Vaginal",0
"115",337,"MOM","IFNgLOW",0,0.29623,"OLINK","Term",290,"Vaginal",1
"116",340,"MOM","IFNgHIGH",5.30131,6.58622,"OLINK","Term",267,"Vaginal",0
"117",343,"DM","IFNgLOW",1.32226,5.85494,"OLINK","Preterm",183,"Vaginal",0
"118",347,"DM","IFNgLOW",-2.95404,8.77994,"OLINK","Preterm",199,"C-section",1
"119",350,"DM","IFNgLOW",1.31041,5.85494,"OLINK","Preterm",203,"C-section",1
"120",356,"DM","IFNgLOW",0.757555,5.8259,"OLINK","Preterm",208,"C-section",1
"121",357,"MOM","IFNgHIGH",3.691625,6.070325,"OLINK","Term",273,"Vaginal",1
"122",363,"MOM","IFNgLOW",-2.180375,8.15177,"OLINK","Term",270,"Vaginal",1
"123",366,"MOM","IFNgHIGH",7.622885,5.384245,"OLINK","Term",260,"Vaginal",1
"124",367,"MOM","IFNgHIGH",7.111155,5.452195,"OLINK","Term",260,"Vaginal",1
"125",376,"DM","IFNgLOW",-1.443115,5.85494,"OLINK","Preterm",197,"C-section",0
"126",379,"DM","IFNgHIGH",2.347715,5.85494,"OLINK","Preterm",208,"C-section",0
"127",382,"MOM","IFNgHIGH",6.56303,5.8259,"OLINK","Term",285,"Vaginal",0
"128",437,"DM","IFNgLOW",-0.14733,7.616295,"OLINK","Preterm",204,"Vaginal",1
"129",477,"MOM","IFNgLOW",0.384679999999999,8.19311,"OLINK","Term",286,"Vaginal",0
"130",478,"Formula","IFNgHIGH",4.163035,5.85494,"OLINK","Preterm",245,"Vaginal",1
"131",480,"MOM","IFNgHIGH",7.332325,5.698715,"OLINK","Term",268,"Vaginal",0
"132",488,"MOM","IFNgLOW",2.36429,5.85494,"OLINK","Term",270,"Vaginal",0
"133",492,"MOM","IFNgHIGH",3.663835,7.85455,"OLINK","Term",278,"Vaginal",1
"134",508,"DM","IFNgLOW",-1.780045,8.371185,"OLINK","Preterm",182,"C-section",0
"135",522,"MOM","IFNgHIGH",6.53466,5.912255,"OLINK","Term",286,"Vaginal",0
"136",529,"DM","IFNgLOW",-1.161255,5.85494,"OLINK","Preterm",204,"C-section",0
"137",531,"DM","IFNgHIGH",6.226945,5.85494,"OLINK","Preterm",204,"C-section",0
"138",532,"MOM","IFNgHIGH",7.131085,5.986615,"OLINK","Term",265,"Vaginal",0
"139",533,"MOM","IFNgHIGH",5.44194,7.17803,"OLINK","Term",280,"Vaginal",0
"140",534,"MOM","IFNgHIGH",4.872935,6.194585,"OLINK","Term",284,"Vaginal",1
"141",537,"MOM","IFNgHIGH",2.897825,7.07855,"OLINK","Term",292,"Vaginal",0
"142",542,"DM","IFNgLOW",-2.848545,9.67258,"OLINK","Preterm",182,"C-section",0
"143",545,"DM","IFNgLOW",-0.905745000000001,9.07806,"OLINK","Preterm",209,"C-section",0
"144",549,"DM","IFNgLOW",0.302455,5.85494,"OLINK","Preterm",198,"C-section",1
"145",550,"DM","IFNgHIGH",2.69652,7.19768,"OLINK","Preterm",208,"C-section",1
"146",557,"MOM","IFNgLOW",0.208630000000001,8.60934,"OLINK","Term",280,"Vaginal",1
"147",564,"MOM","IFNgHIGH",5.682225,5.943115,"OLINK","Term",288,"Vaginal",0
"148",565,"DM","IFNgLOW",-2.99552,9.23009,"OLINK","Preterm",190,"Vaginal",1
"149",569,"MOM","IFNgHIGH",7.89185,7.24494,"OLINK","Term",275,"C-section",1
"150",570,"DM","IFNgLOW",1.00756,6.39185,"OLINK","Preterm",189,"C-section",1
"151",590,"MOM","IFNgHIGH",4.94299,5.85494,"OLINK","Preterm",256,"C-section",1
"152",592,"MOM","IFNgLOW",-0.471305,8.3591,"OLINK","Preterm",256,"Vaginal",1
"153",593,"DM","IFNgLOW",1.704635,5.241865,"OLINK","Preterm",188,"C-section",0
"154",594,"Formula","IFNgHIGH",6.95515,5.85494,"OLINK","Preterm",244,"Vaginal",0
"155",595,"Formula","IFNgHIGH",4.83351,5.85494,"OLINK","Term",286,"Vaginal",0
"156",602,"MOM","IFNgLOW",0.88028,5.85494,"OLINK","Preterm",187,"C-section",0
"157",606,"Formula","IFNgHIGH",5.99912,5.85494,"OLINK","Term",290,"Vaginal",0
"158",607,"DM","IFNgLOW",-1.75666,11.89431,"OLINK","Preterm",199,"C-section",1
"159",612,"DM","IFNgLOW",1.46074,5.27917,"OLINK","Preterm",188,"C-section",1
"160",613,"MOM","IFNgHIGH",3.16514,6.44289,"OLINK","Term",280,"Vaginal",1
"161",619,"MOM","IFNgHIGH",5.65788,5.72798,"OLINK","Term",261,"C-section",0
"162",624,"MOM","IFNgHIGH",7.94967,5.07217,"OLINK","Term",287,"Vaginal",0
"163",628,"DM","IFNgLOW",-0.952229999999999,6.18392,"OLINK","Preterm",227,"C-section",1
"164",632,"MOM","IFNgLOW",1.79314,6.02911,"OLINK","Term",267,"Vaginal",0
"165",633,"MOM","IFNgLOW",1.30132,6.17183,"OLINK","Term",267,"Vaginal",1
"166",634,"MOM","IFNgHIGH",8.56986,5.9227,"OLINK","Term",292,"Vaginal",0
"167",637,"DM","IFNgLOW",1.40803,4.40277,"OLINK","Preterm",204,"C-section",0
"168",638,"DM","IFNgLOW",0.61169,4.92319,"OLINK","Preterm",204,"C-section",0
"169",641,"MOM","IFNgLOW",2.13,10.79,"NULISA","Term",286,"C-section",1
"170",645,"DM","IFNgHIGH",2.34027,5.49536,"OLINK","Preterm",199,"Vaginal",0
"171",647,"MOM","IFNgHIGH",3.90167,6.42408,"OLINK","Term",270,"Vaginal",0
"172",648,"MOM","IFNgLOW",0.869870000000001,5.98797,"OLINK","Term",271,"C-section",1
"173",649,"MOM","IFNgHIGH",5.78179,5.60983,"OLINK","Term",283,"Vaginal",0
"174",652,"MOM","IFNgHIGH",3.48402,4.68084,"OLINK","Term",279,"Vaginal",0
"175",653,"MOM","IFNgHIGH",9.44547,5.64228,"OLINK","Term",281,"Vaginal",0
"176",654,"DM","IFNgLOW",-4.04312,11.15526,"OLINK","Preterm",195,"Vaginal",0
"177",655,"DM","IFNgHIGH",8.36543,7.90493,"OLINK","Preterm",209,"C-section",1
"178",656,"DM","IFNgLOW",-1.52687,7.13083,"OLINK","Term",209,"C-section",0
"179",662,"MOM","IFNgLOW",0.838089999999999,6.46004,"OLINK","Term",270,"C-section",0
"180",663,"MOM","IFNgHIGH",8.55487,6.10689,"OLINK","Term",274,"C-section",1
"181",664,"Formula","IFNgLOW",0.80101,7.48719,"OLINK","Term",274,"C-section",1
"182",665,"Formula","IFNgHIGH",7.78563,6.6837,"OLINK","Term",289,"C-section",0
"183",668,"MOM","IFNgHIGH",6.82459,6.66451,"OLINK","Term",278,"C-section",1
"184",670,"Formula","IFNgHIGH",2.93614,4.29866,"OLINK","Preterm",237,"Vaginal",0
"185",674,"Formula","IFNgLOW",-0.7958,7.89232,"OLINK","Preterm",234,"C-section",1
"186",675,"Formula","IFNgLOW",0.40837,5.85494,"OLINK","Preterm",234,"C-section",1
"187",677,"MOM","IFNgLOW",0.569269999999999,6.65122,"OLINK","Term",259,"C-section",1
"188",678,"DM","IFNgLOW",1.361515,6.153795,"OLINK","Preterm",208,"C-section",1
"189",679,"DM","IFNgHIGH",3.33571,5.85494,"OLINK","Preterm",203,"C-section",0
"190",680,"Formula","IFNgLOW",-3.53822,9.60989,"OLINK","Preterm",222,"Vaginal",0
"191",681,"MOM","IFNgLOW",1.98426,7.02231,"OLINK","Term",273,"C-section",0
"192",683,"MOM","IFNgHIGH",5.27345,5.98917,"OLINK","Term",286,"Vaginal",1
"193",684,"MOM","IFNgHIGH",6.67618,6.65798,"OLINK","Term",279,"Vaginal",1
"194",685,"MOM","IFNgHIGH",8.413765,6.889545,"OLINK","Term",273,"C-section",0
"195",690,"MOM","IFNgLOW",1.19134,5.41485,"OLINK","Term",280,"Vaginal",1
"196",692,"MOM","IFNgHIGH",8.36,9.75,"NULISA","Term",290,"Vaginal",0
"197",695,"MOM","IFNgLOW",4.03,12.01,"NULISA","Term",274,"C-section",1
"198",699,"MOM","IFNgLOW",4.45,10.55,"NULISA","Term",276,"Vaginal",1
"199",709,"Formula","IFNgLOW",1.12399,7.32455,"OLINK","Preterm",244,"C-section",0
"200",716,"MOM","IFNgHIGH",7.406865,5.85494,"OLINK","Term",281,"Vaginal",0
"201",718,"MOM","IFNgHIGH",8.53,10.87,"NULISA","Term",278,"Vaginal",1
"202",725,"MOM","IFNgHIGH",10.13,9.28,"NULISA","Term",277,"Vaginal",0
"203",730,"MOM","IFNgLOW",2.94,11.05,"NULISA","Term",286,"Vaginal",1
"204",734,"MOM","IFNgHIGH",5.67,11.87,"NULISA","Term",277,"Vaginal",1
"205",737,"MOM","IFNgLOW",0.18,11.05,"NULISA","Term",286,"Vaginal",1
"206",744,"MOM","IFNgLOW",2.73,11.59,"NULISA","Term",290,"Vaginal",0
"207",746,"MOM","IFNgHIGH",4.75,11.05,"NULISA","Term",294,"C-section",0
"208",749,"MOM","IFNgLOW",2.52,11.04,"NULISA","Term",271,"Vaginal",0
"209",756,"MOM","IFNgHIGH",5.62,11.33,"NULISA","Term",272,"C-section",0
"210",762,"MOM","IFNgLOW",3.69,12.02,"NULISA","Term",277,"Vaginal",1
"211",773,"MOM","IFNgHIGH",8.11,9.88,"NULISA","Term",284,"Vaginal",0
"212",776,"MOM","IFNgHIGH",5.06,11.52,"NULISA","Term",281,"Vaginal",1
"213",779,"MOM","IFNgLOW",2.01,11.05,"NULISA","Term",285,"Vaginal",0
"214",781,"MOM","IFNgHIGH",3.0383,-2.2865,"OLINK_FUNCTIONAL","Term",269,"C-section",1
"215",782,"MOM","IFNgHIGH",4.83,10.23,"NULISA","Term",280,"Vaginal",1
"216",786,"MOM","IFNgHIGH",9.81,8.77,"NULISA","Term",281,"C-section",0
"217",787,"MOM","IFNgHIGH",7.4,10.3,"NULISA","Term",288,"Vaginal",0
"218",789,"Formula","IFNgHIGH",7.06,12.29,"NULISA","Term",281,"Vaginal",0
"219",790,"MOM","IFNgHIGH",5.35,9.33,"NULISA","Term",290,"C-section",0
"220",791,"MOM","IFNgHIGH",4.99,12.62,"NULISA","Term",283,"C-section",1
"221",793,"MOM","IFNgLOW",1.85,10.26,"NULISA","Term",289,"Vaginal",0
"222",796,"MOM","IFNgHIGH",6.24,10.84,"NULISA","Term",282,"Vaginal",0
"223",800,"MOM","IFNgLOW",1.39,13.11,"NULISA","Term",275,"Vaginal",1
"224",801,"MOM","IFNgHIGH",7.66,11.61,"NULISA","Term",270,"Vaginal",1
"225",805,"MOM","IFNgLOW",3.9,11.71,"NULISA","Term",284,"Vaginal",1
"226",806,"MOM","IFNgLOW",-0.18,15.68,"NULISA","Term",288,"Vaginal",1
"227",807,"Formula","IFNgLOW",0.4493,-2.4627,"OLINK_FUNCTIONAL","Term",272,"C-section",0
"228",810,"Formula","IFNgLOW",1.2069,-0.2493,"OLINK_FUNCTIONAL","Term",275,"C-section",1
"229",811,"MOM","IFNgHIGH",5.43,11.71,"NULISA","Term",262,"C-section",0
"230",818,"MOM","IFNgLOW",1.98,11.42,"NULISA","Term",291,"Vaginal",0
"231",819,"MOM","IFNgLOW",1.3957,-1.8348,"OLINK_FUNCTIONAL","Term",270,"C-section",1
"232",820,"MOM","IFNgLOW",-6.3138,-2.4607,"OLINK_FUNCTIONAL","Term",272,"C-section",0
"233",822,"MOM","IFNgLOW",4.5,9.65,"NULISA","Term",286,"Vaginal",0
"234",823,"MOM","IFNgLOW",3.92,11.11,"NULISA","Term",279,"Vaginal",0
"235",831,"MOM","IFNgHIGH",6.98,11.68,"NULISA","Term",282,"Vaginal",0
"236",836,"MOM","IFNgLOW",3.35,10.72,"NULISA","Term",290,"Vaginal",0
"237",844,"MOM","IFNgHIGH",7.53,11.2,"NULISA","Term",275,"C-section",0
"238",847,"MOM","IFNgLOW",3.78,11.38,"NULISA","Term",260,"Vaginal",1
"239",851,"MOM","IFNgHIGH",5.0468385219574,-0.90494371638298,"OLINK_FUNCTIONAL","Term",274,"C-section",0
"240",853,"Formula","IFNgHIGH",4.28485929965973,-2.02657271609306,"OLINK_FUNCTIONAL","Term",273,"C-section",0
"241",855,"MOM","IFNgHIGH",9.41969799995422,-7.13509656176567,"OLINK_FUNCTIONAL","Term",270,"C-section",1
"242",857,"MOM","IFNgHIGH",7.14745283126831,-1.90821219668388,"OLINK_FUNCTIONAL","Term",273,"C-section",0
"243",859,"MOM","IFNgHIGH",4.82072019577026,-1.08834887728691,"OLINK_FUNCTIONAL","Term",279,"C-section",1
"244",860,"MOM","IFNgLOW",1.51,10.7,"NULISA","Term",278,"C-section",0
"245",874,"MOM","IFNgLOW",1.69142591953278,-2.03281284556389,"OLINK_FUNCTIONAL","Term",288,"Vaginal",1
"246",875,"MOM","IFNgLOW",1.09493374824524,-1.05496979937553,"OLINK_FUNCTIONAL","Term",278,"Vaginal",1
