"","gestation_bin","IFNG_category","n","total_n","fraction",".group"
"1","41-42w","IFNgHIGH",15,27,0.555555555555556,11
"2","41-42w","IFNgLOW",12,27,0.444444444444444,11
"3","40w","IFNgHIGH",25,44,0.568181818181818,10
"4","40w","IFNgLOW",19,44,0.431818181818182,10
"5","39w","IFNgHIGH",24,55,0.436363636363636,9
"6","39w","IFNgLOW",31,55,0.563636363636364,9
"7","38w","IFNgHIGH",10,22,0.454545454545455,8
"8","38w","IFNgLOW",12,22,0.545454545454545,8
"9","37w","IFNgHIGH",5,10,0.5,7
"10","37w","IFNgLOW",5,10,0.5,7
"11","34-36w","IFNgHIGH",3,5,0.6,6
"12","34-36w","IFNgLOW",2,5,0.4,6
"13","30-33w","IFNgHIGH",1,5,0.2,5
"14","30-33w","IFNgLOW",4,5,0.8,5
"15","29w","IFNgHIGH",5,21,0.238095238095238,4
"16","29w","IFNgLOW",16,21,0.761904761904762,4
"17","28w","IFNgHIGH",1,11,0.0909090909090909,3
"18","28w","IFNgLOW",10,11,0.909090909090909,3
"19","27w","IFNgHIGH",2,21,0.0952380952380952,2
"20","27w","IFNgLOW",19,21,0.904761904761905,2
"21","24-26w","IFNgLOW",26,26,1,1
