"","subject","sample","analyte","NPX_NPQ","log2FC","cb_missing","CB_value","BinGroupStr","BinGroupNumeric","baby_age","mode_delivery","group","sex","datatype","proportion_missing_CB","BinGroupStr_new","BinGroup_X"
"57119",716,"3913722","IFN-gamma",13.261805,7.406865,TRUE,5.85494,"1-2d",1,2,"Vaginal","Term",0,"OLINK",0.299418604651163,"1w","1w_OLINK"
"57145",668,"3964166","IFN-gamma",13.4891,6.82459,NA,6.66451,"1-2d",1,2,"C-section","Term",1,"OLINK",0.299418604651163,"1w","1w_OLINK"
"57152",690,"3912871","IFN-gamma",6.60619,1.19134,NA,5.41485,"1-2d",1,2,"Vaginal","Term",1,"OLINK",0.299418604651163,"1w","1w_OLINK"
"57154",634,"3935925","IFN-gamma",14.49256,8.56986,NA,5.9227,"1-2d",1,2,"Vaginal","Term",0,"OLINK",0.299418604651163,"1w","1w_OLINK"
"57161",665,"3964150","IFN-gamma",14.46933,7.78563,NA,6.6837,"1-2d",1,2,"C-section","Term",0,"OLINK",0.299418604651163,"1w","1w_OLINK"
"57179",683,"3828528","IFN-gamma",11.26262,5.27345,NA,5.98917,"1-2d",1,2,"Vaginal","Term",1,"OLINK",0.299418604651163,"1w","1w_OLINK"
"57186",677,"3963862","IFN-gamma",7.22049,0.569269999999999,NA,6.65122,"1-2d",1,2,"C-section","Term",1,"OLINK",0.299418604651163,"1w","1w_OLINK"
"57193",649,"3936485","IFN-gamma",11.39162,5.78179,NA,5.60983,"1-2d",1,2,"Vaginal","Term",0,"OLINK",0.299418604651163,"1w","1w_OLINK"
"57194",662,"3963702","IFN-gamma",7.29813,0.838089999999999,NA,6.46004,"1-2d",1,2,"C-section","Term",0,"OLINK",0.299418604651163,"1w","1w_OLINK"
"61437",634,"3935926","IFNG",19.79,9.03,NA,10.76,"1-5d",1,2,"Vaginal","Term",0,"NULISA",0.2417582,"1w","1w_NULISA"
"61687",649,"3936486","IFNG",16.58,5.53,TRUE,11.05,"1-5d",1,2,"Vaginal","Term",0,"NULISA",0.2417582,"1w","1w_NULISA"
"61937",662,"3963702","IFNG",12.77,0.77,NA,12,"1-5d",1,2,"C-section","Term",0,"NULISA",0.2417582,"1w","1w_NULISA"
"62187",665,"3964151","IFNG",19.56,7.44,NA,12.12,"1-5d",1,2,"C-section","Term",0,"NULISA",0.2417582,"1w","1w_NULISA"
"62437",668,"3964167","IFNG",18.71,6.94,NA,11.77,"1-5d",1,2,"C-section","Term",1,"NULISA",0.2417582,"1w","1w_NULISA"
"62687",677,"3963863","IFNG",11.78,0.34,NA,11.44,"1-5d",1,2,"C-section","Term",1,"NULISA",0.2417582,"1w","1w_NULISA"
"62937",683,"3828529","IFNG",15.8,5.55,NA,10.25,"1-5d",1,2,"Vaginal","Term",1,"NULISA",0.2417582,"1w","1w_NULISA"
"63187",690,"3912873","IFNG",10.87,1.46,NA,9.41,"1-5d",1,2,"Vaginal","Term",1,"NULISA",0.2417582,"1w","1w_NULISA"
"63937",716,"3913719","IFNG",18.69,7.97,NA,10.72,"1-5d",1,2,"Vaginal","Term",0,"NULISA",0.2417582,"1w","1w_NULISA"
"69972",633,"3935909","IFN-gamma",7.47315,1.30132,NA,6.17183,"3-6d",2,3,"Vaginal","Term",1,"OLINK",0.299418604651163,"1w","1w_OLINK"
"69984",684,"3828864","IFN-gamma",13.33416,6.67618,NA,6.65798,"3-6d",2,3,"Vaginal","Term",1,"OLINK",0.299418604651163,"1w","1w_OLINK"
"70009",647,"3936421","IFN-gamma",10.32575,3.90167,NA,6.42408,"3-6d",2,3,"Vaginal","Term",0,"OLINK",0.299418604651163,"1w","1w_OLINK"
"72515",633,"3935910","IFNG",12.3,1.76,NA,10.54,"1-5d",1,3,"Vaginal","Term",1,"NULISA",0.2417582,"1w","1w_NULISA"
"72765",647,"3936422","IFNG",15.47,3.62,NA,11.85,"1-5d",1,3,"Vaginal","Term",0,"NULISA",0.2417582,"1w","1w_NULISA"
"73015",684,"3828866","IFNG",17.81,7.45,NA,10.36,"1-5d",1,3,"Vaginal","Term",1,"NULISA",0.2417582,"1w","1w_NULISA"
"77615",613,"3912327","IFN-gamma",9.60803,3.16514,NA,6.44289,"3-6d",2,4,"Vaginal","Term",1,"OLINK",0.299418604651163,"1w","1w_OLINK"
"77620",681,"3964374","IFN-gamma",9.00657,1.98426,NA,7.02231,"3-6d",2,4,"C-section","Term",0,"OLINK",0.299418604651163,"1w","1w_OLINK"
"77621",606,"3825904","IFN-gamma",11.85406,5.99912,TRUE,5.85494,"3-6d",2,4,"Vaginal","Term",0,"OLINK",0.299418604651163,"1w","1w_OLINK"
"78933",606,"3825905","IFNG",17.45,6.4,TRUE,11.05,"1-5d",1,4,"Vaginal","Term",0,"NULISA",0.2417582,"1w","1w_NULISA"
"79183",613,"3912328","IFNG",14.8,3.88,NA,10.92,"1-5d",1,4,"Vaginal","Term",1,"NULISA",0.2417582,"1w","1w_NULISA"
"79683",681,"3964376","IFNG",12.8,1.61,NA,11.19,"1-5d",1,4,"C-section","Term",0,"NULISA",0.2417582,"1w","1w_NULISA"
