"","subject","sample","analyte","NPX_NPQ","log2FC","cb_missing","CB_value","BinGroupStr","BinGroupNumeric","baby_age","mode_delivery","group","sex","datatype","proportion_missing_CB","BinGroupStr_new"
"39",686,"3966099","IFN-gamma",6.85206,0,NA,6.85206,"CB",0,0,"C-section","Term",0,"OLINK",0.299418604651163,"CB"
"13123",652,"3965155","IFN-gamma",4.68084,0,NA,4.68084,"CB",0,0,"Vaginal","Term",0,"OLINK",0.299418604651163,"CB"
"13124",716,"716_imputed_CB","IFN-gamma",5.85494,0,TRUE,5.85494,"CB",0,0,"Vaginal","Term",0,"OLINK",0.299418604651163,"CB"
"13125",34,"66627448","IFN-gamma",0.29623,0,NA,0.29623,"CB",0,0,"Vaginal","Term",0,"OLINK",0.299418604651163,"CB"
"13129",144,"2600100686","IFN-gamma",0.29623,0,NA,0.29623,"CB",0,0,"Vaginal","Term",0,"OLINK",0.299418604651163,"CB"
"13133",564,"2600164533","IFN-gamma",5.943115,0,NA,5.943115,"CB",0,0,"Vaginal","Term",0,"OLINK",0.299418604651163,"CB"
"13134",711,"3872712","IFN-gamma",5.2669,0,NA,5.2669,"CB",0,0,"Vaginal","Term",0,"OLINK",0.299418604651163,"CB"
"13138",126,"2600100694","IFN-gamma",0.29623,0,NA,0.29623,"CB",0,0,"C-section","Term",0,"OLINK",0.299418604651163,"CB"
"13140",54,"66627464","IFN-gamma",1.07708,0,NA,1.07708,"CB",0,0,"Vaginal","Term",0,"OLINK",0.299418604651163,"CB"
"13141",534,"2600164505","IFN-gamma",6.194585,0,NA,6.194585,"CB",0,0,"Vaginal","Term",1,"OLINK",0.299418604651163,"CB"
"13142",273,"2600100673","IFN-gamma",6.59329,0,NA,6.59329,"CB",0,0,"C-section","Term",1,"OLINK",0.299418604651163,"CB"
"13144",58,"66627465","IFN-gamma",1.07708,0,NA,1.07708,"CB",0,0,"C-section","Term",1,"OLINK",0.299418604651163,"CB"
"13146",104,"104_imputed_CB","IFN-gamma",5.85494,0,TRUE,5.85494,"CB",0,0,"Vaginal","Term",1,"OLINK",0.299418604651163,"CB"
"13148",61,"66627462","IFN-gamma",1.07708,0,NA,1.07708,"CB",0,0,"Vaginal","Term",1,"OLINK",0.299418604651163,"CB"
"13150",80,"2600100695","IFN-gamma",6.27023,0,NA,6.27023,"CB",0,0,"C-section","Term",1,"OLINK",0.299418604651163,"CB"
"13151",77,"66627424","IFN-gamma",0.99412,0,NA,0.99412,"CB",0,0,"Vaginal","Term",0,"OLINK",0.299418604651163,"CB"
"13155",663,"3965907","IFN-gamma",6.10689,0,NA,6.10689,"CB",0,0,"C-section","Term",1,"OLINK",0.299418604651163,"CB"
"13158",569,"2600164540","IFN-gamma",7.24494,0,NA,7.24494,"CB",0,0,"C-section","Term",1,"OLINK",0.299418604651163,"CB"
"13161",39,"66627487","IFN-gamma",0.29623,0,NA,0.29623,"CB",0,0,"C-section","Term",0,"OLINK",0.299418604651163,"CB"
"13162",84,"66627431","IFN-gamma",0.99412,0,NA,0.99412,"CB",0,0,"Vaginal","Term",1,"OLINK",0.299418604651163,"CB"
"13164",715,"3965670","IFN-gamma",6.597675,0,NA,6.597675,"CB",0,0,"Vaginal","Term",1,"OLINK",0.299418604651163,"CB"
"13165",559,"2600164522","IFN-gamma",5.53636,0,NA,5.53636,"CB",0,0,"Vaginal","Term",1,"OLINK",0.299418604651163,"CB"
"13166",88,"88_imputed_CB","IFN-gamma",5.85494,0,TRUE,5.85494,"CB",0,0,"Vaginal","Term",0,"OLINK",0.299418604651163,"CB"
"13167",308,"2600100523","IFN-gamma",6.43143,0,NA,6.43143,"CB",0,0,"Vaginal","Term",1,"OLINK",0.299418604651163,"CB"
"13171",101,"101_imputed_CB","IFN-gamma",5.85494,0,TRUE,5.85494,"CB",0,0,"Vaginal","Term",1,"OLINK",0.299418604651163,"CB"
"13172",708,"3965574","IFN-gamma",5.8018,0,NA,5.8018,"CB",0,0,"C-section","Term",0,"OLINK",0.299418604651163,"CB"
"13175",147,"2600100687","IFN-gamma",0.29623,0,NA,0.29623,"CB",0,0,"C-section","Term",1,"OLINK",0.299418604651163,"CB"
"13180",48,"66627488","IFN-gamma",6.80471,0,NA,6.80471,"CB",0,0,"C-section","Term",1,"OLINK",0.299418604651163,"CB"
"13184",682,"3966051","IFN-gamma",6.26044,0,NA,6.26044,"CB",0,0,"C-section","Term",0,"OLINK",0.299418604651163,"CB"
"13185",174,"2600100626","IFN-gamma",6.21732,0,NA,6.21732,"CB",0,0,"C-section","Term",1,"OLINK",0.299418604651163,"CB"
"13189",168,"2600100679","IFN-gamma",6.0144,0,NA,6.0144,"CB",0,0,"Vaginal","Term",0,"OLINK",0.299418604651163,"CB"
"13190",673,"3965859","IFN-gamma",5.43422,0,NA,5.43422,"CB",0,0,"Vaginal","Term",1,"OLINK",0.299418604651163,"CB"
"13191",664,"3965315","IFN-gamma",7.48719,0,NA,7.48719,"CB",0,0,"C-section","Term",1,"OLINK",0.299418604651163,"CB"
"13197",276,"2600100671","IFN-gamma",5.4192,0,NA,5.4192,"CB",0,0,"C-section","Term",1,"OLINK",0.299418604651163,"CB"
"13198",688,"688_imputed_CB","IFN-gamma",5.85494,0,TRUE,5.85494,"CB",0,0,"C-section","Term",0,"OLINK",0.299418604651163,"CB"
"13199",165,"2600100680","IFN-gamma",6.88795,0,NA,6.88795,"CB",0,0,"Vaginal","Term",0,"OLINK",0.299418604651163,"CB"
"13202",480,"2600164474","IFN-gamma",5.698715,0,NA,5.698715,"CB",0,0,"Vaginal","Term",0,"OLINK",0.299418604651163,"CB"
"13204",666,"3965699","IFN-gamma",6.68571,0,NA,6.68571,"CB",0,0,"C-section","Term",1,"OLINK",0.299418604651163,"CB"
"13205",290,"2600100664","IFN-gamma",5.98529,0,NA,5.98529,"CB",0,0,"Vaginal","Term",0,"OLINK",0.299418604651163,"CB"
"13206",360,"2600164462","IFN-gamma",7.36265,0,NA,7.36265,"CB",0,0,"Vaginal","Term",1,"OLINK",0.299418604651163,"CB"
"13207",483,"2600164477","IFN-gamma",7.04518,0,NA,7.04518,"CB",0,0,"Vaginal","Term",1,"OLINK",0.299418604651163,"CB"
"13210",552,"2600164521","IFN-gamma",4.98424,0,NA,4.98424,"CB",0,0,"Vaginal","Term",0,"OLINK",0.299418604651163,"CB"
"13211",28,"28_imputed_CB","IFN-gamma",5.85494,0,TRUE,5.85494,"CB",0,0,"Vaginal","Term",0,"OLINK",0.299418604651163,"CB"
"13214",477,"2600164470","IFN-gamma",8.19311,0,NA,8.19311,"CB",0,0,"Vaginal","Term",0,"OLINK",0.299418604651163,"CB"
"13216",21,"2600100702","IFN-gamma",0.29623,0,NA,0.29623,"CB",0,0,"Vaginal","Term",0,"OLINK",0.299418604651163,"CB"
"13218",616,"3871461","IFN-gamma",5.30684,0,NA,5.30684,"CB",0,0,"Vaginal","Term",0,"OLINK",0.299418604651163,"CB"
"13221",135,"2600100691","IFN-gamma",0.29623,0,NA,0.29623,"CB",0,0,"C-section","Term",1,"OLINK",0.299418604651163,"CB"
"13224",23,"2600100704","IFN-gamma",0.29623,0,NA,0.29623,"CB",0,0,"Vaginal","Term",0,"OLINK",0.299418604651163,"CB"
"13227",156,"2600100682","IFN-gamma",5.53337,0,NA,5.53337,"CB",0,0,"C-section","Term",0,"OLINK",0.299418604651163,"CB"
"13228",690,"3872421","IFN-gamma",5.41485,0,NA,5.41485,"CB",0,0,"Vaginal","Term",1,"OLINK",0.299418604651163,"CB"
"13233",285,"2600100668","IFN-gamma",0.29623,0,NA,0.29623,"CB",0,0,"Vaginal","Term",0,"OLINK",0.299418604651163,"CB"
"13234",636,"3872005","IFN-gamma",5.62451,0,NA,5.62451,"CB",0,0,"Vaginal","Term",0,"OLINK",0.299418604651163,"CB"
"13237",297,"2600100519","IFN-gamma",5.93335,0,NA,5.93335,"CB",0,0,"Vaginal","Term",1,"OLINK",0.299418604651163,"CB"
"13238",657,"3965235","IFN-gamma",5.95785,0,NA,5.95785,"CB",0,0,NA,"Term",0,"OLINK",0.299418604651163,"CB"
"13239",367,"2600100548","IFN-gamma",5.452195,0,NA,5.452195,"CB",0,0,"Vaginal","Term",1,"OLINK",0.299418604651163,"CB"
"13241",288,"2600100667","IFN-gamma",0.29623,0,NA,0.29623,"CB",0,0,"Vaginal","Term",1,"OLINK",0.299418604651163,"CB"
"13243",668,"3965363","IFN-gamma",6.66451,0,NA,6.66451,"CB",0,0,"C-section","Term",1,"OLINK",0.299418604651163,"CB"
"13246",667,"3965347","IFN-gamma",6.39962,0,NA,6.39962,"CB",0,0,"C-section","Term",1,"OLINK",0.299418604651163,"CB"
"13248",65,"66627502","IFN-gamma",0.29623,0,NA,0.29623,"CB",0,0,"Vaginal","Term",1,"OLINK",0.299418604651163,"CB"
"13252",162,"2600100683","IFN-gamma",0.29623,0,NA,0.29623,"CB",0,0,"C-section","Term",0,"OLINK",0.299418604651163,"CB"
"13253",113,"113_imputed_CB","IFN-gamma",5.85494,0,TRUE,5.85494,"CB",0,0,"Vaginal","Term",0,"OLINK",0.299418604651163,"CB"
"13255",81,"66627437","IFN-gamma",0.99412,0,NA,0.99412,"CB",0,0,"Vaginal","Term",1,"OLINK",0.299418604651163,"CB"
"13256",15,"2600100700","IFN-gamma",4.58422,0,NA,4.58422,"CB",0,0,"Vaginal","Term",1,"OLINK",0.299418604651163,"CB"
"13257",718,"3872504","IFN-gamma",5.103995,0,NA,5.103995,"CB",0,0,"Vaginal","Term",1,"OLINK",0.299418604651163,"CB"
"13259",665,"3965331","IFN-gamma",6.6837,0,NA,6.6837,"CB",0,0,"C-section","Term",0,"OLINK",0.299418604651163,"CB"
"13263",533,"2600164504","IFN-gamma",7.17803,0,NA,7.17803,"CB",0,0,"Vaginal","Term",0,"OLINK",0.299418604651163,"CB"
"13264",630,"3871861","IFN-gamma",5.84739,0,NA,5.84739,"CB",0,0,"Vaginal","Term",1,"OLINK",0.299418604651163,"CB"
"13266",681,"3965827","IFN-gamma",7.02231,0,NA,7.02231,"CB",0,0,"C-section","Term",0,"OLINK",0.299418604651163,"CB"
"13267",633,"3871845","IFN-gamma",6.17183,0,NA,6.17183,"CB",0,0,"Vaginal","Term",1,"OLINK",0.299418604651163,"CB"
"13271",643,"3871029","IFN-gamma",4.94203,0,NA,4.94203,"CB",0,0,"Vaginal","Term",0,"OLINK",0.299418604651163,"CB"
"13273",624,"3871573","IFN-gamma",5.07217,0,NA,5.07217,"CB",0,0,"Vaginal","Term",0,"OLINK",0.299418604651163,"CB"
"13274",519,"2600164492","IFN-gamma",7.89508,0,NA,7.89508,"CB",0,0,"Vaginal","Term",1,"OLINK",0.299418604651163,"CB"
"13275",656,"3965203","IFN-gamma",7.13083,0,NA,7.13083,"CB",0,0,"C-section","Term",0,"OLINK",0.299418604651163,"CB"
"13277",634,"3871893","IFN-gamma",5.9227,0,NA,5.9227,"CB",0,0,"Vaginal","Term",0,"OLINK",0.299418604651163,"CB"
"13278",648,"3872357","IFN-gamma",5.98797,0,NA,5.98797,"CB",0,0,"C-section","Term",1,"OLINK",0.299418604651163,"CB"
"13279",660,"3872293","IFN-gamma",6.46056,0,NA,6.46056,"CB",0,0,"C-section","Term",1,"OLINK",0.299418604651163,"CB"
"13283",150,"2600100684","IFN-gamma",6.52902,0,NA,6.52902,"CB",0,0,"C-section","Term",1,"OLINK",0.299418604651163,"CB"
"13287",177,"2600100675","IFN-gamma",6.63005,0,NA,6.63005,"CB",0,0,"C-section","Term",1,"OLINK",0.299418604651163,"CB"
"13288",138,"2600100689","IFN-gamma",0.29623,0,NA,0.29623,"CB",0,0,"C-section","Term",1,"OLINK",0.299418604651163,"CB"
"13289",661,"3965747","IFN-gamma",7.05191,0,NA,7.05191,"CB",0,0,"C-section","Term",0,"OLINK",0.299418604651163,"CB"
"13291",180,"2600100677","IFN-gamma",0.29623,0,NA,0.29623,"CB",0,0,"C-section","Term",0,"OLINK",0.299418604651163,"CB"
"13295",606,"606_imputed_CB","IFN-gamma",5.85494,0,TRUE,5.85494,"CB",0,0,"Vaginal","Term",0,"OLINK",0.299418604651163,"CB"
"13299",492,"2600100553","IFN-gamma",7.85455,0,NA,7.85455,"CB",0,0,"Vaginal","Term",1,"OLINK",0.299418604651163,"CB"
"13300",644,"3872165","IFN-gamma",5.14387,0,NA,5.14387,"CB",0,0,"Vaginal","Term",1,"OLINK",0.299418604651163,"CB"
"13302",517,"2600164491","IFN-gamma",7.43055,0,NA,7.43055,"CB",0,0,"Vaginal","Term",1,"OLINK",0.299418604651163,"CB"
"13304",293,"2600100662","IFN-gamma",5.71939,0,NA,5.71939,"CB",0,0,"Vaginal","Term",1,"OLINK",0.299418604651163,"CB"
"13305",613,"3870821","IFN-gamma",6.44289,0,NA,6.44289,"CB",0,0,"Vaginal","Term",1,"OLINK",0.299418604651163,"CB"
"13307",658,"3965251","IFN-gamma",6.44558,0,NA,6.44558,"CB",0,0,NA,"Term",1,"OLINK",0.299418604651163,"CB"
"13309",337,"2600100688","IFN-gamma",0.29623,0,NA,0.29623,"CB",0,0,"Vaginal","Term",1,"OLINK",0.299418604651163,"CB"
"13310",334,"2600100526","IFN-gamma",4.74324,0,NA,4.74324,"CB",0,0,"Vaginal","Term",0,"OLINK",0.299418604651163,"CB"
"13311",635,"3871925","IFN-gamma",4.87117,0,NA,4.87117,"CB",0,0,"Vaginal","Term",0,"OLINK",0.299418604651163,"CB"
"13312",563,"2600164527","IFN-gamma",7.55124,0,NA,7.55124,"CB",0,0,"Vaginal","Term",1,"OLINK",0.299418604651163,"CB"
"13314",502,"2600164487","IFN-gamma",7.77884,0,NA,7.77884,"CB",0,0,"Vaginal","Term",0,"OLINK",0.299418604651163,"CB"
"13318",85,"66627436","IFN-gamma",0.99412,0,NA,0.99412,"CB",0,0,"Vaginal","Term",1,"OLINK",0.299418604651163,"CB"
"13320",692,"3965429","IFN-gamma",5.81806,0,NA,5.81806,"CB",0,0,"Vaginal","Term",0,"OLINK",0.299418604651163,"CB"
"13322",299,"2600100520","IFN-gamma",5.30534,0,NA,5.30534,"CB",0,0,"Vaginal","Term",1,"OLINK",0.299418604651163,"CB"
"13323",382,"2600164468","IFN-gamma",5.8259,0,NA,5.8259,"CB",0,0,"Vaginal","Term",0,"OLINK",0.299418604651163,"CB"
"13329",560,"2600164526","IFN-gamma",5.251705,0,NA,5.251705,"CB",0,0,"Vaginal","Term",0,"OLINK",0.299418604651163,"CB"
"13337",132,"2600100692","IFN-gamma",0.29623,0,NA,0.29623,"CB",0,0,"C-section","Term",1,"OLINK",0.299418604651163,"CB"
"13338",71,"66627433","IFN-gamma",0.99412,0,NA,0.99412,"CB",0,0,"Vaginal","Term",1,"OLINK",0.299418604651163,"CB"
"13339",366,"2600100547","IFN-gamma",5.384245,0,NA,5.384245,"CB",0,0,"Vaginal","Term",1,"OLINK",0.299418604651163,"CB"
"13341",672,"3965875","IFN-gamma",4.42791,0,NA,4.42791,"CB",0,0,"Vaginal","Term",1,"OLINK",0.299418604651163,"CB"
"13342",505,"2600164489","IFN-gamma",8.34602,0,NA,8.34602,"CB",0,0,"Vaginal","Term",0,"OLINK",0.299418604651163,"CB"
"13343",357,"2600164461","IFN-gamma",6.070325,0,NA,6.070325,"CB",0,0,"Vaginal","Term",1,"OLINK",0.299418604651163,"CB"
"13344",122,"66627435","IFN-gamma",0.99412,0,NA,0.99412,"CB",0,0,"Vaginal","Term",0,"OLINK",0.299418604651163,"CB"
"13347",522,"2600164496","IFN-gamma",5.912255,0,NA,5.912255,"CB",0,0,"Vaginal","Term",0,"OLINK",0.299418604651163,"CB"
"13352",558,"2600164524","IFN-gamma",6.099095,0,NA,6.099095,"CB",0,0,"Vaginal","Term",1,"OLINK",0.299418604651163,"CB"
"13354",632,"3871733","IFN-gamma",6.02911,0,NA,6.02911,"CB",0,0,"Vaginal","Term",0,"OLINK",0.299418604651163,"CB"
"13355",488,"488_imputed_CB","IFN-gamma",5.85494,0,TRUE,5.85494,"CB",0,0,"Vaginal","Term",0,"OLINK",0.299418604651163,"CB"
"13356",662,"3965731","IFN-gamma",6.46004,0,NA,6.46004,"CB",0,0,"C-section","Term",0,"OLINK",0.299418604651163,"CB"
"13357",45,"2600100697","IFN-gamma",0.29623,0,NA,0.29623,"CB",0,0,"C-section","Term",0,"OLINK",0.299418604651163,"CB"
"13359",683,"3966035","IFN-gamma",5.98917,0,NA,5.98917,"CB",0,0,"Vaginal","Term",1,"OLINK",0.299418604651163,"CB"
"13360",311,"2600100524","IFN-gamma",6.43528,0,NA,6.43528,"CB",0,0,"Vaginal","Term",0,"OLINK",0.299418604651163,"CB"
"13361",332,"2600100525","IFN-gamma",4.82975,0,NA,4.82975,"CB",0,0,"Vaginal","Term",0,"OLINK",0.299418604651163,"CB"
"13362",141,"2600100690","IFN-gamma",0.29623,0,NA,0.29623,"CB",0,0,"Vaginal","Term",1,"OLINK",0.299418604651163,"CB"
"13363",282,"2600100669","IFN-gamma",0.29623,0,NA,0.29623,"CB",0,0,"Vaginal","Term",1,"OLINK",0.299418604651163,"CB"
"13364",622,"3871557","IFN-gamma",6.2288,0,NA,6.2288,"CB",0,0,"C-section","Term",0,"OLINK",0.299418604651163,"CB"
"13365",279,"2600100670","IFN-gamma",6.03203,0,NA,6.03203,"CB",0,0,"C-section","Term",0,"OLINK",0.299418604651163,"CB"
"13366",642,"3872133","IFN-gamma",5.95002,0,NA,5.95002,"CB",0,0,"Vaginal","Term",1,"OLINK",0.299418604651163,"CB"
"13370",305,"2600100522","IFN-gamma",4.83368,0,NA,4.83368,"CB",0,0,"Vaginal","Term",1,"OLINK",0.299418604651163,"CB"
"13371",714,"3965686","IFN-gamma",4.732275,0,NA,4.732275,"CB",0,0,"Vaginal","Term",0,"OLINK",0.299418604651163,"CB"
"13372",500,"2600164483","IFN-gamma",7.96799,0,NA,7.96799,"CB",0,0,"Vaginal","Term",1,"OLINK",0.299418604651163,"CB"
"13373",98,"98_imputed_CB","IFN-gamma",5.85494,0,TRUE,5.85494,"CB",0,0,"Vaginal","Term",1,"OLINK",0.299418604651163,"CB"
"13374",641,"3872149","IFN-gamma",5.48112,0,NA,5.48112,"CB",0,0,"C-section","Term",1,"OLINK",0.299418604651163,"CB"
"13376",270,"2600100674","IFN-gamma",6.283,0,NA,6.283,"CB",0,0,"C-section","Term",0,"OLINK",0.299418604651163,"CB"
"13378",68,"66627455","IFN-gamma",4.90194,0,NA,4.90194,"CB",0,0,"Vaginal","Term",0,"OLINK",0.299418604651163,"CB"
"13380",685,"3966083","IFN-gamma",6.889545,0,NA,6.889545,"CB",0,0,"C-section","Term",0,"OLINK",0.299418604651163,"CB"
"13383",684,"3966067","IFN-gamma",6.65798,0,NA,6.65798,"CB",0,0,"Vaginal","Term",1,"OLINK",0.299418604651163,"CB"
"13385",42,"2600100696","IFN-gamma",0.29623,0,NA,0.29623,"CB",0,0,"Vaginal","Term",1,"OLINK",0.299418604651163,"CB"
"13387",37,"66627447","IFN-gamma",5.00092,0,NA,5.00092,"CB",0,0,"Vaginal","Term",0,"OLINK",0.299418604651163,"CB"
"13389",710,"3965622","IFN-gamma",6.5927,0,NA,6.5927,"CB",0,0,"C-section","Term",0,"OLINK",0.299418604651163,"CB"
"13393",18,"2600100707","IFN-gamma",5.09448,0,NA,5.09448,"CB",0,0,"Vaginal","Term",1,"OLINK",0.299418604651163,"CB"
"13395",647,"3872197","IFN-gamma",6.42408,0,NA,6.42408,"CB",0,0,"Vaginal","Term",0,"OLINK",0.299418604651163,"CB"
"13396",608,"3870966","IFN-gamma",5.34431,0,NA,5.34431,"CB",0,0,"C-section","Term",1,"OLINK",0.299418604651163,"CB"
"13398",110,"110_imputed_CB","IFN-gamma",5.85494,0,TRUE,5.85494,"CB",0,0,"Vaginal","Term",1,"OLINK",0.299418604651163,"CB"
"13399",153,"2600100685","IFN-gamma",0.29623,0,NA,0.29623,"CB",0,0,"C-section","Term",0,"OLINK",0.299418604651163,"CB"
"13400",639,"3872053","IFN-gamma",5.20751,0,NA,5.20751,"CB",0,0,"Vaginal","Term",1,"OLINK",0.299418604651163,"CB"
"13401",119,"66627429","IFN-gamma",0.99412,0,NA,0.99412,"CB",0,0,"Vaginal","Term",1,"OLINK",0.299418604651163,"CB"
"13404",107,"107_imputed_CB","IFN-gamma",5.85494,0,TRUE,5.85494,"CB",0,0,"Vaginal","Term",1,"OLINK",0.299418604651163,"CB"
"13406",595,"595_imputed_CB","IFN-gamma",5.85494,0,TRUE,5.85494,"CB",0,0,"Vaginal","Term",0,"OLINK",0.299418604651163,"CB"
"13408",363,"2600164467","IFN-gamma",8.15177,0,NA,8.15177,"CB",0,0,"Vaginal","Term",1,"OLINK",0.299418604651163,"CB"
"13409",640,"3872037","IFN-gamma",5.85099,0,NA,5.85099,"CB",0,0,"Vaginal","Term",0,"OLINK",0.299418604651163,"CB"
"13412",532,"2600164503","IFN-gamma",5.986615,0,NA,5.986615,"CB",0,0,"Vaginal","Term",0,"OLINK",0.299418604651163,"CB"
"13414",116,"66627428","IFN-gamma",0.99412,0,NA,0.99412,"CB",0,0,"Vaginal","Term",1,"OLINK",0.299418604651163,"CB"
"13415",619,"3871397","IFN-gamma",5.72798,0,NA,5.72798,"CB",0,0,"C-section","Term",0,"OLINK",0.299418604651163,"CB"
"13419",74,"66627432","IFN-gamma",0.99412,0,NA,0.99412,"CB",0,0,"Vaginal","Term",0,"OLINK",0.299418604651163,"CB"
"13422",677,"3965971","IFN-gamma",6.65122,0,NA,6.65122,"CB",0,0,"C-section","Term",1,"OLINK",0.299418604651163,"CB"
"13423",621,"3871509","IFN-gamma",5.50159,0,NA,5.50159,"CB",0,0,"Vaginal","Term",0,"OLINK",0.299418604651163,"CB"
"13424",497,"2600164481","IFN-gamma",7.27872,0,NA,7.27872,"CB",0,0,"Vaginal","Term",0,"OLINK",0.299418604651163,"CB"
"13425",671,"3965843","IFN-gamma",6.31832,0,NA,6.31832,"CB",0,0,"Vaginal","Term",0,"OLINK",0.299418604651163,"CB"
"13426",653,"3965139","IFN-gamma",5.64228,0,NA,5.64228,"CB",0,0,"Vaginal","Term",0,"OLINK",0.299418604651163,"CB"
"13427",25,"2600100699","IFN-gamma",0.29623,0,NA,0.29623,"CB",0,0,"Vaginal","Term",0,"OLINK",0.299418604651163,"CB"
"13430",93,"93_imputed_CB","IFN-gamma",5.85494,0,TRUE,5.85494,"CB",0,0,"Vaginal","Term",0,"OLINK",0.299418604651163,"CB"
"13432",650,"3872373","IFN-gamma",5.21863,0,NA,5.21863,"CB",0,0,"Vaginal","Term",0,"OLINK",0.299418604651163,"CB"
"13433",96,"96_imputed_CB","IFN-gamma",5.85494,0,TRUE,5.85494,"CB",0,0,"Vaginal","Term",1,"OLINK",0.299418604651163,"CB"
"13435",31,"66627489","IFN-gamma",0.29623,0,NA,0.29623,"CB",0,0,"C-section","Term",0,"OLINK",0.299418604651163,"CB"
"13436",649,"3872392","IFN-gamma",5.60983,0,NA,5.60983,"CB",0,0,"Vaginal","Term",0,"OLINK",0.299418604651163,"CB"
"13437",171,"2600100676","IFN-gamma",0.29623,0,NA,0.29623,"CB",0,0,"Vaginal","Term",1,"OLINK",0.299418604651163,"CB"
"13442",340,"2600100528","IFN-gamma",6.58622,0,NA,6.58622,"CB",0,0,"Vaginal","Term",0,"OLINK",0.299418604651163,"CB"
"13444",129,"2600100693","IFN-gamma",5.65468,0,NA,5.65468,"CB",0,0,"Vaginal","Term",1,"OLINK",0.299418604651163,"CB"
"13446",620,"3871333","IFN-gamma",5.83528,0,NA,5.83528,"CB",0,0,"Vaginal","Term",0,"OLINK",0.299418604651163,"CB"
"13447",267,"2600100678","IFN-gamma",0.29623,0,NA,0.29623,"CB",0,0,"C-section","Term",0,"OLINK",0.299418604651163,"CB"
"13449",618,"3871381","IFN-gamma",4.86137,0,NA,4.86137,"CB",0,0,"Vaginal","Term",1,"OLINK",0.299418604651163,"CB"
"13451",659,"3965283","IFN-gamma",5.81891,0,NA,5.81891,"CB",0,0,"Vaginal","Term",0,"OLINK",0.299418604651163,"CB"
"13452",51,"51_imputed_CB","IFN-gamma",5.85494,0,TRUE,5.85494,"CB",0,0,"Vaginal","Term",1,"OLINK",0.299418604651163,"CB"
"13454",370,"2600164466","IFN-gamma",7.01652,0,NA,7.01652,"CB",0,0,"Vaginal","Term",0,"OLINK",0.299418604651163,"CB"
"13455",717,"3872536","IFN-gamma",5.673135,0,NA,5.673135,"CB",0,0,"Vaginal","Term",1,"OLINK",0.299418604651163,"CB"
"13457",599,"3871013","IFN-gamma",5.99431,0,NA,5.99431,"CB",0,0,"Vaginal","Term",1,"OLINK",0.299418604651163,"CB"
"13459",537,"2600164506","IFN-gamma",7.07855,0,NA,7.07855,"CB",0,0,"Vaginal","Term",0,"OLINK",0.299418604651163,"CB"
"13461",302,"2600100521","IFN-gamma",6.15422,0,NA,6.15422,"CB",0,0,"Vaginal","Term",1,"OLINK",0.299418604651163,"CB"
"13463",159,"2600100681","IFN-gamma",0.29623,0,NA,0.29623,"CB",0,0,"C-section","Term",0,"OLINK",0.299418604651163,"CB"
"13464",557,"2600164523","IFN-gamma",8.60934,0,NA,8.60934,"CB",0,0,"Vaginal","Term",1,"OLINK",0.299418604651163,"CB"
"30377",21,"21_imputed_CB","IFNG",11.05,0,TRUE,11.05,"CB",0,0,"Vaginal","Term",0,"NULISA",0.2417582,"CB"
"30627",132,"132_imputed_CB","IFNG",11.05,0,TRUE,11.05,"CB",0,0,"C-section","Term",1,"NULISA",0.2417582,"CB"
"30877",141,"141_imputed_CB","IFNG",11.05,0,TRUE,11.05,"CB",0,0,"Vaginal","Term",1,"NULISA",0.2417582,"CB"
"31127",147,"147_imputed_CB","IFNG",11.05,0,TRUE,11.05,"CB",0,0,"C-section","Term",1,"NULISA",0.2417582,"CB"
"31377",180,"180_imputed_CB","IFNG",11.05,0,TRUE,11.05,"CB",0,0,"C-section","Term",0,"NULISA",0.2417582,"CB"
"31627",290,"290_imputed_CB","IFNG",11.05,0,TRUE,11.05,"CB",0,0,"Vaginal","Term",0,"NULISA",0.2417582,"CB"
"31877",293,"293_imputed_CB","IFNG",11.05,0,TRUE,11.05,"CB",0,0,"Vaginal","Term",1,"NULISA",0.2417582,"CB"
"32127",302,"302_imputed_CB","IFNG",11.05,0,TRUE,11.05,"CB",0,0,"Vaginal","Term",1,"NULISA",0.2417582,"CB"
"32377",337,"337_imputed_CB","IFNG",11.05,0,TRUE,11.05,"CB",0,0,"Vaginal","Term",1,"NULISA",0.2417582,"CB"
"32627",357,"357_imputed_CB","IFNG",11.05,0,TRUE,11.05,"CB",0,0,"Vaginal","Term",1,"NULISA",0.2417582,"CB"
"32877",360,"360_imputed_CB","IFNG",11.05,0,TRUE,11.05,"CB",0,0,"Vaginal","Term",1,"NULISA",0.2417582,"CB"
"33127",382,"382_imputed_CB","IFNG",11.05,0,TRUE,11.05,"CB",0,0,"Vaginal","Term",0,"NULISA",0.2417582,"CB"
"33377",569,"569_imputed_CB","IFNG",11.05,0,TRUE,11.05,"CB",0,0,"C-section","Term",1,"NULISA",0.2417582,"CB"
"33627",595,"595_imputed_CB","IFNG",11.05,0,TRUE,11.05,"CB",0,0,"Vaginal","Term",0,"NULISA",0.2417582,"CB"
"33877",606,"606_imputed_CB","IFNG",11.05,0,TRUE,11.05,"CB",0,0,"Vaginal","Term",0,"NULISA",0.2417582,"CB"
"34127",613,"3870822","IFNG",10.92,0,NA,10.92,"CB",0,0,"Vaginal","Term",1,"NULISA",0.2417582,"CB"
"34377",619,"3871398","IFNG",10.87,0,NA,10.87,"CB",0,0,"C-section","Term",0,"NULISA",0.2417582,"CB"
"34627",622,"3871558","IFNG",11.11,0,NA,11.11,"CB",0,0,"C-section","Term",0,"NULISA",0.2417582,"CB"
"34877",624,"3871574","IFNG",10.44,0,NA,10.44,"CB",0,0,"Vaginal","Term",0,"NULISA",0.2417582,"CB"
"35127",630,"3871862","IFNG",10.87,0,NA,10.87,"CB",0,0,"Vaginal","Term",1,"NULISA",0.2417582,"CB"
"35377",632,"3871734","IFNG",10.92,0,NA,10.92,"CB",0,0,"Vaginal","Term",0,"NULISA",0.2417582,"CB"
"35627",633,"3871846","IFNG",10.54,0,NA,10.54,"CB",0,0,"Vaginal","Term",1,"NULISA",0.2417582,"CB"
"35877",634,"3871894","IFNG",10.76,0,NA,10.76,"CB",0,0,"Vaginal","Term",0,"NULISA",0.2417582,"CB"
"36127",641,"3872150","IFNG",10.79,0,NA,10.79,"CB",0,0,"C-section","Term",1,"NULISA",0.2417582,"CB"
"36377",647,"3872198","IFNG",11.85,0,NA,11.85,"CB",0,0,"Vaginal","Term",0,"NULISA",0.2417582,"CB"
"36627",649,"649_imputed_CB","IFNG",11.05,0,TRUE,11.05,"CB",0,0,"Vaginal","Term",0,"NULISA",0.2417582,"CB"
"36877",652,"3965156","IFNG",10.74,0,NA,10.74,"CB",0,0,"Vaginal","Term",0,"NULISA",0.2417582,"CB"
"37127",656,"656_imputed_CB","IFNG",11.05,0,TRUE,11.05,"CB",0,0,"C-section","Term",0,"NULISA",0.2417582,"CB"
"37377",660,"3872294","IFNG",11.8,0,NA,11.8,"CB",0,0,"C-section","Term",1,"NULISA",0.2417582,"CB"
"37627",662,"3965732","IFNG",12,0,NA,12,"CB",0,0,"C-section","Term",0,"NULISA",0.2417582,"CB"
"37877",664,"3965316","IFNG",12.79,0,NA,12.79,"CB",0,0,"C-section","Term",1,"NULISA",0.2417582,"CB"
"38127",665,"3965332","IFNG",12.12,0,NA,12.12,"CB",0,0,"C-section","Term",0,"NULISA",0.2417582,"CB"
"38377",666,"3965700","IFNG",11.15,0,NA,11.15,"CB",0,0,"C-section","Term",1,"NULISA",0.2417582,"CB"
"38627",668,"3965364","IFNG",11.77,0,NA,11.77,"CB",0,0,"C-section","Term",1,"NULISA",0.2417582,"CB"
"38877",677,"3965972","IFNG",11.44,0,NA,11.44,"CB",0,0,"C-section","Term",1,"NULISA",0.2417582,"CB"
"39127",681,"3965828","IFNG",11.19,0,NA,11.19,"CB",0,0,"C-section","Term",0,"NULISA",0.2417582,"CB"
"39377",683,"3966036","IFNG",10.25,0,NA,10.25,"CB",0,0,"Vaginal","Term",1,"NULISA",0.2417582,"CB"
"39627",684,"3966068","IFNG",10.36,0,NA,10.36,"CB",0,0,"Vaginal","Term",1,"NULISA",0.2417582,"CB"
"39877",690,"3872422","IFNG",9.41,0,NA,9.41,"CB",0,0,"Vaginal","Term",1,"NULISA",0.2417582,"CB"
"40127",692,"3965427","IFNG",9.75,0,NA,9.75,"CB",0,0,"Vaginal","Term",0,"NULISA",0.2417582,"CB"
"40377",695,"3872581","IFNG",12.01,0,NA,12.01,"CB",0,0,"C-section","Term",1,"NULISA",0.2417582,"CB"
"40627",699,"3965459","IFNG",10.55,0,NA,10.55,"CB",0,0,"Vaginal","Term",1,"NULISA",0.2417582,"CB"
"40877",707,"3965555","IFNG",10.75,0,NA,10.75,"CB",0,0,"Vaginal","Term",0,"NULISA",0.2417582,"CB"
"41127",711,"3872709","IFNG",10.29,0,NA,10.29,"CB",0,0,"Vaginal","Term",0,"NULISA",0.2417582,"CB"
"41377",716,"3965635","IFNG",10.72,0,NA,10.72,"CB",0,0,"Vaginal","Term",0,"NULISA",0.2417582,"CB"
"41627",718,"3872501","IFNG",10.87,0,NA,10.87,"CB",0,0,"Vaginal","Term",1,"NULISA",0.2417582,"CB"
"41877",720,"720_imputed_CB","IFNG",11.05,0,TRUE,11.05,"CB",0,0,"C-section","Term",0,"NULISA",0.2417582,"CB"
"42127",725,"3872981","IFNG",9.28,0,NA,9.28,"CB",0,0,"Vaginal","Term",0,"NULISA",0.2417582,"CB"
"42377",730,"730_imputed_CB","IFNG",11.05,0,TRUE,11.05,"CB",0,0,"Vaginal","Term",1,"NULISA",0.2417582,"CB"
"42627",734,"3872853","IFNG",11.87,0,NA,11.87,"CB",0,0,"Vaginal","Term",1,"NULISA",0.2417582,"CB"
"42877",737,"737_imputed_CB","IFNG",11.05,0,TRUE,11.05,"CB",0,0,"Vaginal","Term",1,"NULISA",0.2417582,"CB"
"43127",744,"3966547","IFNG",11.59,0,NA,11.59,"CB",0,0,"Vaginal","Term",0,"NULISA",0.2417582,"CB"
"43377",746,"3966211","IFNG",11.05,0,NA,11.05,"CB",0,0,"C-section","Term",0,"NULISA",0.2417582,"CB"
"43627",749,"3873125","IFNG",11.04,0,NA,11.04,"CB",0,0,"Vaginal","Term",0,"NULISA",0.2417582,"CB"
"43877",751,"3966243","IFNG",10.35,0,NA,10.35,"CB",0,0,"Vaginal","Term",0,"NULISA",0.2417582,"CB"
"44127",756,"3966675","IFNG",11.33,0,NA,11.33,"CB",0,0,"C-section","Term",0,"NULISA",0.2417582,"CB"
"44377",762,"3966307","IFNG",12.02,0,NA,12.02,"CB",0,0,"Vaginal","Term",1,"NULISA",0.2417582,"CB"
"44627",763,"763_imputed_CB","IFNG",11.05,0,TRUE,11.05,"CB",0,0,"Vaginal","Term",0,"NULISA",0.2417582,"CB"
"44877",773,"4095760","IFNG",9.88,0,NA,9.88,"CB",0,0,"Vaginal","Term",0,"NULISA",0.2417582,"CB"
"45127",775,"4095824","IFNG",10.42,0,NA,10.42,"CB",0,0,"Vaginal","Term",1,"NULISA",0.2417582,"CB"
"45377",776,"4096608","IFNG",11.52,0,NA,11.52,"CB",0,0,"Vaginal","Term",1,"NULISA",0.2417582,"CB"
"45627",779,"779_imputed_CB","IFNG",11.05,0,TRUE,11.05,"CB",0,0,"Vaginal","Term",0,"NULISA",0.2417582,"CB"
"45877",781,"4096016","IFNG",11.57,0,NA,11.57,"CB",0,0,"C-section","Term",1,"NULISA",0.2417582,"CB"
"46127",782,"4096048","IFNG",10.23,0,NA,10.23,"CB",0,0,"Vaginal","Term",1,"NULISA",0.2417582,"CB"
"46377",786,"4096128","IFNG",8.77,0,NA,8.77,"CB",0,0,"C-section","Term",0,"NULISA",0.2417582,"CB"
"46627",787,"4096112","IFNG",10.3,0,NA,10.3,"CB",0,0,"Vaginal","Term",0,"NULISA",0.2417582,"CB"
"46877",789,"4096176","IFNG",12.29,0,NA,12.29,"CB",0,0,"Vaginal","Term",0,"NULISA",0.2417582,"CB"
"47127",790,"4096192","IFNG",9.33,0,NA,9.33,"CB",0,0,"C-section","Term",0,"NULISA",0.2417582,"CB"
"47377",791,"4096224","IFNG",12.62,0,NA,12.62,"CB",0,0,"C-section","Term",1,"NULISA",0.2417582,"CB"
"47627",793,"4096784","IFNG",10.26,0,NA,10.26,"CB",0,0,"Vaginal","Term",0,"NULISA",0.2417582,"CB"
"47877",796,"4096256","IFNG",10.84,0,NA,10.84,"CB",0,0,"Vaginal","Term",0,"NULISA",0.2417582,"CB"
"48127",800,"4096880","IFNG",13.11,0,NA,13.11,"CB",0,0,"Vaginal","Term",1,"NULISA",0.2417582,"CB"
"48377",801,"4096924","IFNG",11.61,0,NA,11.61,"CB",0,0,"Vaginal","Term",1,"NULISA",0.2417582,"CB"
"48627",803,"4096352","IFNG",10.99,0,NA,10.99,"CB",0,0,"Vaginal","Term",1,"NULISA",0.2417582,"CB"
"48877",805,"4096384","IFNG",11.71,0,NA,11.71,"CB",0,0,"Vaginal","Term",1,"NULISA",0.2417582,"CB"
"49127",806,"4096400","IFNG",15.68,0,NA,15.68,"CB",0,0,"Vaginal","Term",1,"NULISA",0.2417582,"CB"
"49377",807,"4097008","IFNG",13.29,0,NA,13.29,"CB",0,0,"C-section","Term",0,"NULISA",0.2417582,"CB"
"49627",811,"4096448","IFNG",11.71,0,NA,11.71,"CB",0,0,"C-section","Term",0,"NULISA",0.2417582,"CB"
"49877",813,"4096544","IFNG",12.03,0,NA,12.03,"CB",0,0,"C-section","Term",1,"NULISA",0.2417582,"CB"
"50127",818,"4097136","IFNG",11.42,0,NA,11.42,"CB",0,0,"Vaginal","Term",0,"NULISA",0.2417582,"CB"
"50377",819,"4097184","IFNG",12.22,0,NA,12.22,"CB",0,0,"C-section","Term",1,"NULISA",0.2417582,"CB"
"50627",822,"4097680","IFNG",9.65,0,NA,9.65,"CB",0,0,"Vaginal","Term",0,"NULISA",0.2417582,"CB"
"50877",823,"4097712","IFNG",11.11,0,NA,11.11,"CB",0,0,"Vaginal","Term",0,"NULISA",0.2417582,"CB"
"51127",831,"4131113","IFNG",11.68,0,NA,11.68,"CB",0,0,"Vaginal","Term",0,"NULISA",0.2417582,"CB"
"51377",836,"4131097","IFNG",10.72,0,NA,10.72,"CB",0,0,"Vaginal","Term",0,"NULISA",0.2417582,"CB"
"51627",843,"4097920","IFNG",11.25,0,NA,11.25,"CB",0,0,NA,"Term",1,"NULISA",0.2417582,"CB"
"51877",844,"4097904","IFNG",11.2,0,NA,11.2,"CB",0,0,"C-section","Term",0,"NULISA",0.2417582,"CB"
"52127",847,"4131146","IFNG",11.38,0,NA,11.38,"CB",0,0,"Vaginal","Term",1,"NULISA",0.2417582,"CB"
"52377",851,"4131833","IFNG",11.23,0,NA,11.23,"CB",0,0,"C-section","Term",0,"NULISA",0.2417582,"CB"
"52627",853,"4131369","IFNG",9.04,0,NA,9.04,"CB",0,0,"C-section","Term",0,"NULISA",0.2417582,"CB"
"52877",860,"4131929","IFNG",10.7,0,NA,10.7,"CB",0,0,"C-section","Term",0,"NULISA",0.2417582,"CB"
"53292",480,"2600164356","IFN-gamma",13.03104,7.332325,NA,5.698715,"1-2d",1,1,"Vaginal","Term",0,"OLINK",0.299418604651163,"1w"
"53736",730,"3873029","IFNG",13.99,2.94,TRUE,11.05,"1-5d",1,1,"Vaginal","Term",1,"NULISA",0.2417582,"1w"
"57119",716,"3913722","IFN-gamma",13.261805,7.406865,TRUE,5.85494,"1-2d",1,2,"Vaginal","Term",0,"OLINK",0.299418604651163,"1w"
"57120",273,"2600100461","IFN-gamma",4.21336,-2.37993,NA,6.59329,"1-2d",1,2,"C-section","Term",1,"OLINK",0.299418604651163,"1w"
"57122",168,"2600100467","IFN-gamma",14.79054,8.77614,NA,6.0144,"1-2d",1,2,"Vaginal","Term",0,"OLINK",0.299418604651163,"1w"
"57123",569,"2600195482","IFN-gamma",15.13679,7.89185,NA,7.24494,"1-2d",1,2,"C-section","Term",1,"OLINK",0.299418604651163,"1w"
"57124",58,"66704907","IFN-gamma",1.07708,0,NA,1.07708,"1-2d",1,2,"C-section","Term",1,"OLINK",0.299418604651163,"1w"
"57125",534,"2600164415","IFN-gamma",11.06752,4.872935,NA,6.194585,"1-2d",1,2,"Vaginal","Term",1,"OLINK",0.299418604651163,"1w"
"57127",104,"66600183","IFN-gamma",3.63085,-2.22409,TRUE,5.85494,"1-2d",1,2,"Vaginal","Term",1,"OLINK",0.299418604651163,"1w"
"57128",84,"66627288","IFN-gamma",2.52908,1.53496,NA,0.99412,"1-2d",1,2,"Vaginal","Term",1,"OLINK",0.299418604651163,"1w"
"57130",39,"66704938","IFN-gamma",0.32028,0.02405,NA,0.29623,"1-2d",1,2,"C-section","Term",0,"OLINK",0.299418604651163,"1w"
"57131",144,"2600100483","IFN-gamma",0.51955,0.22332,NA,0.29623,"1-2d",1,2,"Vaginal","Term",0,"OLINK",0.299418604651163,"1w"
"57132",147,"2600100468","IFN-gamma",1.33714,1.04091,NA,0.29623,"1-2d",1,2,"C-section","Term",1,"OLINK",0.299418604651163,"1w"
"57134",126,"2600100479","IFN-gamma",2.85646,2.56023,NA,0.29623,"1-2d",1,2,"C-section","Term",0,"OLINK",0.299418604651163,"1w"
"57136",48,"66704940","IFN-gamma",2.75002,-4.05469,NA,6.80471,"1-2d",1,2,"C-section","Term",1,"OLINK",0.299418604651163,"1w"
"57137",165,"2600100477","IFN-gamma",13.92557,7.03762,NA,6.88795,"1-2d",1,2,"Vaginal","Term",0,"OLINK",0.299418604651163,"1w"
"57138",367,"2600164323","IFN-gamma",12.56335,7.111155,NA,5.452195,"1-2d",1,2,"Vaginal","Term",1,"OLINK",0.299418604651163,"1w"
"57139",297,"2600100361","IFN-gamma",12.22912,6.29577,NA,5.93335,"1-2d",1,2,"Vaginal","Term",1,"OLINK",0.299418604651163,"1w"
"57143",276,"2600100458","IFN-gamma",12.33874,6.91954,NA,5.4192,"1-2d",1,2,"C-section","Term",1,"OLINK",0.299418604651163,"1w"
"57145",668,"3964166","IFN-gamma",13.4891,6.82459,NA,6.66451,"1-2d",1,2,"C-section","Term",1,"OLINK",0.299418604651163,"1w"
"57146",77,"66627273","IFN-gamma",0.99412,0,NA,0.99412,"1-2d",1,2,"Vaginal","Term",0,"OLINK",0.299418604651163,"1w"
"57147",174,"2600100463","IFN-gamma",13.7402,7.52288,NA,6.21732,"1-2d",1,2,"C-section","Term",1,"OLINK",0.299418604651163,"1w"
"57149",81,"66627286","IFN-gamma",2.91417,1.92005,NA,0.99412,"1-2d",1,2,"Vaginal","Term",1,"OLINK",0.299418604651163,"1w"
"57151",101,"66600175","IFN-gamma",2.15465,-3.70029,TRUE,5.85494,"1-2d",1,2,"Vaginal","Term",1,"OLINK",0.299418604651163,"1w"
"57152",690,"3912871","IFN-gamma",6.60619,1.19134,NA,5.41485,"1-2d",1,2,"Vaginal","Term",1,"OLINK",0.299418604651163,"1w"
"57153",285,"2600100455","IFN-gamma",13.76743,13.4712,NA,0.29623,"1-2d",1,2,"Vaginal","Term",0,"OLINK",0.299418604651163,"1w"
"57154",634,"3935925","IFN-gamma",14.49256,8.56986,NA,5.9227,"1-2d",1,2,"Vaginal","Term",0,"OLINK",0.299418604651163,"1w"
"57156",162,"2600100341","IFN-gamma",0.54073,0.2445,NA,0.29623,"1-2d",1,2,"C-section","Term",0,"OLINK",0.299418604651163,"1w"
"57157",311,"2600100369","IFN-gamma",13.00045,6.56517,NA,6.43528,"1-2d",1,2,"Vaginal","Term",0,"OLINK",0.299418604651163,"1w"
"57158",492,"2600164373","IFN-gamma",11.518385,3.663835,NA,7.85455,"1-2d",1,2,"Vaginal","Term",1,"OLINK",0.299418604651163,"1w"
"57159",624,"3912839","IFN-gamma",13.02184,7.94967,NA,5.07217,"1-2d",1,2,"Vaginal","Term",0,"OLINK",0.299418604651163,"1w"
"57160",15,"2600100490","IFN-gamma",13.99922,9.415,NA,4.58422,"1-2d",1,2,"Vaginal","Term",1,"OLINK",0.299418604651163,"1w"
"57161",665,"3964150","IFN-gamma",14.46933,7.78563,NA,6.6837,"1-2d",1,2,"C-section","Term",0,"OLINK",0.299418604651163,"1w"
"57162",619,"3827856","IFN-gamma",11.38586,5.65788,NA,5.72798,"1-2d",1,2,"C-section","Term",0,"OLINK",0.299418604651163,"1w"
"57163",293,"2600100421","IFN-gamma",6.878975,1.159585,NA,5.71939,"1-2d",1,2,"Vaginal","Term",1,"OLINK",0.299418604651163,"1w"
"57164",180,"2600100466","IFN-gamma",0.29623,0,NA,0.29623,"1-2d",1,2,"C-section","Term",0,"OLINK",0.299418604651163,"1w"
"57165",332,"2600100376","IFN-gamma",13.29954,8.46979,NA,4.82975,"1-2d",1,2,"Vaginal","Term",0,"OLINK",0.299418604651163,"1w"
"57166",366,"2600164320","IFN-gamma",13.00713,7.622885,NA,5.384245,"1-2d",1,2,"Vaginal","Term",1,"OLINK",0.299418604651163,"1w"
"57167",68,"66704993","IFN-gamma",1.07708,-3.82486,NA,4.90194,"1-2d",1,2,"Vaginal","Term",0,"OLINK",0.299418604651163,"1w"
"57169",113,"66593911","IFN-gamma",4.60863,-1.24631,TRUE,5.85494,"1-2d",1,2,"Vaginal","Term",0,"OLINK",0.299418604651163,"1w"
"57171",177,"2600100462","IFN-gamma",14.4376,7.80755,NA,6.63005,"1-2d",1,2,"C-section","Term",1,"OLINK",0.299418604651163,"1w"
"57173",648,"3936437","IFN-gamma",6.85784,0.869870000000001,NA,5.98797,"1-2d",1,2,"C-section","Term",1,"OLINK",0.299418604651163,"1w"
"57174",18,"2600100486","IFN-gamma",14.48605,9.39157,NA,5.09448,"1-2d",1,2,"Vaginal","Term",1,"OLINK",0.299418604651163,"1w"
"57175",299,"2600100363","IFN-gamma",14.39694,9.0916,NA,5.30534,"1-2d",1,2,"Vaginal","Term",1,"OLINK",0.299418604651163,"1w"
"57177",488,"2600164372","IFN-gamma",8.21923,2.36429,TRUE,5.85494,"1-2d",1,2,"Vaginal","Term",0,"OLINK",0.299418604651163,"1w"
"57178",685,"3828608","IFN-gamma",15.30331,8.413765,NA,6.889545,"1-2d",1,2,"C-section","Term",0,"OLINK",0.299418604651163,"1w"
"57179",683,"3828528","IFN-gamma",11.26262,5.27345,NA,5.98917,"1-2d",1,2,"Vaginal","Term",1,"OLINK",0.299418604651163,"1w"
"57182",23,"2600100500","IFN-gamma",0.29623,0,NA,0.29623,"1-2d",1,2,"Vaginal","Term",0,"OLINK",0.299418604651163,"1w"
"57183",110,"66600233","IFN-gamma",0.91082,-4.94412,TRUE,5.85494,"1-2d",1,2,"Vaginal","Term",1,"OLINK",0.299418604651163,"1w"
"57184",141,"2600100475","IFN-gamma",1.82528,1.52905,NA,0.29623,"1-2d",1,2,"Vaginal","Term",1,"OLINK",0.299418604651163,"1w"
"57185",107,"66600229","IFN-gamma",0.91082,-4.94412,TRUE,5.85494,"1-2d",1,2,"Vaginal","Term",1,"OLINK",0.299418604651163,"1w"
"57186",677,"3963862","IFN-gamma",7.22049,0.569269999999999,NA,6.65122,"1-2d",1,2,"C-section","Term",1,"OLINK",0.299418604651163,"1w"
"57187",282,"2600100456","IFN-gamma",2.89734,2.60111,NA,0.29623,"1-2d",1,2,"Vaginal","Term",1,"OLINK",0.299418604651163,"1w"
"57188",31,"66704989","IFN-gamma",2.18596,1.88973,NA,0.29623,"1-2d",1,2,"C-section","Term",0,"OLINK",0.299418604651163,"1w"
"57189",45,"2600100488","IFN-gamma",0.29623,0,NA,0.29623,"1-2d",1,2,"C-section","Term",0,"OLINK",0.299418604651163,"1w"
"57191",653,"3964406","IFN-gamma",15.08775,9.44547,NA,5.64228,"1-2d",1,2,"Vaginal","Term",0,"OLINK",0.299418604651163,"1w"
"57192",363,"2600164325","IFN-gamma",5.971395,-2.180375,NA,8.15177,"1-2d",1,2,"Vaginal","Term",1,"OLINK",0.299418604651163,"1w"
"57193",649,"3936485","IFN-gamma",11.39162,5.78179,NA,5.60983,"1-2d",1,2,"Vaginal","Term",0,"OLINK",0.299418604651163,"1w"
"57194",662,"3963702","IFN-gamma",7.29813,0.838089999999999,NA,6.46004,"1-2d",1,2,"C-section","Term",0,"OLINK",0.299418604651163,"1w"
"57196",96,"66600158","IFN-gamma",4.64573,-1.20921,TRUE,5.85494,"1-2d",1,2,"Vaginal","Term",1,"OLINK",0.299418604651163,"1w"
"57197",537,"2600164417","IFN-gamma",9.976375,2.897825,NA,7.07855,"1-2d",1,2,"Vaginal","Term",0,"OLINK",0.299418604651163,"1w"
"57199",153,"2600100470","IFN-gamma",1.5845,1.28827,NA,0.29623,"1-2d",1,2,"C-section","Term",0,"OLINK",0.299418604651163,"1w"
"57202",532,"2600164414","IFN-gamma",13.1177,7.131085,NA,5.986615,"1-2d",1,2,"Vaginal","Term",0,"OLINK",0.299418604651163,"1w"
"57203",270,"2600100460","IFN-gamma",12.98393,6.70093,NA,6.283,"1-2d",1,2,"C-section","Term",0,"OLINK",0.299418604651163,"1w"
"57204",267,"2600100465","IFN-gamma",0.29623,0,NA,0.29623,"1-2d",1,2,"C-section","Term",0,"OLINK",0.299418604651163,"1w"
"61437",634,"3935926","IFNG",19.79,9.03,NA,10.76,"1-5d",1,2,"Vaginal","Term",0,"NULISA",0.2417582,"1w"
"61687",649,"3936486","IFNG",16.58,5.53,TRUE,11.05,"1-5d",1,2,"Vaginal","Term",0,"NULISA",0.2417582,"1w"
"61937",662,"3963702","IFNG",12.77,0.77,NA,12,"1-5d",1,2,"C-section","Term",0,"NULISA",0.2417582,"1w"
"62187",665,"3964151","IFNG",19.56,7.44,NA,12.12,"1-5d",1,2,"C-section","Term",0,"NULISA",0.2417582,"1w"
"62437",668,"3964167","IFNG",18.71,6.94,NA,11.77,"1-5d",1,2,"C-section","Term",1,"NULISA",0.2417582,"1w"
"62687",677,"3963863","IFNG",11.78,0.34,NA,11.44,"1-5d",1,2,"C-section","Term",1,"NULISA",0.2417582,"1w"
"62937",683,"3828529","IFNG",15.8,5.55,NA,10.25,"1-5d",1,2,"Vaginal","Term",1,"NULISA",0.2417582,"1w"
"63187",690,"3912873","IFNG",10.87,1.46,NA,9.41,"1-5d",1,2,"Vaginal","Term",1,"NULISA",0.2417582,"1w"
"63437",692,"3964918","IFNG",18.11,8.36,NA,9.75,"1-5d",1,2,"Vaginal","Term",0,"NULISA",0.2417582,"1w"
"63687",699,"3965078","IFNG",15,4.45,NA,10.55,"1-5d",1,2,"Vaginal","Term",1,"NULISA",0.2417582,"1w"
"63937",716,"3913719","IFNG",18.69,7.97,NA,10.72,"1-5d",1,2,"Vaginal","Term",0,"NULISA",0.2417582,"1w"
"64187",718,"3913703","IFNG",19.4,8.53,NA,10.87,"1-5d",1,2,"Vaginal","Term",1,"NULISA",0.2417582,"1w"
"64437",725,"3913335","IFNG",19.41,10.13,NA,9.28,"1-5d",1,2,"Vaginal","Term",0,"NULISA",0.2417582,"1w"
"64687",730,"3913367","IFNG",14.32,3.27,TRUE,11.05,"1-5d",1,2,"Vaginal","Term",1,"NULISA",0.2417582,"1w"
"64937",734,"4004246","IFNG",17.54,5.67,NA,11.87,"1-5d",1,2,"Vaginal","Term",1,"NULISA",0.2417582,"1w"
"65187",737,"3873173","IFNG",11.23,0.18,TRUE,11.05,"1-5d",1,2,"Vaginal","Term",1,"NULISA",0.2417582,"1w"
"65437",746,"4004374","IFNG",15.8,4.75,NA,11.05,"1-5d",1,2,"C-section","Term",0,"NULISA",0.2417582,"1w"
"65687",773,"4066205","IFNG",17.99,8.11,NA,9.88,"1-5d",1,2,"Vaginal","Term",0,"NULISA",0.2417582,"1w"
"65937",786,"4066285","IFNG",18.58,9.81,NA,8.77,"1-5d",1,2,"C-section","Term",0,"NULISA",0.2417582,"1w"
"66187",787,"4066317","IFNG",17.7,7.4,NA,10.3,"1-5d",1,2,"Vaginal","Term",0,"NULISA",0.2417582,"1w"
"66437",790,"4066349","IFNG",14.68,5.35,NA,9.33,"1-5d",1,2,"C-section","Term",0,"NULISA",0.2417582,"1w"
"66687",796,"4064158","IFNG",17.08,6.24,NA,10.84,"1-5d",1,2,"Vaginal","Term",0,"NULISA",0.2417582,"1w"
"66937",801,"4064109","IFNG",19.27,7.66,NA,11.61,"1-5d",1,2,"Vaginal","Term",1,"NULISA",0.2417582,"1w"
"67187",811,"4126661","IFNG",17.14,5.43,NA,11.71,"1-5d",1,2,"C-section","Term",0,"NULISA",0.2417582,"1w"
"67437",823,"4126885","IFNG",15.03,3.92,NA,11.11,"1-5d",1,2,"Vaginal","Term",0,"NULISA",0.2417582,"1w"
"67687",844,"4130197","IFNG",18.73,7.53,NA,11.2,"1-5d",1,2,"C-section","Term",0,"NULISA",0.2417582,"1w"
"67937",860,"4213748","IFNG",12.21,1.51,NA,10.7,"1-5d",1,2,"C-section","Term",0,"NULISA",0.2417582,"1w"
"69963",564,"2600100334","IFN-gamma",11.62534,5.682225,NA,5.943115,"3-6d",2,3,"Vaginal","Term",0,"OLINK",0.299418604651163,"1w"
"69964",663,"3963718","IFN-gamma",14.66176,8.55487,NA,6.10689,"3-6d",2,3,"C-section","Term",1,"OLINK",0.299418604651163,"1w"
"69965",65,"66704992","IFN-gamma",0.29623,0,NA,0.29623,"3-6d",2,3,"Vaginal","Term",1,"OLINK",0.299418604651163,"1w"
"69966",308,"2600100374","IFN-gamma",10.21435,3.78292,NA,6.43143,"3-6d",2,3,"Vaginal","Term",1,"OLINK",0.299418604651163,"1w"
"69968",61,"66704904","IFN-gamma",1.07708,0,NA,1.07708,"3-6d",2,3,"Vaginal","Term",1,"OLINK",0.299418604651163,"1w"
"69969",21,"2600100505","IFN-gamma",0.29623,0,NA,0.29623,"3-6d",2,3,"Vaginal","Term",0,"OLINK",0.299418604651163,"1w"
"69971",88,"66600142","IFN-gamma",0.91082,-4.94412,TRUE,5.85494,"3-6d",2,3,"Vaginal","Term",0,"OLINK",0.299418604651163,"1w"
"69972",633,"3935909","IFN-gamma",7.47315,1.30132,NA,6.17183,"3-6d",2,3,"Vaginal","Term",1,"OLINK",0.299418604651163,"1w"
"69975",290,"2600100447","IFN-gamma",12.4377,6.45241,NA,5.98529,"3-6d",2,3,"Vaginal","Term",0,"OLINK",0.299418604651163,"1w"
"69982",357,"2600164322","IFN-gamma",9.76195,3.691625,NA,6.070325,"3-6d",2,3,"Vaginal","Term",1,"OLINK",0.299418604651163,"1w"
"69983",305,"2600100371","IFN-gamma",7.879,3.04532,NA,4.83368,"3-6d",2,3,"Vaginal","Term",1,"OLINK",0.299418604651163,"1w"
"69984",684,"3828864","IFN-gamma",13.33416,6.67618,NA,6.65798,"3-6d",2,3,"Vaginal","Term",1,"OLINK",0.299418604651163,"1w"
"69985",382,"2600164335","IFN-gamma",12.38893,6.56303,NA,5.8259,"3-6d",2,3,"Vaginal","Term",0,"OLINK",0.299418604651163,"1w"
"69987",150,"2600100469","IFN-gamma",11.85443,5.32541,NA,6.52902,"3-6d",2,3,"C-section","Term",1,"OLINK",0.299418604651163,"1w"
"69989",488,"2600164478","IFN-gamma",5.033185,-0.821755,TRUE,5.85494,"3-6d",2,3,"Vaginal","Term",0,"OLINK",0.299418604651163,"1w"
"69991",522,"2600164397","IFN-gamma",12.446915,6.53466,NA,5.912255,"3-6d",2,3,"Vaginal","Term",0,"OLINK",0.299418604651163,"1w"
"69994",533,"2600164416","IFN-gamma",12.61997,5.44194,NA,7.17803,"3-6d",2,3,"Vaginal","Term",0,"OLINK",0.299418604651163,"1w"
"69995",71,"66627304","IFN-gamma",1.67809,0.68397,NA,0.99412,"3-6d",2,3,"Vaginal","Term",1,"OLINK",0.299418604651163,"1w"
"69996",74,"66627302","IFN-gamma",0.99412,0,NA,0.99412,"3-6d",2,3,"Vaginal","Term",0,"OLINK",0.299418604651163,"1w"
"69998",632,"3935893","IFN-gamma",7.82225,1.79314,NA,6.02911,"3-6d",2,3,"Vaginal","Term",0,"OLINK",0.299418604651163,"1w"
"70000",93,"66600143","IFN-gamma",0.91082,-4.94412,TRUE,5.85494,"3-6d",2,3,"Vaginal","Term",0,"OLINK",0.299418604651163,"1w"
"70001",116,"66627285","IFN-gamma",0.99412,0,NA,0.99412,"3-6d",2,3,"Vaginal","Term",1,"OLINK",0.299418604651163,"1w"
"70002",122,"66627275","IFN-gamma",0.99412,0,NA,0.99412,"3-6d",2,3,"Vaginal","Term",0,"OLINK",0.299418604651163,"1w"
"70003",119,"66627306","IFN-gamma",0.99412,0,NA,0.99412,"3-6d",2,3,"Vaginal","Term",1,"OLINK",0.299418604651163,"1w"
"70004",129,"2600100472","IFN-gamma",11.91885,6.26417,NA,5.65468,"3-6d",2,3,"Vaginal","Term",1,"OLINK",0.299418604651163,"1w"
"70005",42,"2600100480","IFN-gamma",0.29623,0,NA,0.29623,"3-6d",2,3,"Vaginal","Term",1,"OLINK",0.299418604651163,"1w"
"70007",302,"2600100364","IFN-gamma",13.26156,7.10734,NA,6.15422,"3-6d",2,3,"Vaginal","Term",1,"OLINK",0.299418604651163,"1w"
"70008",340,"2600100380","IFN-gamma",11.88753,5.30131,NA,6.58622,"3-6d",2,3,"Vaginal","Term",0,"OLINK",0.299418604651163,"1w"
"70009",647,"3936421","IFN-gamma",10.32575,3.90167,NA,6.42408,"3-6d",2,3,"Vaginal","Term",0,"OLINK",0.299418604651163,"1w"
"70010",557,"2600164402","IFN-gamma",8.81797,0.208630000000001,NA,8.60934,"3-6d",2,3,"Vaginal","Term",1,"OLINK",0.299418604651163,"1w"
"72515",633,"3935910","IFNG",12.3,1.76,NA,10.54,"1-5d",1,3,"Vaginal","Term",1,"NULISA",0.2417582,"1w"
"72765",647,"3936422","IFNG",15.47,3.62,NA,11.85,"1-5d",1,3,"Vaginal","Term",0,"NULISA",0.2417582,"1w"
"73015",684,"3828866","IFNG",17.81,7.45,NA,10.36,"1-5d",1,3,"Vaginal","Term",1,"NULISA",0.2417582,"1w"
"73265",744,"4004838","IFNG",14.32,2.73,NA,11.59,"1-5d",1,3,"Vaginal","Term",0,"NULISA",0.2417582,"1w"
"73515",749,"4004407","IFNG",13.56,2.52,NA,11.04,"1-5d",1,3,"Vaginal","Term",0,"NULISA",0.2417582,"1w"
"73765",756,"4005430","IFNG",16.95,5.62,NA,11.33,"1-5d",1,3,"C-section","Term",0,"NULISA",0.2417582,"1w"
"74015",762,"4066093","IFNG",15.71,3.69,NA,12.02,"1-5d",1,3,"Vaginal","Term",1,"NULISA",0.2417582,"1w"
"74265",776,"4066237","IFNG",16.58,5.06,NA,11.52,"1-5d",1,3,"Vaginal","Term",1,"NULISA",0.2417582,"1w"
"74515",779,"4066301","IFNG",13.06,2.01,TRUE,11.05,"1-5d",1,3,"Vaginal","Term",0,"NULISA",0.2417582,"1w"
"74765",782,"4066996","IFNG",15.06,4.83,NA,10.23,"1-5d",1,3,"Vaginal","Term",1,"NULISA",0.2417582,"1w"
"75015",791,"4064125","IFNG",17.61,4.99,NA,12.62,"1-5d",1,3,"C-section","Term",1,"NULISA",0.2417582,"1w"
"75265",800,"4064093","IFNG",14.5,1.39,NA,13.11,"1-5d",1,3,"Vaginal","Term",1,"NULISA",0.2417582,"1w"
"75515",805,"4126981","IFNG",15.61,3.9,NA,11.71,"1-5d",1,3,"Vaginal","Term",1,"NULISA",0.2417582,"1w"
"75765",806,"4126613","IFNG",15.5,-0.18,NA,15.68,"1-5d",1,3,"Vaginal","Term",1,"NULISA",0.2417582,"1w"
"76015",818,"4127637","IFNG",13.4,1.98,NA,11.42,"1-5d",1,3,"Vaginal","Term",0,"NULISA",0.2417582,"1w"
"76265",831,"4126933","IFNG",18.66,6.98,NA,11.68,"1-5d",1,3,"Vaginal","Term",0,"NULISA",0.2417582,"1w"
"76515",836,"4126965","IFNG",14.07,3.35,NA,10.72,"1-5d",1,3,"Vaginal","Term",0,"NULISA",0.2417582,"1w"
"77605",652,"3936501","IFN-gamma",8.16486,3.48402,NA,4.68084,"3-6d",2,4,"Vaginal","Term",0,"OLINK",0.299418604651163,"1w"
"77607",80,"2600100485","IFN-gamma",9.98491,3.71468,NA,6.27023,"3-6d",2,4,"C-section","Term",1,"OLINK",0.299418604651163,"1w"
"77608",664,"3964134","IFN-gamma",8.2882,0.80101,NA,7.48719,"3-6d",2,4,"C-section","Term",1,"OLINK",0.299418604651163,"1w"
"77609",54,"66704935","IFN-gamma",1.07708,0,NA,1.07708,"3-6d",2,4,"Vaginal","Term",0,"OLINK",0.299418604651163,"1w"
"77615",613,"3912327","IFN-gamma",9.60803,3.16514,NA,6.44289,"3-6d",2,4,"Vaginal","Term",1,"OLINK",0.299418604651163,"1w"
"77618",477,"2600164345","IFN-gamma",8.57779,0.384679999999999,NA,8.19311,"3-6d",2,4,"Vaginal","Term",0,"OLINK",0.299418604651163,"1w"
"77620",681,"3964374","IFN-gamma",9.00657,1.98426,NA,7.02231,"3-6d",2,4,"C-section","Term",0,"OLINK",0.299418604651163,"1w"
"77621",606,"3825904","IFN-gamma",11.85406,5.99912,TRUE,5.85494,"3-6d",2,4,"Vaginal","Term",0,"OLINK",0.299418604651163,"1w"
"77623",85,"66627287","IFN-gamma",2.10076,1.10664,NA,0.99412,"3-6d",2,4,"Vaginal","Term",1,"OLINK",0.299418604651163,"1w"
"77626",595,"3826352","IFN-gamma",10.68845,4.83351,TRUE,5.85494,"3-6d",2,4,"Vaginal","Term",0,"OLINK",0.299418604651163,"1w"
"77627",25,"2600100484","IFN-gamma",0.29623,0,NA,0.29623,"3-6d",2,4,"Vaginal","Term",0,"OLINK",0.299418604651163,"1w"
"77628",51,"66704936","IFN-gamma",4.21336,-1.64158,TRUE,5.85494,"3-6d",2,4,"Vaginal","Term",1,"OLINK",0.299418604651163,"1w"
"78933",606,"3825905","IFNG",17.45,6.4,TRUE,11.05,"1-5d",1,4,"Vaginal","Term",0,"NULISA",0.2417582,"1w"
"79183",613,"3912328","IFNG",14.8,3.88,NA,10.92,"1-5d",1,4,"Vaginal","Term",1,"NULISA",0.2417582,"1w"
"79433",641,"3828208","IFNG",12.92,2.13,NA,10.79,"1-5d",1,4,"C-section","Term",1,"NULISA",0.2417582,"1w"
"79683",681,"3964376","IFNG",12.8,1.61,NA,11.19,"1-5d",1,4,"C-section","Term",0,"NULISA",0.2417582,"1w"
"79933",695,"3964983","IFNG",16.04,4.03,NA,12.01,"1-5d",1,4,"C-section","Term",1,"NULISA",0.2417582,"1w"
"80183",789,"4066333","IFNG",19.35,7.06,NA,12.29,"1-5d",1,4,"Vaginal","Term",0,"NULISA",0.2417582,"1w"
"80433",847,"4212852","IFNG",15.16,3.78,NA,11.38,"1-5d",1,4,"Vaginal","Term",1,"NULISA",0.2417582,"1w"
"81413",28,"2600100503","IFN-gamma",8.34102,2.48608,TRUE,5.85494,"3-6d",2,5,"Vaginal","Term",0,"OLINK",0.299418604651163,"1w"
"81421",334,"2600100377","IFN-gamma",6.76838,2.02514,NA,4.74324,"3-6d",2,5,"Vaginal","Term",0,"OLINK",0.299418604651163,"1w"
"81424",656,"3963830","IFN-gamma",5.60396,-1.52687,NA,7.13083,"3-6d",2,5,"C-section","Term",0,"OLINK",0.299418604651163,"1w"
"81425",337,"2600100471","IFN-gamma",0.29623,0,NA,0.29623,"3-6d",2,5,"Vaginal","Term",1,"OLINK",0.299418604651163,"1w"
"82592",793,"4064045","IFNG",12.11,1.85,NA,10.26,"1-5d",1,5,"Vaginal","Term",0,"NULISA",0.2417582,"1w"
"82842",822,"4126901","IFNG",14.15,4.5,NA,9.65,"1-5d",1,5,"Vaginal","Term",0,"NULISA",0.2417582,"1w"
