"","predictor","OR","CI_lower","CI_upper","p_value","n_total","predictor_levels","predictor_counts","predictor_R_counts","predictor_R_proportions","warning","error_message","allergen_broad_grouping","threshold","subset","p.BH","OR_formatted"
"1","IFNG_category",10.2955986363913,1.88607603057419,106.752194399572,0.00165460185953333,75,"IFNgLOW vs IFNgHIGH","IFNgLOW : 47; IFNgHIGH : 28","IFNgLOW : 2; IFNgHIGH : 9","IFNgLOW : 0.043; IFNgHIGH : 0.321",FALSE,NA,"Cow milk","3sd","Term",0.0496380557859998,"10.3 (1.89 - 106.75)"
"2","IFNG_category",6.12358996425539,1.68425630131691,25.9440203290036,0.00333182664857217,75,"IFNgLOW vs IFNgHIGH","IFNgLOW : 47; IFNgHIGH : 28","IFNgLOW : 5; IFNgHIGH : 12","IFNgLOW : 0.106; IFNgHIGH : 0.429",FALSE,NA,"Animals, Cow milk, Egg white, nuts and seeds","3sd","Term",0.0499773997285826,"6.12 (1.68 - 25.94)"
"3","IFNG_category",9.69803555160803,1.00268385261041,481.643486052222,0.0248108420981275,75,"IFNgLOW vs IFNgHIGH","IFNgLOW : 47; IFNgHIGH : 28","IFNgLOW : 1; IFNgHIGH : 5","IFNgLOW : 0.021; IFNgHIGH : 0.179",FALSE,NA,"Cow milk","4sd","Term",0.248108420981275,"9.7 (1 - 481.64)"
"4","IFNG_category",3.9206155104658,0.752722183358369,26.5331659164673,0.0708975612827725,75,"IFNgLOW vs IFNgHIGH","IFNgLOW : 47; IFNgHIGH : 28","IFNgLOW : 3; IFNgHIGH : 6","IFNgLOW : 0.064; IFNgHIGH : 0.214",FALSE,NA,"Animals, Cow milk, Egg white, nuts and seeds","4sd","Term",0.441074535008967,"3.92 (0.75 - 26.53)"
"5","IFNG_category",2.49476734290619,0.83578034256942,7.63138468252281,0.0792895378605346,75,"IFNgLOW vs IFNgHIGH","IFNgLOW : 47; IFNgHIGH : 28","IFNgLOW : 12; IFNgHIGH : 13","IFNgLOW : 0.255; IFNgHIGH : 0.464",FALSE,NA,"all allergens","3sd","Term",0.441074535008967,"2.49 (0.84 - 7.63)"
"6","IFNG_category",3.51761670815623,0.791218148461687,18.2896281899795,0.0882149070017934,75,"IFNgLOW vs IFNgHIGH","IFNgLOW : 47; IFNgHIGH : 28","IFNgLOW : 4; IFNgHIGH : 7","IFNgLOW : 0.085; IFNgHIGH : 0.25",FALSE,NA,"all allergens","4sd","Term",0.441074535008967,"3.52 (0.79 - 18.29)"
"7","IFNG_category",3.13600784723045,0.553772658255495,22.0068247648534,0.140719225882259,75,"IFNgLOW vs IFNgHIGH","IFNgLOW : 47; IFNgHIGH : 28","IFNgLOW : 3; IFNgHIGH : 5","IFNgLOW : 0.064; IFNgHIGH : 0.179",FALSE,NA,"NutSeed","3sd","Term",0.603082396638252,"3.14 (0.55 - 22.01)"
"8","IFNG_category",2.26416626879502,0.511574438155019,10.5367777430726,0.311352187144814,75,"IFNgLOW vs IFNgHIGH","IFNgLOW : 47; IFNgHIGH : 28","IFNgLOW : 5; IFNgHIGH : 6","IFNgLOW : 0.106; IFNgHIGH : 0.214",FALSE,NA,"Animals","2sd","Term",1,"2.26 (0.51 - 10.54)"
"9","IFNG_category",2.66234701180881,0.285084344728621,33.872933097957,0.355510826280651,75,"IFNgLOW vs IFNgHIGH","IFNgLOW : 47; IFNgHIGH : 28","IFNgLOW : 2; IFNgHIGH : 3","IFNgLOW : 0.043; IFNgHIGH : 0.107",FALSE,NA,"NutSeed","4sd","Term",1,"2.66 (0.29 - 33.87)"
"10","IFNG_category",0.315174589232036,0.00635144280118828,3.04150227464462,0.401357869542319,75,"IFNgLOW vs IFNgHIGH","IFNgLOW : 47; IFNgHIGH : 28","IFNgLOW : 5; IFNgHIGH : 1","IFNgLOW : 0.106; IFNgHIGH : 0.036",FALSE,NA,"SeaCreatures","2sd","Term",1,"0.32 (0.01 - 3.04)"
"11","IFNG_category",1.42172525184375,0.504353134883398,4.06275453639042,0.483324559693533,75,"IFNgLOW vs IFNgHIGH","IFNgLOW : 47; IFNgHIGH : 28","IFNgLOW : 21; IFNgHIGH : 15","IFNgLOW : 0.447; IFNgHIGH : 0.536",FALSE,NA,"Animals, Cow milk, Egg white, nuts and seeds","2sd","Term",1,"1.42 (0.5 - 4.06)"
"12","IFNG_category",3.47659619658879,0.173236294307567,212.90022253198,0.551751203258053,75,"IFNgLOW vs IFNgHIGH","IFNgLOW : 47; IFNgHIGH : 28","IFNgLOW : 1; IFNgHIGH : 2","IFNgLOW : 0.021; IFNgHIGH : 0.071",FALSE,NA,"Animals","3sd","Term",1,"3.48 (0.17 - 212.9)"
"13","IFNG_category",3.47659619658879,0.173236294307567,212.90022253198,0.551751203258053,75,"IFNgLOW vs IFNgHIGH","IFNgLOW : 47; IFNgHIGH : 28","IFNgLOW : 1; IFNgHIGH : 2","IFNgLOW : 0.021; IFNgHIGH : 0.071",FALSE,NA,"Egg white","3sd","Term",1,"3.48 (0.17 - 212.9)"
"14","IFNG_category",1.3743432337869,0.46072311991554,4.06241815725613,0.617724631243409,75,"IFNgLOW vs IFNgHIGH","IFNgLOW : 47; IFNgHIGH : 28","IFNgLOW : 15; IFNgHIGH : 11","IFNgLOW : 0.319; IFNgHIGH : 0.393",FALSE,NA,"Cow milk","2sd","Term",1,"1.37 (0.46 - 4.06)"
"15","IFNG_category",0.402414554359419,0.00780530476385662,4.35362602795747,0.644873312440359,75,"IFNgLOW vs IFNgHIGH","IFNgLOW : 47; IFNgHIGH : 28","IFNgLOW : 4; IFNgHIGH : 1","IFNgLOW : 0.085; IFNgHIGH : 0.036",FALSE,NA,"SeaCreatures","3sd","Term",1,"0.4 (0.01 - 4.35)"
"16","IFNG_category",1.74607516491244,0.217234843817941,14.0440837865579,0.665166266015195,75,"IFNgLOW vs IFNgHIGH","IFNgLOW : 47; IFNgHIGH : 28","IFNgLOW : 3; IFNgHIGH : 3","IFNgLOW : 0.064; IFNgHIGH : 0.107",FALSE,NA,"Fruit, vegetables, plants and sea food","4sd","Term",1,"1.75 (0.22 - 14.04)"
"17","IFNG_category",1.74607516491244,0.217234843817941,14.0440837865579,0.665166266015195,75,"IFNgLOW vs IFNgHIGH","IFNgLOW : 47; IFNgHIGH : 28","IFNgLOW : 3; IFNgHIGH : 3","IFNgLOW : 0.064; IFNgHIGH : 0.107",FALSE,NA,"PlantsTrees","4sd","Term",1,"1.75 (0.22 - 14.04)"
"18","IFNG_category",1.39350208006158,0.251294676227289,7.18200372827773,0.719924241475656,75,"IFNgLOW vs IFNgHIGH","IFNgLOW : 47; IFNgHIGH : 28","IFNgLOW : 5; IFNgHIGH : 4","IFNgLOW : 0.106; IFNgHIGH : 0.143",FALSE,NA,"Egg white","2sd","Term",1,"1.39 (0.25 - 7.18)"
"19","IFNG_category",1.47737059468871,0.319115716983043,6.54881501830463,0.737108376842992,75,"IFNgLOW vs IFNgHIGH","IFNgLOW : 47; IFNgHIGH : 28","IFNgLOW : 6; IFNgHIGH : 5","IFNgLOW : 0.128; IFNgHIGH : 0.179",FALSE,NA,"FruitVegetables","2sd","Term",1,"1.48 (0.32 - 6.55)"
"20","IFNG_category",0.706907248214466,0.142864485732927,2.89250041926127,0.755886349925636,75,"IFNgLOW vs IFNgHIGH","IFNgLOW : 47; IFNgHIGH : 28","IFNgLOW : 9; IFNgHIGH : 4","IFNgLOW : 0.191; IFNgHIGH : 0.143",FALSE,NA,"Fruit, vegetables, plants and sea food","3sd","Term",1,"0.71 (0.14 - 2.89)"
"21","IFNG_category",1.30428711577437,0.386849444637562,4.26480604580164,0.784316984014635,75,"IFNgLOW vs IFNgHIGH","IFNgLOW : 47; IFNgHIGH : 28","IFNgLOW : 11; IFNgHIGH : 8","IFNgLOW : 0.234; IFNgHIGH : 0.286",FALSE,NA,"NutSeed","2sd","Term",1,"1.3 (0.39 - 4.26)"
"22","IFNG_category",1.16754070384181,0.409754102462918,3.31773014525464,0.812223579983769,75,"IFNgLOW vs IFNgHIGH","IFNgLOW : 47; IFNgHIGH : 28","IFNgLOW : 20; IFNgHIGH : 13","IFNgLOW : 0.426; IFNgHIGH : 0.464",FALSE,NA,"Fruit, vegetables, plants and sea food","2sd","Term",1,"1.17 (0.41 - 3.32)"
"23","IFNG_category",0.959750794074728,0.332542752918628,2.8215432792129,1,75,"IFNgLOW vs IFNgHIGH","IFNgLOW : 47; IFNgHIGH : 28","IFNgLOW : 29; IFNgHIGH : 17","IFNgLOW : 0.617; IFNgHIGH : 0.607",FALSE,NA,"all allergens","2sd","Term",1,"0.96 (0.33 - 2.82)"
"24","IFNG_category",1.07532891032644,0.35514268630787,3.17702957492867,1,75,"IFNgLOW vs IFNgHIGH","IFNgLOW : 47; IFNgHIGH : 28","IFNgLOW : 16; IFNgHIGH : 10","IFNgLOW : 0.34; IFNgHIGH : 0.357",FALSE,NA,"PlantsTrees","2sd","Term",1,"1.08 (0.36 - 3.18)"
"25","IFNG_category",0,0,65.398412870964,1,75,"IFNgLOW vs IFNgHIGH","IFNgLOW : 47; IFNgHIGH : 28","IFNgLOW : 1; IFNgHIGH : 0","IFNgLOW : 0.021; IFNgHIGH : 0",FALSE,NA,"FruitVegetables","3sd","Term",1,"0 (0 - 65.4)"
"26","IFNG_category",0.814710670770569,0.161647969883087,3.45212864687793,1,75,"IFNgLOW vs IFNgHIGH","IFNgLOW : 47; IFNgHIGH : 28","IFNgLOW : 8; IFNgHIGH : 4","IFNgLOW : 0.17; IFNgHIGH : 0.143",FALSE,NA,"PlantsTrees","3sd","Term",1,"0.81 (0.16 - 3.45)"
"27","IFNG_category",1.69101435565161,0.0209362187864183,136.445384100619,1,75,"IFNgLOW vs IFNgHIGH","IFNgLOW : 47; IFNgHIGH : 28","IFNgLOW : 1; IFNgHIGH : 1","IFNgLOW : 0.021; IFNgHIGH : 0.036",FALSE,NA,"Animals","4sd","Term",1,"1.69 (0.02 - 136.45)"
"28","IFNG_category",1.69101435565161,0.0209362187864183,136.445384100619,1,75,"IFNgLOW vs IFNgHIGH","IFNgLOW : 47; IFNgHIGH : 28","IFNgLOW : 1; IFNgHIGH : 1","IFNgLOW : 0.021; IFNgHIGH : 0.036",FALSE,NA,"Egg white","4sd","Term",1,"1.69 (0.02 - 136.45)"
"29","IFNG_category",0,0,65.398412870964,1,75,"IFNgLOW vs IFNgHIGH","IFNgLOW : 47; IFNgHIGH : 28","IFNgLOW : 1; IFNgHIGH : 0","IFNgLOW : 0.021; IFNgHIGH : 0",FALSE,NA,"FruitVegetables","4sd","Term",1,"0 (0 - 65.4)"
"30","IFNG_category",0.835342143949698,0.0136327334199693,16.7618299771628,1,75,"IFNgLOW vs IFNgHIGH","IFNgLOW : 47; IFNgHIGH : 28","IFNgLOW : 2; IFNgHIGH : 1","IFNgLOW : 0.043; IFNgHIGH : 0.036",FALSE,NA,"SeaCreatures","4sd","Term",1,"0.84 (0.01 - 16.76)"
