"","subject","sample_id","cytof_Basophils","cytof_gdT","cytof_Memory.CD4.T","cytof_Memory.CD8.T","cytof_Monocytes","cytof_Naive.B.cells","cytof_Naive.CD4.T","cytof_Naive.CD8.T","cytof_Neutrophils","cytof_NK.cells","cytof_pDC","cytof_mDC","cytof_Memory.B.cells","cytof_Tregs","cytof_B.cells","cytof_Eosinophils","cytof_Platelets","cytof_MSC","baby_age","BinGroupStr","BinGroupNumeric","BinGroupGee","IFNG_category","mode_delivery","group","sex"
"1",15,2600100700,0.0133689839572193,0.138146167557932,0.151515151515152,0.0980392156862745,0.405525846702317,0.0802139037433155,0.441176470588235,0.071301247771836,98.1194295900178,NA,NA,NA,NA,NA,NA,0.071301247771836,0.409982174688057,NA,0,"CB",0,"CB","IFNgHIGH","Vaginal","Term",1
"2",15,2600100490,0.0125470514429109,0.14219991635299,0.13801756587202,0.108741112505228,0.317858636553743,0.0669176076955249,0.464240903387704,0.0752823086574655,98.2601421999164,NA,NA,NA,NA,NA,NA,0.0794646591384358,0.334588038477624,NA,2,"1-6d",1,"1-6d","IFNgHIGH","Vaginal","Term",1
"3",18,2600100486,0.336700336700337,4.20875420875421,5.21885521885523,0.505050505050505,20.8754208754209,1.85185185185186,3.7037037037037,3.1986531986532,45.959595959596,1.01010101010101,0.168350168350168,NA,NA,2.35690235690236,NA,5.05050505050505,5.55555555555556,NA,2,"1-6d",1,"1-6d","IFNgHIGH","Vaginal","Term",1
"4",18,2600100707,0.315457413249212,2.20820189274448,2.8391167192429,1.26182965299685,12.3028391167192,0.946372239747635,4.10094637223975,2.20820189274448,58.3596214511041,0.315457413249212,NA,NA,NA,2.20820189274448,NA,4.73186119873816,8.2018927444795,NA,0,"CB",0,"CB","IFNgHIGH","Vaginal","Term",1
"5",28,2600100706,1.1340206185567,4.22680412371134,3.60824742268041,0.721649484536083,7.83505154639175,1.03092783505155,4.43298969072165,2.78350515463917,66.3917525773196,1.75257731958764,0.103092783505155,NA,NA,2.37113402061857,NA,2.26804123711341,1.34020618556701,NA,0,"CB",0,"CB","IFNgHIGH","Vaginal","Term",0
"6",28,2600100503,0.576036866359447,3.57142857142858,5.06912442396314,1.84331797235023,7.83410138248848,1.84331797235023,3.45622119815669,4.49308755760369,57.8341013824884,1.49769585253456,NA,NA,NA,3.2258064516129,NA,3.57142857142858,5.18433179723503,NA,5,"1-6d",1,"1-6d","IFNgHIGH","Vaginal","Term",0
"9",42,2600100429,0.636663007683864,1.61727039882912,6.41053787047201,1.38309549945116,16.311745334797,17.1533113794365,12.5795828759605,3.18331503841932,26.4032199048664,2.07098426637395,0.314672521039152,NA,NA,2.75155506769118,NA,7.30332967435054,1.88071716062935,NA,108,"56-120dd",3,"56-120dd","IFNgLOW","Vaginal","Term",1
"10",42,2600100480,0.732112158397059,1.17375066690378,15.0631335585986,1.49386448515028,25.7988025371984,3.30191475487581,14.6155670164207,5.30855415258758,21.9277965498844,0.465350643191653,0.177841010136938,NA,NA,1.72802181516391,NA,7.68865967158692,0.524630979903965,NA,3,"1-6d",1,"1-6d","IFNgLOW","Vaginal","Term",1
"11",42,2600100343,0.246153846153846,0.984615384615384,9.9076923076923,1.78461538461538,16.7384615384615,22.5846153846154,15.6923076923077,2.76923076923076,8.8,6.46153846153846,0.553846153846154,NA,NA,1.78461538461538,NA,10.1538461538462,1.53846153846154,NA,63,"56-120dd",3,"56-120dd","IFNgLOW","Vaginal","Term",1
"12",42,2600100696,0.478986402966626,4.21044499381953,5.88689740420273,0.896168108776267,18.4718788627936,4.98300370828183,5.77873918417801,2.59579728059333,39.6554388133498,5.53152039555007,0.332200247218789,NA,NA,0.92707045735476,NA,8.59085290482078,1.66100123609394,NA,0,"CB",0,"CB","IFNgLOW","Vaginal","Term",1
"13",80,2600100695,0.155352921310368,3.18135764944276,7.38939547450186,0.857818304626815,11.5298885511651,1.87774400540358,8.80783519081391,4.27558257345491,48.06484295846,1.96555217831814,0.425531914893617,NA,NA,1.41843971631206,NA,9.60486322188449,0.44579533941236,NA,0,"CB",0,"CB","IFNgHIGH","C-section","Term",1
"14",80,2600100485,0.280432073120067,5.72289156626507,4.77773161611965,0.52970502700457,29.6530951391774,3.54175321977565,8.38180307436644,2.3784794349813,24.7091815538014,0.394682176983798,0.0934773577066888,NA,NA,0.716659742417948,NA,16.9194017449106,1.90070627336935,NA,4,"1-6d",1,"1-6d","IFNgHIGH","C-section","Term",1
"15",88,66600203,0.707930065563534,0.267717764595692,3.33047143303153,0.0827349359975023,4.13518576334686,7.98392132375898,18.4935997502342,4.58632532001249,58.4694036840462,1.75772713081486,0.184982828598189,NA,NA,NA,NA,NA,NA,NA,105,"56-120dd",3,"56-120dd","IFNgLOW","Vaginal","Term",0
"16",93,66600194,2.31387764282501,0.670546558704453,7.64029464687359,0.406264057579847,4.61369770580297,15.8077485380117,20.9373594242015,4.22992577597841,41.7791273054431,1.43246738641475,0.168690958164642,NA,NA,NA,NA,NA,NA,NA,105,"56-120dd",3,"56-120dd","IFNgLOW","Vaginal","Term",0
"18",101,66600197,0.461705018255923,0.151778891058844,3.2213212193258,0.163454190371062,3.58643967054428,7.37878916532223,27.9559735076845,3.33595143075486,52.175851235459,1.42120234355099,0.147533327672582,NA,NA,NA,NA,NA,NA,NA,113,"56-120dd",3,"56-120dd","IFNgLOW","Vaginal","Term",1
"19",104,66600202,0.998672095345749,0.500433489535892,4.52255791749432,0.48067953600158,4.02212442795843,8.2121574609585,22.7422877273076,4.59389163859045,51.4140538404978,2.35840256362419,0.15473930268544,NA,NA,NA,NA,NA,NA,NA,71,"56-120dd",3,"56-120dd","IFNgLOW","Vaginal","Term",1
"20",107,66600241,0.0674716408259654,NA,7.28061174287681,1.38176297774842,14.2843086265304,NA,11.3078253046766,1.42393275326464,56.5384236937912,2.24062073909559,0.215065855132765,0.177815886760096,NA,1.06619249096864,2.35939894013297,1.65656934819583,NA,NA,4,"1-6d",1,"1-6d","IFNgLOW","Vaginal","Term",1
"21",107,66600231,0.0404587005171127,NA,4.0682066259551,0.855954382815168,11.4165181073757,NA,6.14677236502177,0.733735391669722,67.3936589415835,2.72000472018173,0.282368014025683,0.0720670602961071,NA,0.816760016689214,3.59450267406724,1.85899299980192,NA,NA,0,"CB",0,"CB","IFNgLOW","Vaginal","Term",1
"22",107,66627239,0.0896408055047031,NA,9.79041727163691,2.35528060097217,4.93150684931507,NA,31.1950003156366,4.20238621299161,29.1244239631336,2.37043115964901,0.19506344296446,0.205163815415695,NA,3.17277949624392,10.9816299476043,1.38627611893189,NA,NA,94,"56-120dd",3,"56-120dd","IFNgLOW","Vaginal","Term",1
"23",110,66627240,0.414543913400497,NA,3.95825423594127,1.71556724970643,6.83666351748678,NA,16.7415700574799,2.10803747229752,46.3918345002958,1.63433606752784,0.0984486610099156,0.340376312280919,NA,6.70113105591708,10.2223262138323,2.83691074282384,NA,NA,85,"56-120dd",3,"56-120dd","IFNgLOW","Vaginal","Term",1
"24",110,66600235,0.0911912590250065,NA,1.35322808690778,0.749608881526659,5.64465527194238,NA,4.12535869956245,1.10726267265684,71.4675936383639,6.79960511674991,0.0983025039948465,0.223376753758502,NA,1.77655631687707,4.32531017577324,2.2379506228614,NA,NA,0,"CB",0,"CB","IFNgLOW","Vaginal","Term",1
"25",110,66600233,0.0970945381249692,NA,2.56624551398653,0.972174426036085,7.26365468757681,NA,12.3826262228996,1.11474362125756,62.9270930632713,0.636645199351064,0.11553020992085,0.304803107025219,NA,4.96902807138291,2.97920456221425,3.67115677695295,NA,NA,2,"1-6d",1,"1-6d","IFNgLOW","Vaginal","Term",1
"26",113,66593911,0.545729181893486,0.0478659524034727,1.95304550704948,0.0103184089013474,9.7652275352474,NA,10.0722002000625,2.45950741062395,73.1795890407033,0.108916538403112,0.422194897546799,NA,NA,NA,1.43540532716522,NA,NA,NA,2,"1-6d",1,"1-6d","IFNgLOW","Vaginal","Term",0
"27",113,66600237,2.47313713976314,3.07941035163846,15.0554034576638,0.0571955860259743,25.9431552135683,NA,24.9471894089027,8.91488534191522,0.726765246436716,6.50351943506013,1.14086128926477,NA,NA,NA,11.1584775297608,NA,NA,NA,0,"CB",0,"CB","IFNgLOW","Vaginal","Term",0
"28",116,66627285,1.31808797840241,0.794028902652054,13.2126409401302,0.0794028902652054,46.8318246784183,NA,18.8343655709068,4.14483087184374,0.968715261235508,1.93743052247102,8.19437827536925,NA,NA,NA,3.68429410830554,NA,NA,NA,3,"1-6d",1,"1-6d","IFNgLOW","Vaginal","Term",1
"29",116,66627428,2.11800302571862,0.453857791225417,21.0287443267775,0.151285930408472,19.9697428139183,NA,27.0801815431165,8.47201210287444,0.302571860816945,13.3131618759456,0.907715582450834,NA,NA,NA,6.20272314674736,NA,NA,NA,0,"CB",0,"CB","IFNgLOW","Vaginal","Term",1
"30",119,66627306,NA,0.121011821532986,9.84873522308376,1.41502478708529,22.8814033303674,1.25384517605186,15.2825727723402,4.58929706368374,42.2178721240625,0.566925130291088,0.882674462946485,NA,NA,0.39405109952968,NA,NA,0.546587009025041,NA,3,"1-6d",1,"1-6d","IFNgLOW","Vaginal","Term",1
"31",119,66627297,NA,0.653251842293093,14.4150276284878,1.67898013301379,5.80789101755082,9.22210089952117,38.8495771825088,10.2256129553737,11.834162896997,1.03754543692716,0.641434696086634,NA,NA,0.999257883218234,NA,NA,4.63515742802176,NA,112,"56-120dd",3,"56-120dd","IFNgLOW","Vaginal","Term",1
"32",119,66627429,NA,0.031716496807206,0.839429948830719,0.0930350573011375,6.85287774347697,2.44639912039582,6.93111176893474,1.51393411426397,43.3945109316193,36.5014589588531,0.0126865987228824,NA,NA,0.0401742292891276,NA,NA,1.34266503150505,NA,0,"CB",0,"CB","IFNgLOW","Vaginal","Term",1
"33",122,66627275,NA,0.12521307266567,5.59039542077905,1.41311896294114,12.2482585913004,4.35404785454239,19.4280182663776,5.54515036090827,48.6168690418569,0.884909194217049,0.864917191018329,NA,NA,0.267261516446053,NA,NA,0.661840526947116,NA,3,"1-6d",1,"1-6d","IFNgLOW","Vaginal","Term",0
"34",122,66627435,NA,0.169256808739806,0.895009488639278,0.102579884084731,12.2595783966764,10.3246653331282,22.398317689901,6.36508180745757,40.5985536236344,6.20351849002411,0.184643791352516,NA,NA,0.0128224855105914,NA,NA,0.485972200851413,NA,0,"CB",0,"CB","IFNgLOW","Vaginal","Term",0
"35",126,2600100694,0.577256109293824,7.13392341735618,10.6792380219357,2.53030594573793,15.4271695208774,6.51337309986532,7.27342697710218,8.15374254377527,12.0502212815086,0.375216471040986,0.230902443717529,NA,NA,1.88089282278237,NA,25.8658841639407,1.308447181066,NA,0,"CB",0,"CB","IFNgHIGH","C-section","Term",0
"36",126,2600100446,0.205888408482603,1.03826583134798,16.0357657578164,2.36771669754993,9.98558781140623,22.5006617841701,18.7593752757434,9.67675519868233,5.51780934733375,0.6294302773611,0.208829671460926,NA,NA,3.11479749404395,NA,9.36204006000177,0.597076384599547,NA,95,"56-120dd",3,"56-120dd","IFNgHIGH","C-section","Term",0
"37",126,2600100479,0.551437889119479,2.27690483249333,6.87815001482361,1.0850874592351,13.3649570115624,11.3193003261192,7.23391639490069,4.45893863029944,12.6297064927365,0.403201897420694,0.0415060776756597,NA,NA,0.871627631188853,NA,37.4799881411207,1.40527720130448,NA,2,"1-6d",1,"1-6d","IFNgHIGH","C-section","Term",0
"38",129,2600100693,0.431586202369621,0.502149725950966,10.4417604778627,2.07423939085628,15.0562867176474,15.2220289474548,18.9979979651449,7.68650103383767,18.2710295710394,1.44573172732942,0.525123896419311,NA,NA,2.02172700121435,NA,6.19482096557156,1.12901637730152,NA,0,"CB",0,"CB","IFNgHIGH","Vaginal","Term",1
"39",129,2600100472,0.0654477895536884,0.135118017143098,5.23793438331293,0.576362791876029,20.491491787358,4.90647299750876,15.2345564328843,5.05003589072331,29.4662838322848,0.671367647679771,0.198454587678926,NA,NA,0.513026221340202,NA,14.8355360385086,2.61791158214753,NA,3,"1-6d",1,"1-6d","IFNgHIGH","Vaginal","Term",1
"49",141,2600100690,0.367639154644938,14.0347859738138,12.7813729494979,2.79921742308602,8.53094833702406,4.4460688409692,11.6698557392557,5.64358351428633,28.1254702986262,6.81744888525788,0.410637886182358,NA,NA,0.924472728054523,NA,3.16470664115408,0.283791628146969,NA,0,"CB",0,"CB","IFNgLOW","Vaginal","Term",1
"50",141,2600100443,0.477742464422357,1.77331524929655,12.1237272009555,1.69031761776554,17.4396242838924,17.4133079616996,17.5752545598089,7.3766675438774,10.4050689285208,0.740905686349926,0.419036822607745,NA,NA,2.3583473349663,NA,7.16208830138262,3.04459604445434,NA,85,"56-120dd",3,"56-120dd","IFNgLOW","Vaginal","Term",1
"51",141,2600100475,0.421911503190488,0.24931134279438,13.6232086195474,1.73820565570627,26.8314794797588,5.77949021932425,15.1888141148576,5.18149168381045,17.8684751909062,0.617176331113358,0.0819414902890617,NA,NA,0.62240663900415,NA,10.7814079988842,1.01467973081349,NA,2,"1-6d",1,"1-6d","IFNgLOW","Vaginal","Term",1
"52",144,2600100686,0.420984455958549,2.36398963730569,21.211139896373,2.2020725388601,15.5440414507772,4.59844559585491,4.43652849740932,2.52590673575129,17.3575129533679,3.30310880829016,0.161917098445596,NA,NA,0.971502590673574,NA,22.2150259067358,2.68782383419689,NA,0,"CB",0,"CB","IFNgLOW","Vaginal","Term",0
"53",144,2600100483,0.213642606439799,4.76117808637265,18.1748817335571,2.24324736761789,10.010682130322,2.96047611780864,8.02685792766671,3.70822524034794,26.7511063634976,2.51793071875477,0.0610407446970853,NA,0.0152601861742713,1.34289638333588,NA,17.5339539142378,1.67862047916984,NA,2,"1-6d",1,"1-6d","IFNgLOW","Vaginal","Term",0
"54",144,2600100439,0.554323725055433,1.99556541019956,18.8470066518847,1.44124168514413,7.98226164079823,21.5077605321508,9.97782705099779,4.87804878048781,4.9889135254989,3.76940133037695,0.332594235033259,NA,NA,1.99556541019956,NA,5.98669623059868,15.7427937915743,NA,79,"56-120dd",3,"56-120dd","IFNgLOW","Vaginal","Term",0
"55",147,2600100687,0.191131498470948,2.44648318042813,16.0932721712538,5.8868501529052,15.1758409785933,7.79816513761468,2.90519877675841,7.53058103975535,28.1727828746177,3.05810397553517,0.114678899082569,NA,NA,1.52905198776758,NA,5.81039755351682,3.2874617737003,NA,0,"CB",0,"CB","IFNgLOW","C-section","Term",1
"56",147,2600100430,0.826666666666667,1.68,11.0933333333333,2.85333333333333,13.4666666666667,26.1333333333333,7.04,8.74666666666666,10.8266666666666,5.09333333333334,0.186666666666667,NA,0.106666666666667,2.64,NA,4.61333333333333,4.69333333333334,NA,77,"56-120dd",3,"56-120dd","IFNgLOW","C-section","Term",1
"57",147,2600100468,0.291909924937447,3.6697247706422,26.8557130942452,9.34111759799833,7.9649708090075,5.96330275229358,3.41951626355296,10.0500417014178,15.8882402001668,3.37781484570475,0.125104253544621,NA,NA,3.25271059216013,NA,5.42118432026688,4.37864887406171,NA,2,"1-6d",1,"1-6d","IFNgLOW","C-section","Term",1
"58",150,2600100684,0.33112582781457,2.89735099337749,12.3758278145695,6.62251655629139,9.85099337748345,8.94039735099338,2.64900662251655,7.11920529801325,30.5877483443708,3.10430463576159,0.124172185430463,NA,0.0413907284768212,0.66225165562914,NA,9.47847682119206,5.21523178807947,NA,0,"CB",0,"CB","IFNgHIGH","C-section","Term",1
"59",150,2600100469,0.343524562006184,1.88938509103401,13.2944005496393,4.84369632428719,12.2638268636207,6.97354860872553,6.45826176571625,7.83236001374099,27.6880796976984,2.16420474063896,0.0343524562006184,NA,NA,0.893163861216077,NA,11.2332531776022,4.08794228787358,NA,3,"1-6d",1,"1-6d","IFNgHIGH","C-section","Term",1
"60",153,2600100470,0.378921678815709,5.67098037956391,32.3528467293921,4.56311614912816,14.0361581195209,12.0355801034007,11.0047846889952,6.53479335923701,3.29790308596384,1.34870428053049,0.12202562538133,NA,0.0096336020037892,1.43540669856459,NA,4.86818021258148,2.34096528692078,NA,2,"1-6d",1,"1-6d","IFNgLOW","C-section","Term",0
"61",153,2600100426,0.209049649291707,1.23779397606932,19.6919268326227,1.84568835098336,12.1468848851602,26.4805391280429,19.1830559757942,4.76138082794665,4.61284555081832,1.49360473112365,0.112776784486316,NA,0.063265025443543,1.3643240269564,NA,4.39279328840601,2.40407096685463,NA,78,"56-120dd",3,"56-120dd","IFNgLOW","C-section","Term",0
"62",153,2600100685,0.259901470188913,3.692928352535,39.7300128011172,5.77214011404631,9.07327669808759,12.6692268901044,7.26948291244812,6.2609100430583,3.80542301873618,1.15985879979829,0.244384964505993,NA,0.0426703906280306,1.37321075293844,NA,6.73028433996664,1.91628845184065,NA,0,"CB",0,"CB","IFNgLOW","C-section","Term",0
"68",162,2600100425,0.0710227272727273,19.5075757575758,11.2452651515151,0.49715909090909,7.62310606060606,23.8399621212121,6.34469696969696,14.251893939394,2.6278409090909,7.00757575757575,0.236742424242424,NA,0.236742424242424,0.875946969696969,NA,4.42708333333333,1.20738636363637,NA,69,"56-120dd",3,"56-120dd","IFNgLOW","C-section","Term",0
"69",162,2600100683,0.0998003992015968,22.874251497006,12.9141716566866,1.83632734530938,4.39121756487025,0.29940119760479,4.5309381237525,9.20159680638722,10.5189620758483,19.880239520958,0.119760479041916,NA,0.119760479041916,0.698602794411177,NA,12.1357285429142,0.379241516966068,NA,0,"CB",0,"CB","IFNgLOW","C-section","Term",0
"70",162,2600100341,0.0312793243665938,18.7519549577729,10.4942133249922,0.875821082264623,8.32030028151392,0.265874257116046,4.20706912730685,8.80512980919613,30.9665311229277,6.27150453550204,0.0781983109164843,NA,0.0781983109164843,0.234594932749453,NA,8.72693149827964,1.89239912417891,NA,2,"1-6d",1,"1-6d","IFNgLOW","C-section","Term",0
"71",165,2600100680,0.227708533077661,15.1725790987536,7.15484180249281,1.43815915627996,11.241610738255,10.0671140939597,0.970757430488974,4.36241610738255,20.0263662511984,8.60498561840844,0.215723873441994,NA,0.107861936720997,0.491371045062321,NA,15.9755512943433,3.94295302013423,NA,0,"CB",0,"CB","IFNgHIGH","Vaginal","Term",0
"72",165,2600100477,0.0409332787556284,12.1981170691773,5.40319279574293,0.757265656979124,4.4821940237413,3.95006139991813,1.37126483831355,3.86819484240687,35.4072861236184,2.76299631600491,0.102333196889071,NA,0.0613999181334425,0.450266066311911,NA,16.5165779778961,12.6279164961113,NA,2,"1-6d",1,"1-6d","IFNgHIGH","Vaginal","Term",0
"73",168,2600100679,1.10440420299575,3.54571875698636,28.025933378046,3.47864967583278,11.4553990610329,6.01833221551532,3.39816677844848,4.68589313659737,16.1412921976303,2.68276324614353,0.134138162307176,NA,0.0804828973843059,1.81533646322379,NA,14.5763469707131,2.85714285714286,NA,0,"CB",0,"CB","IFNgHIGH","Vaginal","Term",0
"74",168,2600100467,0.19546361526245,5.52184713116423,27.2875351223684,2.02386284969663,6.80050494767276,1.51891517693529,5.762104491591,3.40432463248768,30.0851081158122,0.969173759009652,0.187319297959848,NA,NA,1.51891517693529,NA,12.9820417803477,1.74288390275685,NA,2,"1-6d",1,"1-6d","IFNgHIGH","Vaginal","Term",0
"78",174,2600100626,0.253414050401239,6.23680135154161,9.96409967619316,2.98289455159792,14.8018442911446,15.5550471631705,3.63050823595664,2.74883851893566,29.6353653385893,1.39377727720682,0.151344502322962,NA,0.0316767563001549,1.21779529776151,NA,3.6956215683514,7.70097142052654,NA,0,"CB",0,"CB","IFNgHIGH","C-section","Term",1
"79",174,2600100463,0.269298809000664,8.97362223799704,11.4130863446349,2.87101826499454,19.1337367181602,8.10375328172712,4.01807344308105,3.02538620153466,33.1338944664165,1.2586057307688,0.12056473875762,NA,0.0157748256318381,0.883390235382934,NA,4.88118175979447,1.89861294211765,NA,2,"1-6d",1,"1-6d","IFNgHIGH","C-section","Term",1
"80",177,2600100462,0.384836642796215,10.0474102874373,16.034198885164,4.53075717601317,8.67667770923013,8.93852532185435,3.14415504552578,4.11418142865645,29.8625300033722,1.485786832239,0.0733966792961853,NA,0.0158695522802562,1.15054254031859,NA,7.00243994366309,4.5386919521533,NA,2,"1-6d",1,"1-6d","IFNgHIGH","C-section","Term",1
"81",177,2600100675,0.783112019067075,6.14272266618599,15.9085901980813,5.35159927096477,7.84313725490196,6.99993991467884,2.9481864247231,3.24060165434917,26.8541328686735,1.45005908389914,0.204290091930542,NA,0.0120170642312083,1.5461955977488,NA,9.08890624687055,11.6265096436941,NA,0,"CB",0,"CB","IFNgHIGH","C-section","Term",1
"82",180,2600100466,0.303438975050573,6.92430883344571,13.3513149022252,3.5021915037087,6.26685772083614,4.46308159136885,1.3444032366824,1.71105866486851,50.004214430209,1.11682400539447,0.0421443020903574,NA,0.00421443020903574,1.07467970330411,NA,3.00067430883345,6.89059339177343,NA,2,"1-6d",1,"1-6d","IFNgLOW","C-section","Term",0
"83",180,2600100356,0.206855158517502,13.8560802555143,15.0961394182332,5.65904267861354,6.08025551435126,23.0295170521532,5.20138903774839,6.07489657242074,9.61394182332641,2.53585132151508,0.24543954041714,NA,0.0375125935135367,3.91953012797154,NA,2.82952133930677,5.61402756639729,NA,118,"56-120dd",3,"56-120dd","IFNgLOW","C-section","Term",0
"84",180,2600100677,0.0648193161562145,20.3856749311294,0.813482417760493,4.00907470426187,2.78398962890941,7.81396856263167,0.0777831793874574,0.35650623885918,29.6775239021228,2.51823043266893,0.0842651110030789,NA,0.00324096580781073,0.495867768595042,NA,2.89094150056717,28.0246313401394,NA,0,"CB",0,"CB","IFNgLOW","C-section","Term",0
"88",189,2600100453,0.440790778656911,0.202763758182179,20.7700614903136,4.83988274965288,22.5244087893681,6.07630088378551,13.9422123289181,7.10995525973596,17.0563991801292,1.48987283186036,0.0837502479448131,0.0573028012253984,NA,1.44799770788795,NA,1.02043065259075,2.93787053974831,NA,6,"1-6d",1,"1-6d","IFNgLOW","C-section","Preterm",1
"89",189,2600100418,0.14903129657228,0.444052434684753,14.9365856625809,3.52808783722132,18.7901091882357,8.63773229112807,15.3228504516561,3.06274521731196,27.7624015328933,0.501840080294413,0.0486632805133976,0.0973265610267953,NA,0.580917911128685,NA,3.05970376227987,3.0779524924724,NA,33,"7-55dd",2,"7-55dd","IFNgLOW","C-section","Preterm",1
"90",189,2600100359,0.197465854862597,0.383961384455049,12.2885926901066,3.16859561552667,11.3634285923244,9.10719836176476,13.7714149891211,3.57632603806703,39.0744702247088,0.436984623260746,0.0329109758104328,0.0694787267109137,NA,0.577770464227598,NA,2.97295814820909,2.97844331084417,NA,47,"7-55dd",2,"7-55dd","IFNgLOW","C-section","Preterm",1
"91",189,2600100666,0.882686947245259,0.254654323961595,24.7347350792066,5.32996088417817,17.753535909701,15.0997396102183,13.2185094692407,6.68180827511843,7.04830402514425,1.75275588744737,0.041295295777556,0.0441630246509974,NA,1.91220161281072,NA,1.94489372196795,3.30075593333104,NA,0,"CB",0,"CB","IFNgLOW","C-section","Preterm",1
"99",202,66600213,0.0627877773126832,0.658108925166271,4.676526673178,1.40691130645086,14.0086507604298,NA,22.2989628389377,10.8343797962885,35.1751081345053,2.02548718664249,0.113948188456351,3.59983256592717,NA,1.34179805590438,3.79749779080043,NA,NA,NA,31,"7-55dd",2,"7-55dd","IFNgLOW","Vaginal","Preterm",0
"100",203,66600227,0.412885662431941,0.943738656987296,3.7885662431942,0.37885662431942,8.22822141560799,NA,18.9723230490018,11.3974591651542,43.421052631579,1.68103448275862,0.183756805807622,1.01179673321234,NA,0.508166969147006,9.07214156079855,NA,NA,NA,84,"56-120dd",3,"56-120dd","IFNgLOW","C-section","Preterm",0
"101",204,66600193,0.203323515188816,0.191234008880292,NA,NA,5.14133731920692,0.0527542093462874,6.69868554095045,1.07926319954279,85.100232997758,1.53316920912648,NA,NA,NA,NA,NA,NA,NA,NA,2,"1-6d",1,"1-6d","IFNgLOW","C-section","Preterm",1
"102",204,66600238,0.551668460710442,1.04951560818084,NA,NA,5.63778256189451,0.296017222820237,8.26157158234661,1.56081808396125,81.4720129171152,1.17061356297094,NA,NA,NA,NA,NA,NA,NA,NA,89,"56-120dd",3,"56-120dd","IFNgLOW","C-section","Preterm",1
"103",204,66600219,0.0265999893600043,0.0699579720168113,NA,NA,0.24498590200564,0.0143639942544023,0.579347768260893,0.157737936904826,98.8325264669894,0.0744799702080119,NA,NA,NA,NA,NA,NA,NA,NA,30,"7-55dd",2,"7-55dd","IFNgLOW","C-section","Preterm",1
"104",205,66600218,1.3802027172741,0.819495363381497,NA,NA,7.8117483120718,0.504304839003998,8.38406794844146,3.15522303876843,75.7502363928933,2.19472138816543,NA,NA,NA,NA,NA,NA,NA,NA,30,"7-55dd",2,"7-55dd","IFNgLOW","C-section","Preterm",0
"105",205,66600239,1.14125753660638,1.04435831180018,NA,NA,10.3574504737296,0.861326442721792,11.100344530577,3.16537467700258,70.5211024978467,1.80878552971576,NA,NA,NA,NA,NA,NA,NA,NA,89,"56-120dd",3,"56-120dd","IFNgLOW","C-section","Preterm",0
"106",205,66600192,0.215466623096797,0.298181298314051,NA,NA,2.53964687981865,0.0510584414921319,2.60908636024794,0.531007791518172,93.2827514372951,0.472801168217142,NA,NA,NA,NA,NA,NA,NA,NA,2,"1-6d",1,"1-6d","IFNgLOW","C-section","Preterm",0
"107",206,66600240,0.0583910608594103,2.08703806920226,5.73470994682874,0.775008625952172,4.79602940786156,NA,24.548132813122,12.1249922587609,38.1789066716211,1.59867646928718,0.173403756491582,0.585680034680751,NA,0.641416956410188,8.69761392892215,NA,NA,NA,83,"56-120dd",3,"56-120dd","IFNgLOW","Vaginal","Preterm",1
"112",208,66600225,0.265984141322894,0.843119542306534,3.67861086018268,1.25631503228613,17.3609020040818,NA,14.1975308641975,9.76278898591454,46.3448091271036,2.22657164843253,0.172304192177724,1.11077653986416,NA,0.291076984843922,2.48921007728596,NA,NA,NA,29,"7-55dd",2,"7-55dd","IFNgLOW","Vaginal","Preterm",0
"113",210,66627220,NA,NA,NA,NA,21.7082552519972,NA,22.6912581779926,4.85583719630469,39.9710688102048,0.858072788243417,NA,NA,NA,4.69474307130882,5.22076470394843,NA,NA,NA,28,"7-55dd",2,"7-55dd","IFNgLOW","C-section","Preterm",1
"114",210,66600164,NA,NA,NA,NA,28.5121910764638,NA,22.7027699452646,5.16669431083098,34.885553159728,1.04080278653177,NA,NA,NA,3.57853707082435,4.11345165035661,NA,NA,NA,6,"1-6d",1,"1-6d","IFNgLOW","C-section","Preterm",1
"115",210,66627234,NA,NA,NA,NA,11.0974587014608,NA,32.86135002828,8.49569949096016,27.1175862539738,1.50371540576912,NA,NA,NA,6.84765861174497,12.0765315078111,NA,NA,NA,67,"56-120dd",3,"56-120dd","IFNgLOW","C-section","Preterm",1
"116",210,66600210,NA,NA,NA,NA,6.35130664902417,NA,30.3671849156467,3.37413165729407,48.5224390781784,4.63116109824677,NA,NA,NA,1.64295953247326,5.11081706913662,NA,NA,NA,0,"CB",0,"CB","IFNgLOW","C-section","Preterm",1
"117",211,66627244,NA,NA,NA,NA,14.4091977173548,NA,26.6364551863041,8.04800268546493,15.8442430345754,6.22692178583418,NA,NA,NA,12.2524337025848,16.5827458878819,NA,NA,NA,86,"56-120dd",3,"56-120dd","IFNgLOW","C-section","Preterm",0
"118",211,66600168,NA,NA,NA,NA,6.79076180627372,NA,52.1544295070665,6.27369872457776,17.4077904170975,3.36091003102379,NA,NA,NA,7.92830058600485,6.08410892795586,NA,NA,NA,0,"CB",0,"CB","IFNgLOW","C-section","Preterm",0
"119",211,66600224,NA,NA,NA,NA,14.03663003663,NA,23.0183150183151,3.36996336996337,42.7545787545787,0.322344322344322,NA,NA,NA,12.8644688644689,3.63369963369964,NA,NA,NA,3,"1-6d",1,"1-6d","IFNgLOW","C-section","Preterm",0
"120",211,66627224,NA,NA,NA,NA,22.3102478916432,NA,19.4678706306613,4.56597665899992,48.6526393503138,0.942726524121875,NA,NA,NA,1.95928102904847,2.1012579152114,NA,NA,NA,29,"7-55dd",2,"7-55dd","IFNgLOW","C-section","Preterm",0
"121",212,66627412,0.0173157174767537,NA,0.260890143316422,NA,0.11601530709425,NA,0.344005587204839,0.0917733026267943,98.9298886599366,0.152955504377991,0.00404033407790919,NA,NA,NA,0.0831154438884175,NA,NA,NA,0,"CB",0,"CB","IFNgLOW","C-section","Preterm",0
"122",212,66627215,0.305692970557727,NA,1.3658940397351,NA,5.62265618766457,NA,8.48110986994335,1.1734022181441,82.6233742918695,0.302202186228357,0.0633328014042927,NA,NA,NA,0.062335434453044,NA,NA,NA,3,"1-6d",1,"1-6d","IFNgLOW","C-section","Preterm",0
"123",213,66627411,0.0553674207795218,NA,0.572988424346213,NA,0.455815510603504,NA,0.976870152668152,0.165243852714076,97.3942975848645,0.27297426058741,0.00300443368571048,NA,NA,NA,0.103438359750889,NA,NA,NA,0,"CB",0,"CB","IFNgLOW","C-section","Preterm",0
"124",213,66627214,0.266430834331516,NA,1.41611346819062,NA,6.27567755152303,NA,5.70811270695967,1.27842022187644,84.4596939403777,0.415318653516775,0.0235086030292515,NA,NA,NA,0.156724020195009,NA,NA,NA,3,"1-6d",1,"1-6d","IFNgLOW","C-section","Preterm",0
"125",213,66627246,0.402748163942193,NA,4.274921687857,NA,9.71333807154702,NA,26.6366579799416,6.37552975861433,49.653847166285,1.98215272842139,0.286925162547053,NA,NA,NA,0.673879280844455,NA,NA,NA,86,"56-120dd",3,"56-120dd","IFNgLOW","C-section","Preterm",0
"126",213,66627226,0.375925428670067,NA,0.698147224672983,NA,20.6624726686869,NA,4.0047566074648,1.20065978748706,72.2237139897963,0.631017683839042,0.0843914227626683,NA,NA,NA,0.118915186620124,NA,NA,NA,31,"7-55dd",2,"7-55dd","IFNgLOW","C-section","Preterm",0
"127",214,66627410,0.0684889407921887,NA,1.83032303950407,NA,0.472837110469149,NA,1.52607409098493,0.303370885175657,95.225969601447,0.418836214844539,0.00921966510664079,NA,NA,NA,0.144880451675784,NA,NA,NA,0,"CB",0,"CB","IFNgLOW","C-section","Preterm",1
"128",214,66627213,0.779853458267036,NA,2.66368082974836,NA,6.7083112342114,NA,6.6592020743709,1.28960653741135,81.2511049560964,0.566719704559294,0.0333942286915355,NA,NA,NA,0.0481269766436835,NA,NA,NA,3,"1-6d",1,"1-6d","IFNgLOW","C-section","Preterm",1
"129",214,66627247,0.215924426450742,NA,5.08065034380824,NA,4.80945954630165,NA,21.0294968189705,4.89043120622068,61.7183985605038,1.55131418289313,0.176081228712808,NA,NA,NA,0.528243686138423,NA,NA,NA,86,"56-120dd",3,"56-120dd","IFNgLOW","C-section","Preterm",1
"130",214,66627228,0.329402646293528,NA,3.33139567070808,NA,11.2384432264851,NA,14.3428555610917,4.45247190389193,64.7290040414106,1.19443060399712,0.159165144217461,NA,NA,NA,0.222831201904446,NA,NA,NA,31,"7-55dd",2,"7-55dd","IFNgLOW","C-section","Preterm",1
"131",215,66627218,0.205479452054794,NA,0.772994129158513,0.413754542913056,20.6206318143696,0.261392228124126,25.5647190383002,7.01006429969247,43.711210511602,0.679340229242381,0.141179759575063,0.483645512999721,NA,0.13558848196813,NA,NA,NA,NA,3,"1-6d",1,"1-6d","IFNgLOW","C-section","Preterm",0
"132",215,66627233,0.120251631024921,NA,1.54083619753574,0.919835237317491,16.7580519235774,2.26683298484291,34.8478457907442,17.4346916981505,18.7000260246066,5.51721662344189,0.380497698168406,0.958423447273248,NA,0.555490743316611,NA,NA,NA,NA,31,"7-55dd",2,"7-55dd","IFNgLOW","C-section","Preterm",0
"133",215,66627501,0.48580698923778,NA,1.96982323008457,0.613464300278364,7.24100636513538,5.65770110459033,28.8292760766653,13.4855764968706,17.7035868158366,12.4714100813815,0.118792219996099,0.526586408042412,NA,10.896969911881,NA,NA,NA,NA,0,"CB",0,"CB","IFNgLOW","C-section","Preterm",0
"134",215,66627254,0.204467420238417,NA,0.663554646811466,0.329205406170029,13.0936306469658,1.70260921003562,20.3181461620565,5.01266669238584,53.7273510538431,4.14335866671811,0.182606123734939,0.271337268366704,NA,0.351066702673507,NA,NA,NA,NA,95,"56-120dd",3,"56-120dd","IFNgLOW","C-section","Preterm",0
"135",216,66627219,0.548752065765497,2.51281833976015,6.89224119666087,1.48735115894741,16.8375778634688,0.847493537861773,29.0245349379211,4.78410102122972,34.8150345353616,1.48523242510276,0.00211873384465443,NA,NA,0.762744184075597,NA,NA,NA,NA,3,"1-6d",1,"1-6d","IFNgLOW","C-section","Preterm",1
"136",216,66627248,0.0377450653877751,3.20833055796088,0.934745442838429,1.23004507204867,4.62044006305646,3.04624880658985,40.9867004151957,10.8061901907236,30.5690623681698,3.22609294167278,NA,NA,NA,1.33439907635605,NA,NA,NA,NA,81,"56-120dd",3,"56-120dd","IFNgLOW","C-section","Preterm",1
"137",216,66627503,0.336105591128775,2.54164520006869,34.2459704128947,2.86548416378402,4.13630676381836,5.44883589705846,20.6275606584726,13.3583572532568,10.0709011064498,4.99987733372587,0.00245332548269179,NA,NA,1.36650229385933,NA,NA,NA,NA,0,"CB",0,"CB","IFNgLOW","C-section","Preterm",1
"138",216,66627231,0.0552922590837283,2.28672985781991,0.740521327014218,1.09399684044234,13.0469984202212,1.67456556082148,22.1840442338073,7.47037914691943,46.6804897314376,3.59399684044233,0.00197472353870458,NA,NA,1.17101105845182,NA,NA,NA,NA,28,"7-55dd",2,"7-55dd","IFNgLOW","C-section","Preterm",1
"139",216,66627221,0.242433425508542,4.55699079510587,3.80696238493883,1.86370695859691,9.73900526535095,1.04928216977916,41.8121898556764,9.37914314936171,19.0954202810712,7.1745141861434,0.00757604454714192,NA,NA,1.27277548391984,NA,NA,NA,NA,0,"CB",0,"CB","IFNgLOW","C-section","Preterm",1
"140",217,66627232,0.0453253839583007,NA,17.917472935516,3.84742778446038,14.969579694228,1.26388089883723,17.3160399560693,6.69595383783974,34.7750292000069,2.50684238969371,0.109826891898959,0.430591147603857,NA,0.122029879887732,NA,NA,NA,NA,28,"7-55dd",2,"7-55dd","IFNgLOW","C-section","Preterm",1
"141",217,66627217,0.134720327421555,NA,16.0675306957708,2.57673942701228,14.1575716234652,1.10163710777626,11.1033424283765,4.50545702592088,48.4276944065484,1.19713506139154,0.0153478854024557,0.240450204638472,NA,0.472373806275582,NA,NA,NA,NA,3,"1-6d",1,"1-6d","IFNgLOW","C-section","Preterm",1
"142",217,66627249,0.0650947490235789,NA,18.8774772168379,2.67611745985824,4.15521481267178,6.34673802979894,24.9602198755967,7.50036163749459,30.3486185447707,4.11905106321423,0.119340373209894,0.350788369738175,NA,0.480977867785331,NA,NA,NA,NA,81,"56-120dd",3,"56-120dd","IFNgLOW","C-section","Preterm",1
"143",217,66627504,0.354330708661417,NA,31.8503937007874,4.29133858267716,2.51968503937008,6.53543307086614,21.2204724409449,6.69291338582677,14.4488188976378,7.20472440944882,0.0393700787401575,1.18110236220473,NA,3.66141732283465,NA,NA,NA,NA,0,"CB",0,"CB","IFNgLOW","C-section","Preterm",1
"144",217,66627222,0.0378123818363067,NA,18.088068474786,3.92217524320237,16.8351036403011,0.565466982915679,9.41356433261145,4.05279983500051,40.6740916434636,4.46014231205528,0.247499226564916,1.66718229005534,NA,0.0360936372073836,NA,NA,NA,NA,0,"CB",0,"CB","IFNgLOW","C-section","Preterm",1
"145",218,66627229,0.0935726019421514,NA,0.166351292341603,0.0374290407768606,9.68164521428128,NA,1.51587615146285,0.141398598490362,84.2839616560271,0.505292050487617,NA,NA,NA,NA,0.0499053877024806,3.5245680064877,NA,NA,4,"1-6d",1,"1-6d","IFNgLOW","Vaginal","Preterm",0
"146",218,66627256,0.259024524662441,NA,5.40093689721686,3.7806558280518,9.14301460457423,NA,37.31055387159,5.82529622485533,29.2587489666575,3.60980986497658,NA,NA,NA,NA,2.81620281069165,2.59575640672361,NA,NA,104,"56-120dd",3,"56-120dd","IFNgLOW","Vaginal","Preterm",0
"147",218,66627238,0.569044920791842,NA,1.53593904467967,0.243531936440575,10.3633689388277,NA,7.0142020109469,0.190485376027777,74.2507173341692,0.672726834325948,NA,NA,NA,NA,0.0289344874978903,5.13104911629254,NA,NA,29,"7-55dd",2,"7-55dd","IFNgLOW","Vaginal","Preterm",0
"148",219,66627242,0.12437572951149,NA,4.00681196303171,1.10216031074798,21.5514437151987,NA,19.0218327242112,3.47678000803659,41.9241882091808,3.04624863665066,NA,NA,NA,NA,1.41022942538413,4.33592927804673,NA,NA,30,"7-55dd",2,"7-55dd","IFNgLOW","C-section","Preterm",0
"149",219,66627230,0.181945416375088,NA,1.74947515745277,0.489853044086774,21.6375087473758,NA,4.01679496151156,0.405878236529042,60.7137858642407,0.44786564030791,NA,NA,NA,NA,0.335899230230931,10.0209937018894,NA,NA,4,"1-6d",1,"1-6d","IFNgLOW","C-section","Preterm",0
"150",219,66627413,0.2356780275562,NA,2.08484408992023,0.253807106598985,57.1609862219,NA,7.19724437998549,0.761421319796955,23.8578680203046,0.4713560551124,NA,NA,NA,NA,1.01522842639594,6.96156635242929,NA,NA,0,"CB",0,"CB","IFNgLOW","C-section","Preterm",0
"151",219,66627255,0.398016662731474,NA,10.8240294127568,14.1397105946639,8.79009680574761,NA,27.7296185111479,4.10834148480453,16.3827706007353,5.79822579013053,NA,NA,NA,NA,6.75616419873848,5.07302593854353,NA,NA,81,"56-120dd",3,"56-120dd","IFNgLOW","C-section","Preterm",0
"152",220,66627235,0.258758327063184,0.275274816024665,13.4719494962471,NA,9.08590409425408,NA,6.73322199996327,3.15831972252299,56.2826888844029,1.49382466829384,2.80046246169092,NA,NA,NA,6.439595529537,NA,NA,NA,5,"1-6d",1,"1-6d","IFNgLOW","C-section","Preterm",0
"153",220,66627414,0.322513524760716,0.499375780274657,12.1167984463865,NA,3.49216257455958,NA,7.39353585795533,2.51075045082535,48.9422943542794,3.87363018449161,4.67818005271189,NA,NA,NA,16.170758773755,NA,NA,NA,0,"CB",0,"CB","IFNgLOW","C-section","Preterm",0
"154",220,66627257,0.0572136931438924,0.741870887765804,14.8927243253552,NA,7.33098121483741,NA,29.995232192238,9.48984456946696,20.9478401830839,4.02975112043483,0.894440736149517,NA,NA,NA,11.6201010775245,NA,NA,NA,90,"56-120dd",3,"56-120dd","IFNgLOW","C-section","Preterm",0
"155",220,66627245,0.0889141127506621,0.367007188800606,20.6488838441165,NA,16.7555807794173,NA,10.4199772985244,5.63753310631858,39.9564888384412,2.53121452894439,0.204313280363224,NA,NA,NA,3.39008702232311,NA,NA,NA,28,"7-55dd",2,"7-55dd","IFNgLOW","C-section","Preterm",0
"156",221,66627261,0.43314769860536,2.98919510685896,22.0080283053295,NA,7.52851952337885,NA,5.13430751899982,10.4241039554477,22.1317847906453,2.92573024259444,0.0491852698050043,NA,NA,NA,26.3759975883352,NA,NA,NA,104,"56-120dd",3,"56-120dd","IFNgLOW","C-section","Preterm",0
"157",221,66627415,0.275352859590438,0.146854858448234,2.81879742188138,NA,8.5237007424329,NA,1.05449946969079,0.899486007995431,83.4992249326915,1.09733213673819,0.144815207636453,NA,NA,NA,1.53993636289467,NA,NA,NA,0,"CB",0,"CB","IFNgLOW","C-section","Preterm",0
"158",221,66627241,0.28676626779013,0.0684462696783026,2.08997144138404,NA,10.9891666076613,NA,0.565271778894948,0.502726049706154,84.5700866199344,0.16049470131464,0.0861478911468291,NA,NA,NA,0.680922372489321,NA,NA,NA,2,"1-6d",1,"1-6d","IFNgLOW","C-section","Preterm",0
"159",221,66627250,0.568451950306965,0.237716270128367,8.79963619075182,NA,18.4860574239825,NA,2.72650226347231,3.75384997002707,59.9251710523596,0.884717944477749,0.262521446141762,NA,NA,NA,4.3553754883519,NA,NA,NA,29,"7-55dd",2,"7-55dd","IFNgLOW","C-section","Preterm",0
"161",223,66627225,0.201089941278358,0.632841874023067,6.20759579231971,NA,9.16395589539945,14.1016433610747,28.2506020024502,11.4595919057074,23.1312576570487,1.31637869122555,0.25600946305606,0.757889400532298,2.5110895188205,0.613408812470956,NA,1.39664568459296,NA,NA,51,"7-55dd",2,"7-55dd","IFNgLOW","C-section","Preterm",0
"162",223,66627418,0.153711230349952,0.117876710391068,1.29664381430175,NA,11.1916863913696,3.65983610422188,8.2664579463048,3.47029035391303,47.6014446969626,0.0895862998972116,0.220665201852078,1.5229670982526,0.099016436728497,0.29799232386862,NA,22.0118253915864,NA,NA,1,"1-6d",1,"1-6d","IFNgLOW","C-section","Preterm",0
"163",223,66627267,0.182353935705142,0.842934086901915,7.37869236528754,NA,3.21111996715213,14.0678211723788,29.2853174890707,11.5933627997971,28.0112552230515,0.545854165157115,0.212544984662946,0.467357437866821,2.84399681182524,0.7028476197377,NA,0.654541941405212,NA,NA,79,"56-120dd",3,"56-120dd","IFNgLOW","C-section","Preterm",0
"164",223,66627251,0.191077382471939,0.376739616452767,3.34810895278765,NA,8.91410800900461,4.65548051706932,24.7789459026666,8.87156041371734,34.0489065268011,0.227436236626518,0.176379122281789,1.09308640256214,0.166322417941161,0.690818228937007,NA,12.4610302706801,NA,NA,3,"1-6d",1,"1-6d","IFNgLOW","C-section","Preterm",0
"165",224,66627262,0.201072386058982,3.95442359249331,4.79222520107238,1.40750670241287,13.4550938337802,2.59718498659517,13.5891420911528,3.65281501340483,31.0656836461126,1.23994638069705,0.0670241286863271,0.0837801608579089,NA,NA,NA,4.35656836461126,19.5375335120643,NA,33,"7-55dd",2,"7-55dd","IFNgLOW","C-section","Preterm",1
"166",224,66627258,0.18469811210474,2.2596294348004,7.1745864749547,1.86217780115729,13.8739844526273,0.76217195628032,12.2765795779999,3.31813665322345,49.1963294172657,2.08837453971594,0.0315623356128353,0.174177333567128,NA,NA,NA,2.15675960021041,4.64083231047986,NA,5,"1-6d",1,"1-6d","IFNgLOW","C-section","Preterm",1
"167",225,66627263,0.0822865993852707,1.85306194890163,4.50680477907662,14.9414716393589,10.0877723726776,2.79129052816703,10.2406479666336,2.92883822615907,42.4481876779851,7.57964455415991,0.0762361141363538,0.0685721661543922,NA,NA,NA,2.22577184023492,0.169413586969675,NA,33,"7-55dd",2,"7-55dd","IFNgLOW","C-section","Preterm",1
"168",225,66627259,0.22368187466714,3.61974081306586,8.76974968933073,2.25634652938043,29.0289366234688,0.759808272678857,20.3124445233446,3.7014024498491,20.5929344931653,1.34741700692348,0.0940884075980827,0.67104562400142,NA,NA,NA,5.94887271436179,2.67353097816439,NA,6,"1-6d",1,"1-6d","IFNgLOW","C-section","Preterm",1
"169",225,66627500,0.478223389844423,6.21074668527564,6.38110094002708,2.99864537580558,6.76080620664175,5.56216904067976,15.2436271089036,3.19362916136447,21.3168589138377,24.5515372932146,0.12109519313657,0.0164196872049587,NA,NA,NA,3.83604942325848,3.32909158080539,NA,0,"CB",0,"CB","IFNgLOW","C-section","Preterm",1
"170",226,66627498,0.339521547795865,0.325059169492187,28.7601609685661,3.25610117237089,13.4114454802772,6.69676983928395,8.43018918168191,4.64908072073148,29.112537963743,4.82515443753975,0.0509626664034361,NA,NA,0.143016852114147,NA,NA,NA,NA,0,"CB",0,"CB","IFNgLOW","C-section","Preterm",1
"171",226,66627270,0.0652720731047218,0.0776100869232973,9.69051485337663,1.67120387174834,15.9522558665265,0.810328907568376,12.3368198172382,2.36690865093768,56.5216353042315,0.405562454229948,0.0286560320947559,NA,NA,0.0732320820199318,NA,NA,NA,NA,2,"1-6d",1,"1-6d","IFNgLOW","C-section","Preterm",1
"172",226,66627271,0.0899022755186194,0.505788786283887,13.9281277320204,2.51620187662152,12.0129261067006,4.9623224518545,18.561988326862,5.07416937730287,39.6419482601786,2.52257290402047,0.100166708550273,NA,NA,0.0838851940862708,NA,NA,NA,NA,37,"7-55dd",2,"7-55dd","IFNgLOW","C-section","Preterm",1
"181",230,66627425,1.39245078562398,12.523026909879,14.073505508398,6.03485642044428,12.0922882427307,8.59761603756548,14.4112335199567,8.4395882246704,9.02113057612426,9.09698392631389,0.228463066642586,2.40021672385769,NA,1.68864005779303,NA,NA,NA,NA,0,"CB",0,"CB","IFNgLOW","C-section","Preterm",0
"182",230,66600169,1.04968826068465,1.89667809861641,5.06022133943841,2.67218054638084,24.4803590657774,1.56729316164295,12.3483155218127,4.738980535522,31.6146196237411,1.39807617479119,0.270566198228199,5.60587825425983,NA,7.29714321910433,NA,NA,NA,NA,6,"1-6d",1,"1-6d","IFNgLOW","C-section","Preterm",0
"183",230,66627281,1.02644043407878,3.32234146731419,3.53658292863281,1.85782520934508,28.4873193836561,2.93223014968923,5.80690289186003,2.98898814876992,39.26254571617,3.46063912704599,0.267801826648281,5.45636229190399,NA,1.59402042488559,NA,NA,NA,NA,28,"7-55dd",2,"7-55dd","IFNgLOW","C-section","Preterm",0
"184",230,66600236,0.987336440994324,2.43699329013238,2.60976520249251,1.65928038823428,15.8567285327309,8.41557148736994,6.70938902874426,3.49420424415878,50.9581422951385,3.17929034295942,0.0842322896825016,2.39822729317623,NA,1.21083916418596,NA,NA,NA,NA,76,"56-120dd",3,"56-120dd","IFNgLOW","C-section","Preterm",0
"196",267,2600100465,0.0693962526023595,14.0180430256766,0.624566273421237,0.138792505204719,1.94309507286607,13.1158917418459,0.0693962526023595,0.832755031228314,5.75988896599584,42.1929215822345,NA,NA,NA,0.0693962526023595,NA,19.7779319916725,1.38792505204719,NA,2,"1-6d",1,"1-6d","IFNgLOW","C-section","Term",0
"197",267,2600100353,NA,10.6382978723404,0.0675447483958123,0.0675447483958123,1.48598446470787,24.8902397838568,0.0675447483958123,0.979398851739278,8.03782505910165,46.6058763931104,0.101317122593718,NA,0.574130361364405,NA,NA,4.99831138129011,1.48598446470787,NA,118,"56-120dd",3,"56-120dd","IFNgLOW","C-section","Term",0
"198",267,2600100678,0.180396873120866,11.3650030066146,0.120264582080577,0.240529164161155,1.20264582080577,14.3114852675887,0.180396873120866,0.481058328322309,18.4606133493686,36.9212266987372,0.120264582080577,NA,0.0601322910402887,NA,NA,15.9350571256765,0.42092603728202,NA,0,"CB",0,"CB","IFNgLOW","C-section","Term",0
"199",270,2600100674,0.0555247084952804,13.659078289839,0.388672959466963,0.111049416990561,1.16601887840089,11.2159911160466,0.111049416990561,0.888395335924487,10.5496946141033,47.2515269294836,0.0555247084952804,NA,NA,NA,NA,11.9933370349806,2.5541365907829,NA,0,"CB",0,"CB","IFNgHIGH","C-section","Term",0
"200",270,2600100460,0.036643459142543,14.1077317698791,0.146573836570172,NA,1.68559912055698,6.92561377794065,0.146573836570172,0.476364968853059,3.48112861854158,48.7358006595823,NA,NA,NA,NA,NA,23.9648222792231,0.293147673140345,NA,2,"1-6d",1,"1-6d","IFNgHIGH","C-section","Term",0
"201",273,2600100673,0.387596899224806,3.74677002583979,9.99138673557278,2.4978466838932,10.8527131782946,4.34969853574504,2.15331610680448,4.09130060292851,50.6459948320413,2.0671834625323,0.129198966408268,NA,NA,1.42118863049096,NA,6.89061154177434,0.775193798449612,NA,0,"CB",0,"CB","IFNgLOW","C-section","Term",1
"202",273,2600100461,0.171821305841924,12.7147766323024,24.2268041237114,5.84192439862543,9.45017182130584,3.26460481099657,3.95189003436426,6.70103092783506,16.1512027491409,2.74914089347079,0.171821305841924,NA,NA,2.23367697594502,NA,7.7319587628866,4.63917525773196,NA,2,"1-6d",1,"1-6d","IFNgLOW","C-section","Term",1
"203",276,2600100671,0.342703584045412,0.929979769920589,9.2394094024578,0.795615809656088,24.8195899634651,3.59914248618618,4.27398170234608,2.97110420000604,45.9222802620852,2.17699809776865,0.301941483740451,NA,NA,0.809203176424409,NA,2.3430659138259,1.4749841480721,NA,0,"CB",0,"CB","IFNgHIGH","C-section","Term",1
"204",276,2600100458,0.326084350348862,2.24662526674179,12.328865658043,0.879948210132591,29.654494449373,3.00429184549356,7.65578919605821,3.73558395473182,34.0518378209893,1.02141127388688,0.251756299901695,NA,NA,0.805620159685424,NA,1.96369913923322,2.07399237538063,NA,2,"1-6d",1,"1-6d","IFNgHIGH","C-section","Term",1
"207",282,2600100669,0.263736263736264,0.558730158730159,9.66153846153846,1.92039072039072,14.9606837606838,4.23345543345543,2.64322344322345,6.04346764346764,48.0507936507936,3.16288156288156,0.301831501831502,2.16654456654456,NA,NA,NA,1.54236874236875,4.49035409035409,NA,0,"CB",0,"CB","IFNgHIGH","Vaginal","Term",1
"208",282,2600100456,0.170205337464813,0.656818033037293,17.3500338228555,2.98732188447859,9.45730682785258,3.7772492198922,3.80998101555852,7.02642546970127,43.6489405808803,0.512798132105527,0.200755013420036,2.69928208261506,NA,NA,NA,4.25949767604251,3.44338490409584,NA,2,"1-6d",1,"1-6d","IFNgHIGH","Vaginal","Term",1
"209",285,2600100350,0.334611772072636,1.05862554790232,48.4332602796911,5.9316948445001,7.50234815278647,12.4152055938218,2.90388227927364,9.0566948445001,5.90625652264663,0.944479231893133,0.299389480275516,1.42063243581715,NA,NA,NA,2.70689835107493,1.08602066374452,NA,86,"56-120dd",3,"56-120dd","IFNgHIGH","Vaginal","Term",0
"210",285,2600100455,0.656924520713232,1.17643115699155,23.5420297627028,3.40193055369352,7.20270813782008,1.74621262903874,8.57353532645127,4.14599812307279,39.3082182598204,0.281539080305671,0.0670331143584931,1.23340930419627,NA,NA,NA,3.1673146534388,5.49671537739644,NA,2,"1-6d",1,"1-6d","IFNgHIGH","Vaginal","Term",0
"211",285,2600100668,0.630557173364395,0.945835760046592,26.2783925451369,5.96156086196855,8.71209473888565,6.22947000582411,4.19724325373713,5.7355853232382,28.560667831489,5.9949524364201,0.187924674820423,3.08988545913414,NA,NA,NA,2.33896330809551,1.13686662783926,NA,0,"CB",0,"CB","IFNgHIGH","Vaginal","Term",0
"213",290,2600100447,0.387957163063245,1.02646999393817,25.9284703980602,3.05920387957163,16.9165487977369,2.42473226914528,10.4627197413619,3.48757324712063,13.4047282279248,0.581935744594868,0.185896140634472,4.67973327945039,NA,NA,NA,4.63527985451607,12.8187512628814,NA,3,"1-6d",1,"1-6d","IFNgHIGH","Vaginal","Term",0
"214",290,2600100405,0.228789323164919,0.912433610241046,21.0853874438241,0.701348222797222,5.62440419447092,21.3768214626174,13.3215307095193,6.21680512052294,25.3084570339098,0.866131009124336,0.106223614326569,2.76317581370013,NA,NA,NA,0.964183576195015,0.524308865586273,NA,94,"56-120dd",3,"56-120dd","IFNgHIGH","Vaginal","Term",0
"215",290,2600100664,0.59070796460177,1.00221238938053,22.8473451327434,3.23008849557522,21.5929203539823,3.12831858407079,8.64601769911504,3.51327433628318,17.1393805309735,9.60619469026548,0.382743362831859,2.55088495575221,NA,NA,NA,3.85619469026548,1.91371681415929,NA,0,"CB",0,"CB","IFNgHIGH","Vaginal","Term",0
"216",293,2600100410,0.0803176506521568,0.792995395875519,10.6958223509316,3.92199006776096,7.77271236099957,8.45767486057535,1.35012839511759,2.86372017783007,55.6799285059786,2.03226280840281,0.286767949863687,5.65334449484723,NA,NA,NA,0.230206224052308,0.182128757112637,NA,86,"56-120dd",3,"56-120dd","IFNgLOW","Vaginal","Term",1
"217",293,2600100421,0.11534530588407,1.15053292451453,14.2006132282085,1.05270842458753,5.68550153307052,3.66622864651774,1.98277120747554,4.2006132282085,50.9256825813987,0.611768141334501,0.046722149218864,3.24864943787415,NA,NA,NA,1.78566214045846,11.3272010512484,NA,2,"1-6d",1,"1-6d","IFNgLOW","Vaginal","Term",1
"218",293,2600100662,0.172203262469082,0.741256770719182,11.4945677698112,1.60618679357525,11.5188327749773,5.05103478505901,1.54043645699615,4.53677322395817,51.368233194527,2.65897492094305,0.255956667397225,3.97241616832086,NA,NA,NA,0.7976142020727,4.28551300917373,NA,0,"CB",0,"CB","IFNgLOW","Vaginal","Term",1
"219",297,2600100361,0.312256049960968,4.33255269320843,12.4512099921936,3.00546448087431,9.79703356752538,1.63934426229508,2.49804839968775,10.2654176424668,44.6526151444184,0.780640124902421,0.0390320062451211,3.31772053083529,NA,NA,NA,2.77127244340359,4.13739266198283,NA,2,"1-6d",1,"1-6d","IFNgHIGH","Vaginal","Term",1
"220",297,2600100519,0.119794235783243,2.90324853780566,6.50412233105489,1.99069832992742,10.7955746599958,1.0922415615531,1.71235289972518,5.51405820590516,61.1267704883377,2.15981960397435,0.0880839968994433,3.42822915932633,NA,NA,NA,1.71587625960115,0.849129730110634,NA,0,"CB",0,"CB","IFNgHIGH","Vaginal","Term",1
"221",299,2600100363,0.160462130937098,5.51989730423621,29.1078305519897,0.738125802310654,5.80872913992297,3.36970474967908,2.7599486521181,3.17715019255456,21.9833119383825,0.417201540436458,0.160462130937098,9.01797175866495,NA,NA,NA,15.0513478818999,2.72785622593069,NA,2,"1-6d",1,"1-6d","IFNgHIGH","Vaginal","Term",1
"222",299,2600100520,0.0778666666666668,0.871466666666667,19.9477333333333,1.61386666666667,7.74613333333334,2.31466666666666,3.38986666666667,2.53973333333334,49.2746666666667,3.09013333333333,0.471466666666667,2.16106666666667,NA,NA,NA,5.13813333333333,1.3632,NA,0,"CB",0,"CB","IFNgHIGH","Vaginal","Term",1
"223",302,2600100364,0.255102040816327,1.87522377372001,23.1963838166846,2.20193340494093,10.8216970998926,1.94235588972431,2.71661296097387,6.69083422842821,29.1979949874687,1.36949516648765,0.210347296813462,12.9251700680272,NA,NA,NA,6.296992481203,0.299856784819191,NA,3,"1-6d",1,"1-6d","IFNgHIGH","Vaginal","Term",1
"224",302,2600100521,0.165863171996464,0.925006151518741,23.4377420736542,3.64078775893337,14.7381275688287,2.29018764410502,2.60915528255976,7.54221764528975,34.8431134886858,1.73609528930365,0.183178558084007,3.90872057523535,NA,NA,NA,3.5933982812201,0.386406510585169,NA,0,"CB",0,"CB","IFNgHIGH","Vaginal","Term",1
"225",305,2600100411,0.192182511391464,5.12693344905613,30.6500108490127,1.95282229317132,5.26022131985989,12.3461764979387,6.62719692507981,7.44862217538203,12.2531849601686,4.42639719785499,0.105390409472738,2.2720932395152,NA,NA,NA,1.72964260252317,9.60912556957316,NA,77,"56-120dd",3,"56-120dd","IFNgHIGH","Vaginal","Term",1
"226",305,2600100371,0.232888852249542,5.46155272974589,30.6712557449352,3.61080769151501,12.7594237546629,2.54735063168525,7.1494816677315,7.35145607056739,17.6789431380227,1.33962614125843,0.061828898827312,2.76787370416933,NA,NA,NA,5.25751736361576,3.10999361101378,NA,3,"1-6d",1,"1-6d","IFNgHIGH","Vaginal","Term",1
"227",305,2600100522,0.505281332520821,5.29656713386147,19.4749136705261,1.49553118017469,7.85852122689416,3.44556164940077,6.82764574446476,3.38716229941092,32.5411334552103,11.5503757871217,0.159963436928702,2.35374771480804,NA,NA,NA,2.34613040828763,2.75746496039001,NA,0,"CB",0,"CB","IFNgHIGH","Vaginal","Term",1
"228",308,2600100374,0.185013876040704,7.49306197964848,22.9972247918594,2.53469010175764,9.82423681776134,2.96022201665126,10.0832562442183,8.99167437557817,20.5550416281221,1.59111933395005,0.277520814061055,4.25531914893617,NA,NA,NA,6.86401480111009,1.38760407030527,NA,3,"1-6d",1,"1-6d","IFNgHIGH","Vaginal","Term",1
"229",308,2600100523,0.260662735003747,6.29174676615294,19.543188556906,3.65579485842755,14.7404776644619,5.3501026359519,6.52308494346876,5.32729464663907,28.4611123782216,2.51213710859861,0.237854745690918,2.53494509791144,NA,NA,NA,2.12765957446809,2.43393828809748,NA,0,"CB",0,"CB","IFNgHIGH","Vaginal","Term",1
"230",311,2600164329,0.309897346503971,0.658531861320937,23.2810381561108,1.68506682161533,5.86868099941894,21.0149138098005,10.8657757117954,9.4325004842146,14.4489637807477,2.73097036606624,0.116211504938989,3.79624249467364,NA,NA,NA,3.66066240557815,2.1305442572148,NA,119,"56-120dd",3,"56-120dd","IFNgHIGH","Vaginal","Term",0
"231",311,2600100369,0.571428571428572,0.661654135338346,14.3759398496241,0.87218045112782,4.78195488721805,2.91729323308271,7.12781954887218,5.20300751879699,56.1503759398496,0.390977443609022,NA,0.902255639097744,NA,NA,NA,5.50375939849624,0.541353383458647,NA,2,"1-6d",1,"1-6d","IFNgHIGH","Vaginal","Term",0
"232",311,2600100524,0.455326013425613,0.312223552063278,7.0276317843576,1.50127491283759,9.32247489202269,3.61398761513243,7.20716032679399,3.60097830046313,60.3554144767654,2.31825987406983,0.119685694957589,0.421501795285425,NA,NA,NA,3.21590258625175,0.528178175573711,NA,0,"CB",0,"CB","IFNgHIGH","Vaginal","Term",0
"239",324,2600100347,0.655150414683221,0.461304411836875,14.803454875595,2.82917014280807,25.8673995190656,17.2179417971242,7.27290572704519,2.1789272218678,21.1635667664523,1.51150807282721,0.211022230946655,0.228198459046964,NA,2.65004662119055,NA,2.44147813711538,0.507925602394856,NA,6,"1-6d",1,"1-6d","IFNgLOW","Vaginal","Preterm",1
"240",324,66704963,0.354562303580541,0.644658733782803,20.0112815278412,4.39442370195277,28.8619087270676,14.0696768648097,10.1533750570791,3.6100889091837,11.3540519487497,1.3645276531736,0.343817991350828,0.236374869053694,NA,3.11316446855945,NA,0.684949904644228,0.803137339171075,NA,32,"7-55dd",2,"7-55dd","IFNgLOW","Vaginal","Preterm",1
"241",324,2600100517,0.700641809290954,0.365220048899755,12.5848105134474,4.54080073349634,27.2959963325184,17.3915036674816,3.43826405867971,2.64440709046456,21.2156173594132,6.21179706601468,0.243734718826405,0.207823960880196,NA,1.66564792176039,NA,0.843520782396089,0.650213936430318,NA,0,"CB",0,"CB","IFNgLOW","Vaginal","Preterm",1
"246",332,2600100376,0.124610591900311,1.89252336448598,24.5249221183801,1.14485981308411,13.0295950155763,2.1183800623053,3.67601246105919,4.57165109034268,24.9454828660436,0.45171339563863,0.0700934579439253,10.2647975077882,NA,NA,NA,4.1822429906542,9.00311526479752,NA,2,"1-6d",1,"1-6d","IFNgHIGH","Vaginal","Term",0
"247",332,2600100525,0.0940800990818257,1.23375927403508,16.1222326755666,1.38976551428469,13.2081313786903,3.02842648057067,1.32903026044705,3.25707684795941,37.2545283490729,7.52998058853651,0.226268592728441,6.50462659727762,NA,NA,NA,1.45645520477308,7.36563813697585,NA,0,"CB",0,"CB","IFNgHIGH","Vaginal","Term",0
"248",334,2600100377,0.227077524031391,4.19563964091161,19.7922181826739,3.03083783370395,10.4738037250126,4.49095807890061,2.4554963349923,1.36599484663443,6.51818385043474,1.91898156318755,0.1305989905051,NA,0.0105891073382514,1.41776381584366,NA,5.23219559257821,38.7396609132517,NA,5,"1-6d",1,"1-6d","IFNgLOW","Vaginal","Term",0
"249",334,2600100526,0.666502650354498,7.11010713247299,15.1405694348146,3.8077877927132,9.52002862830177,8.67012591979602,1.26031625327101,1.15855158685782,38.3037731207086,3.9117890452014,0.125248820200845,NA,0.0067097582250453,1.0221198362819,NA,5.81400550200174,3.48236451879851,NA,0,"CB",0,"CB","IFNgLOW","Vaginal","Term",0
"250",337,2600100688,0.189719182899105,5.84040691493711,5.10279181590697,0.353270202639713,30.8718904862372,1.17266081154016,6.12171466889096,2.27172366419705,39.8917292249317,1.96097672668989,0.228971427636851,NA,NA,0.593690201658408,NA,3.69952406653256,1.70093060530232,NA,0,"CB",0,"CB","IFNgLOW","Vaginal","Term",1
"251",337,2600100471,0.21189689543167,0.833646996500914,8.26816109740287,0.907532098197482,35.7143852898945,4.51535555462619,12.3011724032175,4.72028215744497,15.5632693460471,2.64313495880557,0.160316730096329,NA,NA,1.49443073620231,NA,9.37922573989656,3.28718999623605,NA,5,"1-6d",1,"1-6d","IFNgLOW","Vaginal","Term",1
"252",337,2600100431,0.307538857950295,2.01147036821545,10.8968498046713,2.09458897847227,17.0143795195744,13.9473028010972,24.4119358324329,6.44169229490483,12.9581913390408,1.37976893026349,0.224420247693459,NA,NA,2.9008394979636,NA,4.89568614412766,0.515335383592386,NA,83,"56-120dd",3,"56-120dd","IFNgLOW","Vaginal","Term",1
"253",340,2600100380,0.693481276005548,0.423023578363384,14.0221914008322,3.34257975034674,7.95423023578363,2.26768377253814,12.1705963938974,5.89459084604716,46.3938973647711,0.50624133148405,0.0346740638002774,0.679611650485437,NA,NA,NA,2.92649098474342,2.69070735090152,NA,3,"1-6d",1,"1-6d","IFNgHIGH","Vaginal","Term",0
"254",340,2600164340,0.420848170929104,0.485594043379734,18.4363871803172,1.82907089673033,6.717384266753,14.5354483651667,7.08967303334413,9.24247329232762,24.506312722564,1.00356102298478,0.0485594043379734,1.35966332146325,NA,NA,NA,1.79669796050502,12.5283263191972,NA,104,"56-120dd",3,"56-120dd","IFNgHIGH","Vaginal","Term",0
"255",340,2600100528,0.866080661840745,0.369700103412616,12.2362978283351,4.06670113753878,8.28593588417787,4.69751809720786,4.0641158221303,4.11065149948294,52.7171664943123,4.65873836608066,0.180972078593588,0.990175801447777,NA,NA,NA,1.89245087900724,0.863495346432265,NA,0,"CB",0,"CB","IFNgHIGH","Vaginal","Term",0
"256",343,2600100378,0.30345698193824,0.662750048553118,11.7474266847931,1.82559720334046,12.195329190134,5.39789279471742,3.43756069139639,1.39711594484366,58.7444163915324,0.55714701883861,0.145659351330356,0.337444163915324,NA,0.892163526898428,NA,1.86079821324529,0.495241794523208,NA,6,"1-6d",1,"1-6d","IFNgLOW","Vaginal","Preterm",0
"257",343,2600100408,0.139682145517755,0.825676682393842,22.3056866153464,4.33635460640676,6.58265044284414,4.66331429517424,4.06319841072759,2.79985100571145,50.180034765334,1.08952073503849,0.124161907126893,0.167618574621307,NA,0.839127555665922,NA,1.02433573379687,0.858786524294347,NA,43,"7-55dd",2,"7-55dd","IFNgLOW","Vaginal","Preterm",0
"258",343,2600100527,0.269113149847094,0.688510266491917,9.77894276976845,1.46614242027086,10.7785058977719,6.6352118829183,1.63040629095675,0.962865880297072,65.5290519877676,0.660550458715596,0.0838794233289645,0.35998252512014,NA,0.335517693315859,NA,0.347750109218,0.473569244211446,NA,1,"1-6d",1,"1-6d","IFNgLOW","Vaginal","Preterm",0
"259",343,2600164342,0.107773321328204,0.742135275981556,9.85921257264468,1.28645875965185,5.661509917874,13.7704291833783,3.57561867343319,0.832173746964613,62.1306376360809,0.275572289978445,0.0641183050939947,0.249652124089384,NA,0.507489563722682,NA,0.511582221494639,0.42563640828354,NA,112,"56-120dd",3,"56-120dd","IFNgLOW","Vaginal","Preterm",0
"263",347,2600100538,0.100329439952081,1.78346810422282,9.36507936507936,1.57232704402516,12.1188978736149,4.12997903563941,11.6262353998203,5.52111410601977,49.6510931416592,NA,NA,NA,NA,NA,NA,0.253069781371668,3.87840670859539,NA,0,"CB",0,"CB","IFNgLOW","C-section","Preterm",1
"264",347,2600100413,0.473529950540392,0.816999450448799,4.59241619344202,1.07895218904561,43.7653416376626,2.21285949807657,5.17036087195457,2.71753068327533,28.3192892471149,NA,NA,NA,NA,NA,NA,6.44348781828174,4.40923246015754,NA,5,"1-6d",1,"1-6d","IFNgLOW","C-section","Preterm",1
"265",347,2600164327,0.980296209303843,1.92797024858094,10.8533959678998,1.33098453709141,18.504925947674,13.9900176159718,11.4014484243492,6.54400730736609,28.3421413192406,NA,NA,NA,NA,NA,NA,5.03849416063156,1.08631826189078,NA,41,"7-55dd",2,"7-55dd","IFNgLOW","C-section","Preterm",1
"266",347,2600164338,0.0934535769356571,4.9343488622027,22.3868043549367,5.82683052193823,9.31264894163823,34.7647306200645,11.2144292322789,3.47180038315967,6.23335358160834,NA,NA,NA,NA,NA,NA,1.66814634830148,0.0934535769356571,NA,74,"56-120dd",3,"56-120dd","IFNgLOW","C-section","Preterm",1
"267",350,2600164314,0.0862477899003838,1.28509206951572,10.1341153132951,2.15188235801458,7.11544266678166,6.91707275001078,9.79343654318858,1.94488766225365,55.1727111992755,NA,NA,NA,NA,NA,NA,4.76950278149122,0.629608866272802,NA,5,"1-6d",1,"1-6d","IFNgLOW","C-section","Preterm",1
"268",350,2600164328,0.0382574727918894,3.6042566472359,26.028169581282,7.61122353438642,11.0372809004601,11.8175319902947,9.26938294723489,1.75783019722734,24.3528949832372,NA,NA,NA,NA,NA,NA,3.84890311798403,0.634268627865535,NA,32,"7-55dd",2,"7-55dd","IFNgLOW","C-section","Preterm",1
"269",350,2600164465,0.0188952572904201,1.78371228821566,5.0601499023745,2.38962020532846,5.48592303331864,0.837689739875291,6.41305032436858,1.21307551804497,75.6868426025068,NA,NA,NA,NA,NA,NA,1.05183598916672,0.059205139509983,NA,2,"1-6d",1,"1-6d","IFNgLOW","C-section","Preterm",1
"275",356,2600164316,0.0592255125284738,17.6127562642369,7.94533029612757,1.70842824601367,11.4897494305239,2.84738041002278,6.51936218678815,2.31435079726651,46.5148063781321,NA,NA,NA,NA,NA,NA,1.63553530751708,1.35307517084282,NA,2,"1-6d",1,"1-6d","IFNgLOW","C-section","Preterm",1
"276",356,2600164464,0.0359510167396922,7.34074823053589,3.12212110998764,1.19200089877542,2.8704639928098,5.22525558925963,4.7623862487361,2.08515897090215,72.6749803392877,NA,NA,NA,NA,NA,NA,0.079766318391192,0.611167284574767,NA,0,"CB",0,"CB","IFNgLOW","C-section","Preterm",1
"277",356,2600164343,0.142533136353232,11.3537526789987,5.24771634865478,1.8997482261387,8.98166836596682,19.5239185168231,6.87280218065295,3.0639422376662,29.6156807257746,NA,NA,NA,NA,NA,NA,12.587652676918,0.710584906052977,NA,58,"56-120dd",3,"56-120dd","IFNgLOW","C-section","Preterm",1
"278",357,2600164461,0.121830823198269,0.159640389018422,4.26407881193942,0.300375995126767,11.7209654042473,4.99926481399794,2.02701283424707,1.29182683218854,71.0147667359842,1.58590123301195,0.0651164744680404,1.20780557481043,NA,NA,NA,0.737286533492973,0.5041275442687,NA,0,"CB",0,"CB","IFNgHIGH","Vaginal","Term",1
"279",357,2600164353,0.214102198115901,0.30259777333714,16.1490151298886,1.75849272052527,16.1547245218384,15.1784184984299,8.00742220953469,4.73879531829861,30.8078789608907,1.45018555523837,0.0599486154724523,1.39309163574079,NA,NA,NA,2.94033685412504,0.844990008564088,NA,92,"56-120dd",3,"56-120dd","IFNgHIGH","Vaginal","Term",1
"280",357,2600164322,0.225372591784805,0.203562340966921,8.21519447473646,0.596146855688841,16.5503453289713,6.53580516175936,3.86041439476554,1.87931661214104,55.0418029807343,0.748818611414031,0.0145401672119229,2.3009814612868,NA,NA,NA,2.91893856779353,0.908760450745183,NA,3,"1-6d",1,"1-6d","IFNgHIGH","Vaginal","Term",1
"284",363,2600164325,0.0591191250369495,15.9030446349394,10.4936446940585,0.768548625480343,4.58173219036359,3.99054093999408,0.975465563109667,3.45846881466154,45.2261306532663,8.27667750517293,0.0295595625184747,NA,0.0886786875554242,0.118238250073899,NA,3.93142181495714,2.0987289388117,NA,2,"1-6d",1,"1-6d","IFNgLOW","Vaginal","Term",1
"285",363,2600164467,0.174135128859996,14.302298583701,8.64871140004643,1.3814720222893,6.05990248432783,8.77641049454376,1.40469003947063,2.63524495008127,42.6050615277455,8.85767355467842,0.174135128859996,NA,0.0812630601346645,0.580450429533317,NA,3.54074762015324,0.777803575574645,NA,0,"CB",0,"CB","IFNgLOW","Vaginal","Term",1
"286",366,2600164367,0.194524400983137,1.60482630811088,23.6097419922979,2.0556497509299,5.82127413482644,9.12556024341838,9.33848560125126,4.70933059947688,34.4308189740152,0.939763153398262,0.107777032977143,1.13954497062419,NA,NA,NA,6.64668848494408,0.276014352746342,NA,92,"56-120dd",3,"56-120dd","IFNgHIGH","Vaginal","Term",1
"287",366,2600164320,0.147022556105704,0.515053212679984,5.3222165310265,0.547303321761235,7.03621497543301,1.09934930662266,2.11807334054218,1.16954072050538,75.0355699732514,0.167890273746514,0.0208677176408097,1.75668241230816,NA,NA,NA,4.82708250336729,0.2371331550092,NA,2,"1-6d",1,"1-6d","IFNgHIGH","Vaginal","Term",1
"288",366,2600100547,0.441332563639411,1.06701923614085,13.3051526042346,1.69456807135807,10.0612651533491,6.08182342973128,3.05022252844453,4.22524720210052,46.3585408092959,3.55114429898884,0.115454088378242,2.69454944973091,NA,NA,NA,6.61253980372805,0.741140760879685,NA,0,"CB",0,"CB","IFNgHIGH","Vaginal","Term",1
"289",367,2600100548,0.375457209989584,1.17966233074146,12.5087808541046,1.52120727660296,9.3525179856115,5.6924157643582,1.9015090957537,3.28948962042487,50.5292735508563,5.41627304217232,0.113848315287164,2.95521158830512,NA,NA,NA,4.65566940387084,0.508683961921372,NA,0,"CB",0,"CB","IFNgHIGH","Vaginal","Term",1
"290",367,2600164323,0.229191515236558,0.88402441591244,12.2734395098108,1.43595500362497,10.4492621436423,2.28256039664165,3.31626090413714,2.42755911036273,55.5181365326598,0.339109894992867,0.0280642671718235,3.93133609298628,NA,NA,NA,6.14373582169836,0.741364391122337,NA,2,"1-6d",1,"1-6d","IFNgHIGH","Vaginal","Term",1
"293",376,2600100550,0.0543045398595323,0.637173267685179,11.7831800738542,3.34696980667584,3.72981681268554,5.5535442763015,1.19198464991673,3.53884584751285,59.9368257186301,6.53102599377307,0.0199116646151619,0.161103468249946,NA,0.451632756498443,NA,0.0524943885308811,3.01118673521106,NA,2,"1-6d",1,"1-6d","IFNgLOW","C-section","Preterm",0
"294",376,2600164344,0.248598328572939,1.20596635988575,16.0795514651434,3.97757325716704,11.7740399873057,7.64307627208293,6.88141330794456,5.46916322860467,40.8970697133185,1.39109277478049,0.126943827356395,0.322648894530836,NA,0.386120808209034,NA,1.26943827356395,2.32730350153391,NA,34,"7-55dd",2,"7-55dd","IFNgLOW","C-section","Preterm",0
"295",376,2600164331,0.216294160057679,0.534014395170653,10.5055417741009,1.91487541700781,16.0632018867694,2.29002969462198,2.31691371451615,2.02852150110591,60.258086590984,0.586560434054722,0.149084110322242,0.448474331871006,NA,0.415480307455428,NA,1.74135128859995,0.531570393362092,NA,5,"1-6d",1,"1-6d","IFNgLOW","C-section","Preterm",0
"296",379,2600164336,0.922361244786654,0.649663137632339,16.9286707304032,3.4461554913913,29.0958186290236,1.58271842583681,19.2145225109614,6.49663137632339,13.4905357715752,NA,NA,NA,NA,NA,NA,7.17035611164581,1.00256657042028,NA,4,"1-6d",1,"1-6d","IFNgHIGH","C-section","Preterm",0
"297",379,2600164369,0.506540237517952,0.900344385588311,11.5438666934351,3.94730746065819,18.369805259988,7.70620666223958,18.2910444303739,8.03514895062776,26.7323521690115,NA,NA,NA,NA,NA,NA,3.47474248297376,0.492641267586057,NA,30,"7-55dd",2,"7-55dd","IFNgHIGH","C-section","Preterm",0
"298",379,2600164469,0.588205466254247,0.477916941331575,11.4839511180975,4.72212362456265,9.39861061812281,3.95897773946554,18.3788854520562,7.2879164342579,42.9782972465899,NA,NA,NA,NA,NA,NA,0.607220729171949,0.117894630089752,NA,0,"CB",0,"CB","IFNgHIGH","C-section","Preterm",0
"299",382,2600164335,0.173605914573918,3.47211829147835,5.83675057619205,1.20925499117005,8.70124816666168,0.716872698973331,6.04627495585023,1.89918884133018,64.1743242838756,0.317279774910952,0.02544224610135,NA,NA,0.419048759316352,NA,6.78709329821306,NA,0.221497201352929,3,"1-6d",1,"1-6d","IFNgHIGH","Vaginal","Term",0
"300",382,2600164468,0.354046807070523,2.40022908911046,6.85575195897222,1.64267305339339,6.33249160440475,0.618280269700361,4.91109780543045,2.2596516804207,59.0672428604899,2.82977117121808,0.0507640642490823,NA,NA,0.626090125738682,NA,2.86361388071747,NA,9.1882956290839,0,"CB",0,"CB","IFNgHIGH","Vaginal","Term",0
"301",386,2600164471,0.0413682550352923,3.2129344744077,0.834259809878395,0.91010161077643,7.19807637614086,0.523136058467134,1.83054528531168,0.172367729313718,84.0025510423938,NA,NA,NA,NA,NA,NA,0.831674293938689,0.442985064336255,NA,2,"1-6d",1,"1-6d","IFNgHIGH","C-section","Preterm",0
"302",437,2600164476,0.728674234440396,0.760290265273554,17.1900876215712,5.39580259552558,8.81334497606215,11.5187739002138,22.0890668754328,5.47710096052513,21.3076992562705,NA,NA,NA,NA,NA,NA,4.41570563969769,2.3034536749872,NA,0,"CB",0,"CB","IFNgLOW","Vaginal","Preterm",1
"303",437,2600164371,0.012058362474376,18.4975280356928,29.6876884119137,5.05245387676354,4.9198118895454,5.8724225250211,5.8724225250211,1.16966116001447,27.1916073797178,NA,NA,NA,NA,NA,NA,1.12142771011697,0.602918123718799,NA,29,"7-55dd",2,"7-55dd","IFNgLOW","Vaginal","Preterm",1
"304",437,2600164346,0.69802893744484,0.575004680270653,12.3452167633923,4.18549918429569,22.2807627503945,4.40747773528389,9.00216629670241,5.2793452969966,36.0273862694231,NA,NA,NA,NA,NA,NA,3.06490866786125,2.1342034179348,NA,4,"1-6d",1,"1-6d","IFNgLOW","Vaginal","Preterm",1
"305",437,2600164378,0.279730311289628,1.06154066848372,17.4580404533066,4.64065413857409,8.06914359489312,10.9238272844642,21.05867163965,15.1843351025678,17.3217615837039,NA,NA,NA,NA,NA,NA,2.86185626165543,1.14043896141156,NA,76,"56-120dd",3,"56-120dd","IFNgLOW","Vaginal","Preterm",1
"310",477,2600164470,0.296568281316199,9.56079649766982,4.6744810055077,2.66911453184578,7.07527185425788,1.7511650896766,4.98517158593419,3.34698488913995,46.9425222426211,4.01073294732382,0.084733794661771,NA,NA,1.21451772348538,NA,7.40008473379467,NA,5.98785482276515,0,"CB",0,"CB","IFNgLOW","Vaginal","Term",0
"311",477,2600164345,0.128976784178848,3.42926508522583,4.84548075464064,1.59324262809165,5.96580850740985,0.541196702240656,8.04208183703405,2.16225785241009,62.7560568509433,1.78544332608366,0.0758686965757928,NA,NA,0.52349400637297,NA,8.00161853219362,NA,0.149208436599059,4,"1-6d",1,"1-6d","IFNgLOW","Vaginal","Term",0
"316",480,2600164474,0.378538110240066,1.98549344274306,3.4446968031846,1.35418956211689,6.19581410115516,0.232007228856815,3.02586270056415,2.86589982172076,72.4216670329939,1.20277431802085,0.0427381737367817,NA,NA,0.534837717048868,NA,1.5666593401226,NA,4.74882164749554,0,"CB",0,"CB","IFNgHIGH","Vaginal","Term",0
"317",480,2600164356,0.62165858510506,2.31256993659083,3.48750466243939,1.06303618052966,6.54606490115629,0.447594181275643,4.76190476190476,3.30722367275892,72.5724232251647,0.254880019893075,0.0310829292552531,NA,NA,0.460027352977745,NA,3.53102076339675,NA,0.603008827551908,1,"1-6d",1,"1-6d","IFNgHIGH","Vaginal","Term",0
"320",488,2600164478,0.224734456499458,2.91547403026323,2.54572511027932,1.69841547023408,5.93192671834547,1.8950581196711,0.479079196118775,1.74852518012922,77.1233989568069,2.16534685789341,0.0706091366704375,NA,NA,0.341657112921472,NA,1.17226351633501,NA,1.68778613783207,3,"1-6d",1,"1-6d","IFNgLOW","Vaginal","Term",0
"321",488,2600164372,0.322690018823585,6.26907203236253,5.57458699185091,1.85546760823562,15.4376775671978,2.94045433819318,1.30011340917328,3.15090435046942,57.9322117127123,0.913119219931955,0.0257216681670974,NA,NA,0.510925863137343,NA,3.50282353766471,NA,0.264231682080182,2,"1-6d",1,"1-6d","IFNgLOW","Vaginal","Term",0
"323",492,2600164373,0.197360669258867,8.5012371862849,3.36691410392364,1.44338399905738,9.30540827147402,1.26958878284435,2.41251325556733,2.09143395781784,68.7374808530694,0.297513844703664,0.0294568163072935,NA,NA,0.465417697655237,NA,1.69376693766937,NA,0.188523624366679,2,"1-6d",1,"1-6d","IFNgHIGH","Vaginal","Term",1
"324",492,2600100553,0.183498263320008,3.57259884096505,4.1670957654967,1.391216424967,13.5835525638265,1.16558845833373,2.72345126529542,1.67020868246374,60.0675947684271,4.29348487543651,0.058981584638574,NA,NA,0.423169464391039,NA,1.89396421783865,NA,4.8055948246,0,"CB",0,"CB","IFNgHIGH","Vaginal","Term",1
"336",508,2600164368,0.436199671624966,0.400666552307202,3.76283480775357,0.680643026931654,16.4683755238072,1.70252652731149,3.89822824515402,0.617541108143211,67.2574558286569,NA,NA,NA,NA,NA,NA,3.87311000563629,0.90241870267356,NA,2,"1-6d",1,"1-6d","IFNgLOW","C-section","Preterm",0
"337",508,2600164361,0.669633456403633,1.03322898094984,9.90832900481518,3.17198489464153,21.4710878385018,3.73983968104671,8.88492692993417,2.82032204175031,40.8981792146898,NA,NA,NA,NA,NA,NA,6.54120983252144,0.861258124745553,NA,28,"7-55dd",2,"7-55dd","IFNgLOW","C-section","Preterm",0
"338",508,2600164473,0.662935995675813,0.914120377730438,5.61428889383485,0.655782010110966,21.9086833487012,1.39661695971511,3.82976693904804,0.4999841022543,57.1444469174271,NA,NA,NA,NA,NA,NA,5.10476614416076,2.26860831134145,NA,0,"CB",0,"CB","IFNgLOW","C-section","Preterm",0
"343",522,2600164496,0.232841576774053,0.654866934677024,7.68922925799937,0.996853000563913,9.63200116420788,2.55398104524039,2.9123387844942,1.39341131100722,63.1364488021393,1.91912393356739,0.0291051970967565,1.99916322558347,NA,NA,NA,6.61051789060083,0.240117876048241,NA,0,"CB",0,"CB","IFNgHIGH","Vaginal","Term",0
"344",522,2600164397,0.200410597321341,1.14625085541109,20.8378140580702,2.60044970182814,7.3125427705543,2.23140091895591,6.18340013686576,3.24811809561052,48.0814351353994,0.596343728614723,0.0268843484211556,2.30960993254472,NA,NA,NA,4.47746602795972,0.747873692443053,NA,3,"1-6d",1,"1-6d","IFNgHIGH","Vaginal","Term",0
"345",522,2600164442,0.124636476942252,1.46794072843096,26.9630245118405,1.69413285325209,7.63052208835341,10.2894335964548,8.37834095000691,4.00683192540276,28.1816922863869,2.42810321746757,0.0784748188154918,2.22037575589715,NA,NA,NA,6.18104602317315,0.355444767576051,NA,99,"56-120dd",3,"56-120dd","IFNgHIGH","Vaginal","Term",0
"351",529,2600164502,0.054617450275363,9.2849665468117,11.3695325656547,3.85053024441309,9.94947885849529,11.0554822265714,17.6368849847527,9.51253925629239,11.9930817896318,4.75626962814619,0.136543625688407,NA,NA,1.75230986300123,NA,7.77388375585999,0.873879204405807,NA,1,"1-6d",1,"1-6d","IFNgLOW","C-section","Preterm",0
"352",529,2600164407,0.0336889387984278,4.66778963129329,1.23900430469774,1.05558674901741,15.11884708965,1.98016095826315,3.14430095451993,3.30525921766798,67.3441886580572,0.557739097885084,0.0262025079543327,NA,NA,0.187160771102377,NA,0.48661800486618,0.853453116226838,NA,2,"1-6d",1,"1-6d","IFNgLOW","C-section","Preterm",0
"353",529,2600164409,0.0673949060683497,4.10266490691078,4.06896745387661,1.55008283957204,24.4345848192974,3.20518940776726,10.281654544944,5.68981494482043,33.9535536772346,1.18671197102019,0.0685181545028222,NA,NA,1.59164303164753,NA,9.36059082867654,0.438628513661509,NA,6,"1-6d",1,"1-6d","IFNgLOW","C-section","Preterm",0
"354",530,2600164419,0.585785108094157,8.42426206681311,3.1930089908411,1.13555883659236,10.8334233617823,1.61931170249799,7.91650161451019,7.01741750393124,41.8116124695404,0.490955141824816,0.138043621784484,NA,NA,1.22198614762265,NA,15.2940329144009,0.318100519764245,NA,33,"7-55dd",2,"7-55dd","IFNgLOW","C-section","Preterm",0
"355",530,2600164408,0.879839115133233,5.69733534439417,2.98039215686275,0.89492207139266,8.48064353946707,0.756158873805933,6.60231271995978,3.83207642031171,62.7853192559075,1.12518853695325,0.0633484162895927,NA,NA,0.846656611362493,NA,4.46958270487682,0.586224233283057,NA,6,"1-6d",1,"1-6d","IFNgLOW","C-section","Preterm",0
"356",530,2600164405,1.03539834816604,7.34519060135828,5.38780738388461,2.4857566013316,12.5035024750824,1.34761898408208,7.69610524770837,6.10164516258155,51.836631219395,0.552390355851468,0.0360254579903131,NA,NA,0.900636449757829,NA,1.94270617903318,0.828585533777202,NA,2,"1-6d",1,"1-6d","IFNgLOW","C-section","Preterm",0
"357",531,2600164406,0.45133142771175,22.8373702422145,3.98676094478712,1.9858582819317,11.2832856927937,5.92748608394764,12.3815255002257,9.08680607792989,15.044380923725,2.99383180382128,0.0601775236949,NA,NA,1.41417180683015,NA,11.3284188355649,1.21859485482172,NA,2,"1-6d",1,"1-6d","IFNgHIGH","C-section","Preterm",0
"358",531,2600164411,0.529707079890896,8.75597896983832,1.52587263311855,1.17009922125153,44.8709333122504,1.8025852867929,6.48693520970866,5.11127801715618,16.4209194766178,1.75119579396766,0.114638099379373,NA,NA,1.46262402656442,NA,9.50310313475907,0.494129738704194,NA,6,"1-6d",1,"1-6d","IFNgHIGH","C-section","Preterm",0
"359",531,2600164499,0.578034682080925,3.46820809248555,11.0982658959538,2.42774566473989,8.20809248554914,10.1734104046243,14.7976878612717,11.6763005780347,16.1849710982659,14.1040462427746,0.115606936416185,NA,NA,1.73410404624278,NA,4.16184971098265,1.27167630057804,NA,1,"1-6d",1,"1-6d","IFNgHIGH","C-section","Preterm",0
"360",531,2600164420,0.0198442985803694,0.995267898030834,0.302752760392815,0.0885361013585712,15.9151274614563,0.678776777082379,0.828372258688241,0.885869841754439,77.4645092352312,1.47305754846588,0.0758153971403857,NA,NA,0.359232687121559,NA,0.0926067267083905,0.820231007988601,NA,31,"7-55dd",2,"7-55dd","IFNgHIGH","C-section","Preterm",0
"361",532,2600164414,0.321239606953892,2.92642983119174,3.59032501889645,1.2912572436382,4.29705215419501,1.47896195515243,5.88309397833207,4.10052910052911,70.7986898463089,0.244394053917864,0.0138573948097758,NA,NA,0.571932476694382,NA,4.10052910052911,NA,0.381708238851096,2,"1-6d",1,"1-6d","IFNgHIGH","Vaginal","Term",0
"362",532,2600164503,0.164725553982799,2.07189980713039,3.01720926767489,1.36829819464103,4.38054086269835,0.945309460544505,3.39218753880156,3.76468251011945,75.780376964911,1.78466479591414,0.0223496982790732,NA,NA,0.399811269214533,NA,1.87654688883922,NA,1.03139718724908,0,"CB",0,"CB","IFNgHIGH","Vaginal","Term",0
"363",533,2600164416,0.0897250635159002,3.47566561830013,3.20176805598844,1.12392447983075,6.82288272461961,1.19381558193787,7.76546812871297,2.8787578273312,71.5373209040509,0.241785434316532,0.0330566023479632,NA,NA,0.307898639012457,NA,1.25709536357541,NA,0.0708355764599213,3,"1-6d",1,"1-6d","IFNgHIGH","Vaginal","Term",0
"364",533,2600164504,0.126618643797283,3.31017311641467,4.27524126703766,1.29810710447635,7.41517082876691,1.33747592649734,8.85160082142515,2.88137216305077,64.1956524052222,1.83224625730185,0.0893778662098465,NA,NA,0.368151687007225,NA,0.668205952140281,NA,3.35060596065246,0,"CB",0,"CB","IFNgHIGH","Vaginal","Term",0
"365",534,2600164505,0.0768098834106822,2.86783848902832,4.55846444915186,0.930612376902056,4.32237512330008,1.24836273669572,3.58742581782312,1.83373490079397,73.0664122507721,3.29878236121667,0.022638702478938,NA,NA,0.458433725198493,NA,0.884526446855647,NA,2.84358273637231,0,"CB",0,"CB","IFNgHIGH","Vaginal","Term",1
"366",534,2600164415,0.101876566352208,7.06615864218912,7.79763238859798,2.0395688583712,6.44471158744066,1.83377819433974,6.68717781535892,3.79999592493734,57.497096517859,0.609221866786202,0.0631634711383688,NA,NA,0.68664805721388,NA,5.20589254059781,NA,0.16707756881762,2,"1-6d",1,"1-6d","IFNgHIGH","Vaginal","Term",1
"367",537,2600164417,0.452247938281458,7.4487895716946,4.82841181165203,1.46315509444001,6.35807395583932,1.60947060388401,8.31338121840915,2.92631018888002,61.6919393455706,0.638467677573823,0.0532056397978186,NA,NA,1.39664804469273,NA,2.62037776004256,NA,0.19952114924182,2,"1-6d",1,"1-6d","IFNgHIGH","Vaginal","Term",0
"368",537,2600164506,0.110419056399482,1.39042248689444,2.48067666513009,0.888712599564757,7.52993642864034,0.624993299814539,3.03169991745371,1.53729055220249,72.1797579356997,2.21266924668475,0.0310888605396598,NA,NA,0.51671830276262,NA,2.92771303909692,NA,4.53790160911654,0,"CB",0,"CB","IFNgHIGH","Vaginal","Term",0
"369",542,2600164452,0.47493185760304,0.582307755843727,16.411993061865,1.39175683488891,22.4704716279838,2.80829272321797,9.4532088874205,0.768150656644916,40.4476748988189,NA,NA,NA,NA,NA,NA,4.36524324770794,0.825968448005286,NA,6,"1-6d",1,"1-6d","IFNgLOW","C-section","Preterm",0
"370",542,2600164513,0.349057061133466,1.19261162553934,44.2623745576187,2.63732001745285,1.61923692248024,1.00838706549668,11.9212682406555,2.31250303000921,26.5962088524749,NA,NA,NA,NA,NA,NA,7.0926455616425,1.00838706549668,NA,0,"CB",0,"CB","IFNgLOW","C-section","Preterm",0
"371",545,2600164514,0.202305565198655,11.0920909297676,10.1847085722494,3.8665501514299,9.11332702874176,12.478303027401,10.5007362007254,5.5496366879347,15.4111351856063,2.48991464859883,0.0670361636161222,NA,NA,0.940900439326288,NA,17.0295797071957,1.07377569220824,NA,0,"CB",0,"CB","IFNgLOW","C-section","Preterm",0
