"","sample_id","celltype","prop_cells","subject","baby_age","group","mode_delivery","sex","IFNG_category","BinGroupStr"
"1","2600164343","CD45+",1,356,58,"Preterm","C-section",1,"IFNgLOW","56-120d"
"2","2600164343","CD19+CD20+/-",0.295598441495191,356,58,"Preterm","C-section",1,"IFNgLOW","56-120d"
"3","2600164343","Memory B cells",0.0109669447018845,356,58,"Preterm","C-section",1,"IFNgLOW","56-120d"
"4","2600164343","Plasmablasts",0.00139017608897127,356,58,"Preterm","C-section",1,"IFNgLOW","56-120d"
"5","2600100343","CD45+",1,42,63,"Term","Vaginal",1,"IFNgLOW","56-120d"
"6","2600100343","CD19+CD20+/-",0.290305584826133,42,63,"Term","Vaginal",1,"IFNgLOW","56-120d"
"7","2600100343","Memory B cells",0.00544464609800363,42,63,"Term","Vaginal",1,"IFNgLOW","56-120d"
"8","2600100343","Plasmablasts",0,42,63,"Term","Vaginal",1,"IFNgLOW","56-120d"
"9","66627234","CD45+",1,210,67,"Preterm","C-section",1,"IFNgLOW","56-120d"
"10","66627234","CD19+CD20+/-",0.192625476456759,210,67,"Preterm","C-section",1,"IFNgLOW","56-120d"
"11","66627234","Memory B cells",0.00284377036554298,210,67,"Preterm","C-section",1,"IFNgLOW","56-120d"
"12","66627234","Plasmablasts",0.00414716511641685,210,67,"Preterm","C-section",1,"IFNgLOW","56-120d"
"13","2600100425","CD45+",1,162,69,"Term","C-section",0,"IFNgLOW","56-120d"
"14","2600100425","CD19+CD20+/-",0.161843515541265,162,69,"Term","C-section",0,"IFNgLOW","56-120d"
"15","2600100425","Memory B cells",0.00441501103752759,162,69,"Term","C-section",0,"IFNgLOW","56-120d"
"16","2600100425","Plasmablasts",0.0022075055187638,162,69,"Term","C-section",0,"IFNgLOW","56-120d"
"17","66600202","CD45+",1,104,71,"Term","Vaginal",1,"IFNgLOW","56-120d"
"18","66600202","CD19+CD20+/-",0.174691451036259,104,71,"Term","Vaginal",1,"IFNgLOW","56-120d"
"19","66600202","Memory B cells",0.0267388065553203,104,71,"Term","Vaginal",1,"IFNgLOW","56-120d"
"20","66600202","Plasmablasts",0.00360699443268251,104,71,"Term","Vaginal",1,"IFNgLOW","56-120d"
"21","2600164338","CD45+",1,347,74,"Preterm","C-section",1,"IFNgLOW","56-120d"
"22","2600164338","CD19+CD20+/-",0.401155207751071,347,74,"Preterm","C-section",1,"IFNgLOW","56-120d"
"23","2600164338","Memory B cells",0.0190431955411054,347,74,"Preterm","C-section",1,"IFNgLOW","56-120d"
"24","2600164338","Plasmablasts",0.00174175568973525,347,74,"Preterm","C-section",1,"IFNgLOW","56-120d"
"25","2600164378","CD45+",1,437,76,"Preterm","Vaginal",1,"IFNgLOW","56-120d"
"26","2600164378","CD19+CD20+/-",0.0277657735522904,437,76,"Preterm","Vaginal",1,"IFNgLOW","56-120d"
"27","2600164378","Memory B cells",0.0389105058365759,437,76,"Preterm","Vaginal",1,"IFNgLOW","56-120d"
"28","2600164378","Plasmablasts",0.00778210116731518,437,76,"Preterm","Vaginal",1,"IFNgLOW","56-120d"
"29","66600236","CD45+",1,230,76,"Preterm","C-section",0,"IFNgLOW","56-120d"
"30","66600236","CD19+CD20+/-",0.126002354704057,230,76,"Preterm","C-section",0,"IFNgLOW","56-120d"
"31","66600236","Memory B cells",0.0172946892732153,230,76,"Preterm","C-section",0,"IFNgLOW","56-120d"
"32","66600236","Plasmablasts",0.00900411131120247,230,76,"Preterm","C-section",0,"IFNgLOW","56-120d"
"33","2600100411","CD45+",1,305,77,"Term","Vaginal",1,"IFNgHIGH","56-120d"
"34","2600100411","CD19+CD20+/-",0.165981729183572,305,77,"Term","Vaginal",1,"IFNgHIGH","56-120d"
"35","2600100411","Memory B cells",0.00315407664406245,305,77,"Term","Vaginal",1,"IFNgHIGH","56-120d"
"36","2600100411","Plasmablasts",0.000788519161015613,305,77,"Term","Vaginal",1,"IFNgHIGH","56-120d"
"37","2600100430","CD45+",1,147,77,"Term","C-section",1,"IFNgLOW","56-120d"
"38","2600100430","CD19+CD20+/-",0.344796215429403,147,77,"Term","C-section",1,"IFNgLOW","56-120d"
"39","2600100430","Memory B cells",0.0258575197889182,147,77,"Term","C-section",1,"IFNgLOW","56-120d"
"40","2600100430","Plasmablasts",0.00105540897097625,147,77,"Term","C-section",1,"IFNgLOW","56-120d"
"41","2600100426","CD45+",1,153,78,"Term","C-section",0,"IFNgLOW","56-120d"
"42","2600100426","CD19+CD20+/-",0.406359567325625,153,78,"Term","C-section",0,"IFNgLOW","56-120d"
"43","2600100426","Memory B cells",0.016659782459039,153,78,"Term","C-section",0,"IFNgLOW","56-120d"
"44","2600100426","Plasmablasts",4.58947175180137e-05,153,78,"Term","C-section",0,"IFNgLOW","56-120d"
"45","2600100439","CD45+",1,144,79,"Term","Vaginal",0,"IFNgLOW","56-120d"
"46","2600100439","CD19+CD20+/-",0.323396567299006,144,79,"Term","Vaginal",0,"IFNgLOW","56-120d"
"47","2600100439","Memory B cells",0.00558659217877095,144,79,"Term","Vaginal",0,"IFNgLOW","56-120d"
"48","2600100439","Plasmablasts",0,144,79,"Term","Vaginal",0,"IFNgLOW","56-120d"
"49","66627267","CD45+",1,223,79,"Preterm","C-section",0,"IFNgLOW","56-120d"
"50","66627267","CD19+CD20+/-",0.211661774345236,223,79,"Preterm","C-section",0,"IFNgLOW","56-120d"
"51","66627267","Memory B cells",0.0106368654907769,223,79,"Preterm","C-section",0,"IFNgLOW","56-120d"
"52","66627267","Plasmablasts",0.00264799605044657,223,79,"Preterm","C-section",0,"IFNgLOW","56-120d"
"53","66627248","CD45+",1,216,81,"Preterm","C-section",1,"IFNgLOW","56-120d"
"54","66627248","CD19+CD20+/-",0.127777348961837,216,81,"Preterm","C-section",1,"IFNgLOW","56-120d"
"55","66627248","Memory B cells",0.0137210907835692,216,81,"Preterm","C-section",1,"IFNgLOW","56-120d"
"56","66627248","Plasmablasts",0.00120814635830169,216,81,"Preterm","C-section",1,"IFNgLOW","56-120d"
"57","66627249","CD45+",1,217,81,"Preterm","C-section",1,"IFNgLOW","56-120d"
"58","66627249","CD19+CD20+/-",0.158888052478761,217,81,"Preterm","C-section",1,"IFNgLOW","56-120d"
"59","66627249","Memory B cells",0.0128595600676819,217,81,"Preterm","C-section",1,"IFNgLOW","56-120d"
"60","66627249","Plasmablasts",0.00152284263959391,217,81,"Preterm","C-section",1,"IFNgLOW","56-120d"
"61","66627255","CD45+",1,219,81,"Preterm","C-section",0,"IFNgLOW","56-120d"
"62","66627255","CD19+CD20+/-",0.17811380124115,219,81,"Preterm","C-section",0,"IFNgLOW","56-120d"
"63","66627255","Memory B cells",0.00412209245264501,219,81,"Preterm","C-section",0,"IFNgLOW","56-120d"
"64","66627255","Plasmablasts",0.00431838256943763,219,81,"Preterm","C-section",0,"IFNgLOW","56-120d"
"65","2600100431","CD45+",1,337,83,"Term","Vaginal",1,"IFNgLOW","56-120d"
"66","2600100431","CD19+CD20+/-",0.166858069310275,337,83,"Term","Vaginal",1,"IFNgLOW","56-120d"
"67","2600100431","Memory B cells",0.00607287449392713,337,83,"Term","Vaginal",1,"IFNgLOW","56-120d"
"68","2600100431","Plasmablasts",0,337,83,"Term","Vaginal",1,"IFNgLOW","56-120d"
"69","66600240","CD45+",1,206,83,"Preterm","Vaginal",1,"IFNgLOW","56-120d"
"70","66600240","CD19+CD20+/-",0.199163231403433,206,83,"Preterm","Vaginal",1,"IFNgLOW","56-120d"
"71","66600240","Memory B cells",0.0222428174235403,206,83,"Preterm","Vaginal",1,"IFNgLOW","56-120d"
"72","66600240","Plasmablasts",0.00563793636082793,206,83,"Preterm","Vaginal",1,"IFNgLOW","56-120d"
"73","66600227","CD45+",1,203,84,"Preterm","C-section",0,"IFNgLOW","56-120d"
"74","66600227","CD19+CD20+/-",0.188333737569731,203,84,"Preterm","C-section",0,"IFNgLOW","56-120d"
"75","66600227","Memory B cells",0.0144880875724404,203,84,"Preterm","C-section",0,"IFNgLOW","56-120d"
"76","66600227","Plasmablasts",0.0101416613007083,203,84,"Preterm","C-section",0,"IFNgLOW","56-120d"
"77","2600100443","CD45+",1,141,85,"Term","Vaginal",1,"IFNgLOW","56-120d"
"78","2600100443","CD19+CD20+/-",0.212903670040625,141,85,"Term","Vaginal",1,"IFNgLOW","56-120d"
"79","2600100443","Memory B cells",0.0105918499353169,141,85,"Term","Vaginal",1,"IFNgLOW","56-120d"
"80","2600100443","Plasmablasts",0,141,85,"Term","Vaginal",1,"IFNgLOW","56-120d"
"81","66627240","CD45+",1,110,85,"Term","Vaginal",1,"IFNgLOW","56-120d"
"82","66627240","CD19+CD20+/-",0.133822452494817,110,85,"Term","Vaginal",1,"IFNgLOW","56-120d"
"83","66627240","Memory B cells",0.0214520604254445,110,85,"Term","Vaginal",1,"IFNgLOW","56-120d"
"84","66627240","Plasmablasts",0.0128198540746069,110,85,"Term","Vaginal",1,"IFNgLOW","56-120d"
"85","2600100350","CD45+",1,285,86,"Term","Vaginal",0,"IFNgHIGH","56-120d"
"86","2600100350","CD19+CD20+/-",0.176069632536077,285,86,"Term","Vaginal",0,"IFNgHIGH","56-120d"
"87","2600100350","Memory B cells",0.00285319557904853,285,86,"Term","Vaginal",0,"IFNgHIGH","56-120d"
"88","2600100350","Plasmablasts",0.00264296011532917,285,86,"Term","Vaginal",0,"IFNgHIGH","56-120d"
"89","2600100410","CD45+",1,293,86,"Term","Vaginal",1,"IFNgLOW","56-120d"
"90","2600100410","CD19+CD20+/-",0.130123303712888,293,86,"Term","Vaginal",1,"IFNgLOW","56-120d"
"91","2600100410","Memory B cells",0.00994479316342736,293,86,"Term","Vaginal",1,"IFNgLOW","56-120d"
"92","2600100410","Plasmablasts",0.00760039325417833,293,86,"Term","Vaginal",1,"IFNgLOW","56-120d"
"93","66627244","CD45+",1,211,86,"Preterm","C-section",0,"IFNgLOW","56-120d"
"94","66627244","CD19+CD20+/-",0.029855506218875,211,86,"Preterm","C-section",0,"IFNgLOW","56-120d"
"95","66627244","Memory B cells",0.00725828540125993,211,86,"Preterm","C-section",0,"IFNgLOW","56-120d"
"96","66627244","Plasmablasts",0.00438236099698713,211,86,"Preterm","C-section",0,"IFNgLOW","56-120d"
"97","66627246","CD45+",1,213,86,"Preterm","C-section",0,"IFNgLOW","56-120d"
"98","66627246","CD19+CD20+/-",0.10077074826811,213,86,"Preterm","C-section",0,"IFNgLOW","56-120d"
"99","66627246","Memory B cells",0.0175278852720237,213,86,"Preterm","C-section",0,"IFNgLOW","56-120d"
"100","66627246","Plasmablasts",0.0104712041884817,213,86,"Preterm","C-section",0,"IFNgLOW","56-120d"
"101","66627247","CD45+",1,214,86,"Preterm","C-section",1,"IFNgLOW","56-120d"
"102","66627247","CD19+CD20+/-",0.0915106865978498,214,86,"Preterm","C-section",1,"IFNgLOW","56-120d"
"103","66627247","Memory B cells",0.0201263749122396,214,86,"Preterm","C-section",1,"IFNgLOW","56-120d"
"104","66627247","Plasmablasts",0.00538263515094781,214,86,"Preterm","C-section",1,"IFNgLOW","56-120d"
"105","66600238","CD45+",1,204,89,"Preterm","C-section",1,"IFNgLOW","56-120d"
"106","66600238","CD19+CD20+/-",0.098,204,89,"Preterm","C-section",1,"IFNgLOW","56-120d"
"107","66600238","Memory B cells",0.0241187384044527,204,89,"Preterm","C-section",1,"IFNgLOW","56-120d"
"108","66600238","Plasmablasts",0.00742115027829314,204,89,"Preterm","C-section",1,"IFNgLOW","56-120d"
"109","66600239","CD45+",1,205,89,"Preterm","C-section",0,"IFNgLOW","56-120d"
"110","66600239","CD19+CD20+/-",0.101624212301411,205,89,"Preterm","C-section",0,"IFNgLOW","56-120d"
"111","66600239","Memory B cells",0.0126637554585153,205,89,"Preterm","C-section",0,"IFNgLOW","56-120d"
"112","66600239","Plasmablasts",0.00480349344978166,205,89,"Preterm","C-section",0,"IFNgLOW","56-120d"
"113","66627257","CD45+",1,220,90,"Preterm","C-section",0,"IFNgLOW","56-120d"
"114","66627257","CD19+CD20+/-",0.168697029939762,220,90,"Preterm","C-section",0,"IFNgLOW","56-120d"
"115","66627257","Memory B cells",0.00620237462342726,220,90,"Preterm","C-section",0,"IFNgLOW","56-120d"
"116","66627257","Plasmablasts",0.00416445153287259,220,90,"Preterm","C-section",0,"IFNgLOW","56-120d"
"117","2600164353","CD45+",1,357,92,"Term","Vaginal",1,"IFNgHIGH","56-120d"
"118","2600164353","CD19+CD20+/-",0.263696511019087,357,92,"Term","Vaginal",1,"IFNgHIGH","56-120d"
"119","2600164353","Memory B cells",0.00947653429602888,357,92,"Term","Vaginal",1,"IFNgHIGH","56-120d"
"120","2600164353","Plasmablasts",0.00505415162454874,357,92,"Term","Vaginal",1,"IFNgHIGH","56-120d"
"121","2600164367","CD45+",1,366,92,"Term","Vaginal",1,"IFNgHIGH","56-120d"
"122","2600164367","CD19+CD20+/-",0.114920735884137,366,92,"Term","Vaginal",1,"IFNgHIGH","56-120d"
"123","2600164367","Memory B cells",0.0325705162320383,366,92,"Term","Vaginal",1,"IFNgHIGH","56-120d"
"124","2600164367","Plasmablasts",0.00681213411389037,366,92,"Term","Vaginal",1,"IFNgHIGH","56-120d"
"125","2600100405","CD45+",1,290,94,"Term","Vaginal",0,"IFNgHIGH","56-120d"
"126","2600100405","CD19+CD20+/-",0.233259500810107,290,94,"Term","Vaginal",0,"IFNgHIGH","56-120d"
"127","2600100405","Memory B cells",0.00386864201872774,290,94,"Term","Vaginal",0,"IFNgHIGH","56-120d"
"128","2600100405","Plasmablasts",0.000175847364487625,290,94,"Term","Vaginal",0,"IFNgHIGH","56-120d"
"129","66627239","CD45+",1,107,94,"Term","Vaginal",1,"IFNgLOW","56-120d"
"130","66627239","CD19+CD20+/-",0.166589650977471,107,94,"Term","Vaginal",1,"IFNgLOW","56-120d"
"131","66627239","Memory B cells",0.0214265496744976,107,94,"Term","Vaginal",1,"IFNgLOW","56-120d"
"132","66627239","Plasmablasts",0.0061137843192754,107,94,"Term","Vaginal",1,"IFNgLOW","56-120d"
"133","2600100446","CD45+",1,126,95,"Term","C-section",0,"IFNgHIGH","56-120d"
"134","2600100446","CD19+CD20+/-",0.333040526103369,126,95,"Term","C-section",0,"IFNgHIGH","56-120d"
"135","2600100446","Memory B cells",0.00156829198745366,126,95,"Term","C-section",0,"IFNgHIGH","56-120d"
"136","2600100446","Plasmablasts",0,126,95,"Term","C-section",0,"IFNgHIGH","56-120d"
"137","66627254","CD45+",1,215,95,"Preterm","C-section",0,"IFNgLOW","56-120d"
"138","66627254","CD19+CD20+/-",0.0462736940417312,215,95,"Preterm","C-section",0,"IFNgLOW","56-120d"
"139","66627254","Memory B cells",0.0165137614678899,215,95,"Preterm","C-section",0,"IFNgLOW","56-120d"
"140","66627254","Plasmablasts",0.0169724770642202,215,95,"Preterm","C-section",0,"IFNgLOW","56-120d"
"141","2600164442","CD45+",1,522,99,"Term","Vaginal",0,"IFNgHIGH","56-120d"
"142","2600164442","CD19+CD20+/-",0.171344165435746,522,99,"Term","Vaginal",0,"IFNgHIGH","56-120d"
"143","2600164442","Memory B cells",0.00626959247648903,522,99,"Term","Vaginal",0,"IFNgHIGH","56-120d"
"144","2600164442","Plasmablasts",0.0021551724137931,522,99,"Term","Vaginal",0,"IFNgHIGH","56-120d"
"145","2600164340","CD45+",1,340,104,"Term","Vaginal",0,"IFNgHIGH","56-120d"
"146","2600164340","CD19+CD20+/-",0.192997198879552,340,104,"Term","Vaginal",0,"IFNgHIGH","56-120d"
"147","2600164340","Memory B cells",0.0058055152394775,340,104,"Term","Vaginal",0,"IFNgHIGH","56-120d"
"148","2600164340","Plasmablasts",0.000725689404934688,340,104,"Term","Vaginal",0,"IFNgHIGH","56-120d"
"149","66627256","CD45+",1,218,104,"Preterm","Vaginal",0,"IFNgLOW","56-120d"
"150","66627256","CD19+CD20+/-",0.113707983193277,218,104,"Preterm","Vaginal",0,"IFNgLOW","56-120d"
"151","66627256","Memory B cells",0.00384911470361817,218,104,"Preterm","Vaginal",0,"IFNgLOW","56-120d"
"152","66627256","Plasmablasts",0.00256607646907878,218,104,"Preterm","Vaginal",0,"IFNgLOW","56-120d"
"153","66627261","CD45+",1,221,104,"Preterm","C-section",0,"IFNgLOW","56-120d"
"154","66627261","CD19+CD20+/-",0.329332454019198,221,104,"Preterm","C-section",0,"IFNgLOW","56-120d"
"155","66627261","Memory B cells",0.0256763972944108,221,104,"Preterm","C-section",0,"IFNgLOW","56-120d"
"156","66627261","Plasmablasts",0.0033374866500534,221,104,"Preterm","C-section",0,"IFNgLOW","56-120d"
"157","66600194","CD45+",1,93,105,"Term","Vaginal",0,"IFNgLOW","56-120d"
"158","66600194","CD19+CD20+/-",0.2627882672612,93,105,"Term","Vaginal",0,"IFNgLOW","56-120d"
"159","66600194","Memory B cells",0.0173392014422822,93,105,"Term","Vaginal",0,"IFNgLOW","56-120d"
"160","66600194","Plasmablasts",0.00408293122647012,93,105,"Term","Vaginal",0,"IFNgLOW","56-120d"
"161","66600203","CD45+",1,88,105,"Term","Vaginal",0,"IFNgLOW","56-120d"
"162","66600203","CD19+CD20+/-",0.130272031089267,88,105,"Term","Vaginal",0,"IFNgLOW","56-120d"
"163","66600203","Memory B cells",0.0222636543101557,88,105,"Term","Vaginal",0,"IFNgLOW","56-120d"
"164","66600203","Plasmablasts",0.00734810265409081,88,105,"Term","Vaginal",0,"IFNgLOW","56-120d"
"165","2600100429","CD45+",1,42,108,"Term","Vaginal",1,"IFNgLOW","56-120d"
"166","2600100429","CD19+CD20+/-",0.25866872147472,42,108,"Term","Vaginal",1,"IFNgLOW","56-120d"
"167","2600100429","Memory B cells",0.00572868927589368,42,108,"Term","Vaginal",1,"IFNgLOW","56-120d"
"168","2600100429","Plasmablasts",0,42,108,"Term","Vaginal",1,"IFNgLOW","56-120d"
"169","2600164342","CD45+",1,343,112,"Preterm","Vaginal",0,"IFNgLOW","56-120d"
"170","2600164342","CD19+CD20+/-",0.176299016960138,343,112,"Preterm","Vaginal",0,"IFNgLOW","56-120d"
"171","2600164342","Memory B cells",0.0185866013071895,343,112,"Preterm","Vaginal",0,"IFNgLOW","56-120d"
"172","2600164342","Plasmablasts",0,343,112,"Preterm","Vaginal",0,"IFNgLOW","56-120d"
"173","66627297","CD45+",1,119,112,"Term","Vaginal",1,"IFNgLOW","56-120d"
"174","66627297","CD19+CD20+/-",0.178711417798113,119,112,"Term","Vaginal",1,"IFNgLOW","56-120d"
"175","66627297","Memory B cells",0.00817279626386457,119,112,"Term","Vaginal",1,"IFNgLOW","56-120d"
"176","66627297","Plasmablasts",0.00441998165290635,119,112,"Term","Vaginal",1,"IFNgLOW","56-120d"
"177","66600197","CD45+",1,101,113,"Term","Vaginal",1,"IFNgLOW","56-120d"
"178","66600197","CD19+CD20+/-",0.14363159919223,101,113,"Term","Vaginal",1,"IFNgLOW","56-120d"
"179","66600197","Memory B cells",0.0346472508159679,101,113,"Term","Vaginal",1,"IFNgLOW","56-120d"
"180","66600197","Plasmablasts",0.00937316930287053,101,113,"Term","Vaginal",1,"IFNgLOW","56-120d"
"181","2600100353","CD45+",1,267,118,"Term","C-section",0,"IFNgLOW","56-120d"
"182","2600100353","CD19+CD20+/-",0.155033402441834,267,118,"Term","C-section",0,"IFNgLOW","56-120d"
"183","2600100353","Memory B cells",0,267,118,"Term","C-section",0,"IFNgLOW","56-120d"
"184","2600100353","Plasmablasts",0,267,118,"Term","C-section",0,"IFNgLOW","56-120d"
"185","2600100356","CD45+",1,180,118,"Term","C-section",0,"IFNgLOW","56-120d"
"186","2600100356","CD19+CD20+/-",0.270982797978151,180,118,"Term","C-section",0,"IFNgLOW","56-120d"
"187","2600100356","Memory B cells",0.00910082358692791,180,118,"Term","C-section",0,"IFNgLOW","56-120d"
"188","2600100356","Plasmablasts",0.000112820127110677,180,118,"Term","C-section",0,"IFNgLOW","56-120d"
"189","2600164329","CD45+",1,311,119,"Term","Vaginal",0,"IFNgHIGH","56-120d"
"190","2600164329","CD19+CD20+/-",0.23232,311,119,"Term","Vaginal",0,"IFNgHIGH","56-120d"
"191","2600164329","Memory B cells",0.00550964187327824,311,119,"Term","Vaginal",0,"IFNgHIGH","56-120d"
"192","2600164329","Plasmablasts",0,311,119,"Term","Vaginal",0,"IFNgHIGH","56-120d"
