"","sample","celltype","prop_T_cells","IFNG_category","group","mode_delivery","subject","BinGroupStr"
"1",2600100343,"Q1: CD45RA- , CD27+(TCM)",0.170118343195266,"IFNgLOW","Term","Vaginal",42,"56-120d"
"2",2600100343,"Q2: CD45RA+ , CD27+(Naive)",0.428994082840237,"IFNgLOW","Term","Vaginal",42,"56-120d"
"3",2600100343,"Q3: CD45RA+ , CD27-(TEMRA)",0.0266272189349112,"IFNgLOW","Term","Vaginal",42,"56-120d"
"4",2600100343,"Q4: CD45RA- , CD27-(TEM)",0.0488165680473373,"IFNgLOW","Term","Vaginal",42,"56-120d"
"5",2600100343,"Tregs",0.0857988165680473,"IFNgLOW","Term","Vaginal",42,"56-120d"
"6",2600100350,"Q1: CD45RA- , CD27+(TCM)",0.206981667338036,"IFNgHIGH","Term","Vaginal",285,"56-120d"
"7",2600100350,"Q2: CD45RA+ , CD27+(Naive)",0.324339844185229,"IFNgHIGH","Term","Vaginal",285,"56-120d"
"8",2600100350,"Q3: CD45RA+ , CD27-(TEMRA)",0.0407021092417529,"IFNgHIGH","Term","Vaginal",285,"56-120d"
"9",2600100350,"Q4: CD45RA- , CD27-(TEM)",0.0553750953486977,"IFNgHIGH","Term","Vaginal",285,"56-120d"
"10",2600100350,"Tregs",0.0438818276095546,"IFNgHIGH","Term","Vaginal",285,"56-120d"
"11",2600100353,"Q1: CD45RA- , CD27+(TCM)",0.0771704180064309,"IFNgLOW","Term","C-section",267,"56-120d"
"12",2600100353,"Q2: CD45RA+ , CD27+(Naive)",0.0739549839228296,"IFNgLOW","Term","C-section",267,"56-120d"
"13",2600100353,"Q3: CD45RA+ , CD27-(TEMRA)",0.00321543408360129,"IFNgLOW","Term","C-section",267,"56-120d"
"14",2600100353,"Q4: CD45RA- , CD27-(TEM)",0.0133976420150054,"IFNgLOW","Term","C-section",267,"56-120d"
"15",2600100353,"Tregs",0.00803858520900321,"IFNgLOW","Term","C-section",267,"56-120d"
"16",2600100356,"Q1: CD45RA- , CD27+(TCM)",0.225529457065845,"IFNgLOW","Term","C-section",180,"56-120d"
"17",2600100356,"Q2: CD45RA+ , CD27+(Naive)",0.364940315748941,"IFNgLOW","Term","C-section",180,"56-120d"
"18",2600100356,"Q3: CD45RA+ , CD27-(TEMRA)",0.0244127839815171,"IFNgLOW","Term","C-section",180,"56-120d"
"19",2600100356,"Q4: CD45RA- , CD27-(TEM)",0.059992298806315,"IFNgLOW","Term","C-section",180,"56-120d"
"20",2600100356,"Tregs",0.0708317289179823,"IFNgLOW","Term","C-section",180,"56-120d"
"21",2600100405,"Q1: CD45RA- , CD27+(TCM)",0.174980711416181,"IFNgHIGH","Term","Vaginal",290,"56-120d"
"22",2600100405,"Q2: CD45RA+ , CD27+(Naive)",0.415941681964509,"IFNgHIGH","Term","Vaginal",290,"56-120d"
"23",2600100405,"Q3: CD45RA+ , CD27-(TEMRA)",0.0349056854763615,"IFNgHIGH","Term","Vaginal",290,"56-120d"
"24",2600100405,"Q4: CD45RA- , CD27-(TEM)",0.0446430946869928,"IFNgHIGH","Term","Vaginal",290,"56-120d"
"25",2600100405,"Tregs",0.0513209354298029,"IFNgHIGH","Term","Vaginal",290,"56-120d"
"26",2600100410,"Q1: CD45RA- , CD27+(TCM)",0.18943626206196,"IFNgLOW","Term","Vaginal",293,"56-120d"
"27",2600100410,"Q2: CD45RA+ , CD27+(Naive)",0.222351205591429,"IFNgLOW","Term","Vaginal",293,"56-120d"
"28",2600100410,"Q3: CD45RA+ , CD27-(TEMRA)",0.00747297395342088,"IFNgLOW","Term","Vaginal",293,"56-120d"
"29",2600100410,"Q4: CD45RA- , CD27-(TEM)",0.0308350867010085,"IFNgLOW","Term","Vaginal",293,"56-120d"
"30",2600100410,"Tregs",0.0690947785919853,"IFNgLOW","Term","Vaginal",293,"56-120d"
"31",2600100411,"Q1: CD45RA- , CD27+(TCM)",0.299437319409946,"IFNgHIGH","Term","Vaginal",305,"56-120d"
"32",2600100411,"Q2: CD45RA+ , CD27+(Naive)",0.288031631773711,"IFNgHIGH","Term","Vaginal",305,"56-120d"
"33",2600100411,"Q3: CD45RA+ , CD27-(TEMRA)",0.018502559943225,"IFNgHIGH","Term","Vaginal",305,"56-120d"
"34",2600100411,"Q4: CD45RA- , CD27-(TEM)",0.0532265423024281,"IFNgHIGH","Term","Vaginal",305,"56-120d"
"35",2600100411,"Tregs",0.058498504587621,"IFNgHIGH","Term","Vaginal",305,"56-120d"
"36",2600100425,"Q1: CD45RA- , CD27+(TCM)",0.026160889470242,"IFNgLOW","Term","C-section",162,"56-120d"
"37",2600100425,"Q2: CD45RA+ , CD27+(Naive)",0.118378024852845,"IFNgLOW","Term","C-section",162,"56-120d"
"38",2600100425,"Q3: CD45RA+ , CD27-(TEMRA)",0.0170045781556573,"IFNgLOW","Term","C-section",162,"56-120d"
"39",2600100425,"Q4: CD45RA- , CD27-(TEM)",0.0091563113145847,"IFNgLOW","Term","C-section",162,"56-120d"
"40",2600100425,"Tregs",0.013080444735121,"IFNgLOW","Term","C-section",162,"56-120d"
"41",2600100426,"Q1: CD45RA- , CD27+(TCM)",0.249402813412368,"IFNgLOW","Term","C-section",153,"56-120d"
"42",2600100426,"Q2: CD45RA+ , CD27+(Naive)",0.511634079447934,"IFNgLOW","Term","C-section",153,"56-120d"
"43",2600100426,"Q3: CD45RA+ , CD27-(TEMRA)",0.015084490843139,"IFNgLOW","Term","C-section",153,"56-120d"
"44",2600100426,"Q4: CD45RA- , CD27-(TEM)",0.0253472529416969,"IFNgLOW","Term","C-section",153,"56-120d"
"45",2600100426,"Tregs",0.0645846235512696,"IFNgLOW","Term","C-section",153,"56-120d"
"46",2600100429,"Q1: CD45RA- , CD27+(TCM)",0.140448361755126,"IFNgLOW","Term","Vaginal",42,"56-120d"
"47",2600100429,"Q2: CD45RA+ , CD27+(Naive)",0.507568499712589,"IFNgLOW","Term","Vaginal",42,"56-120d"
"48",2600100429,"Q3: CD45RA+ , CD27-(TEMRA)",0.0239509484575589,"IFNgLOW","Term","Vaginal",42,"56-120d"
"49",2600100429,"Q4: CD45RA- , CD27-(TEM)",0.0394711630580571,"IFNgLOW","Term","Vaginal",42,"56-120d"
"50",2600100429,"Tregs",0.0996359455834451,"IFNgLOW","Term","Vaginal",42,"56-120d"
"51",2600100430,"Q1: CD45RA- , CD27+(TCM)",0.240592930444698,"IFNgLOW","Term","C-section",147,"56-120d"
"52",2600100430,"Q2: CD45RA+ , CD27+(Naive)",0.333523375142531,"IFNgLOW","Term","C-section",147,"56-120d"
"53",2600100430,"Q3: CD45RA+ , CD27-(TEMRA)",0.0171037628278221,"IFNgLOW","Term","C-section",147,"56-120d"
"54",2600100430,"Q4: CD45RA- , CD27-(TEM)",0.0410490307867731,"IFNgLOW","Term","C-section",147,"56-120d"
"55",2600100430,"Tregs",0.0866590649942987,"IFNgLOW","Term","C-section",147,"56-120d"
"56",2600100431,"Q1: CD45RA- , CD27+(TCM)",0.101403646858192,"IFNgLOW","Term","Vaginal",337,"56-120d"
"57",2600100431,"Q2: CD45RA+ , CD27+(Naive)",0.583234946871311,"IFNgLOW","Term","Vaginal",337,"56-120d"
"58",2600100431,"Q3: CD45RA+ , CD27-(TEMRA)",0.0135117407844681,"IFNgLOW","Term","Vaginal",337,"56-120d"
"59",2600100431,"Q4: CD45RA- , CD27-(TEM)",0.0162665617211072,"IFNgLOW","Term","Vaginal",337,"56-120d"
"60",2600100431,"Tregs",0.0679522497704316,"IFNgLOW","Term","Vaginal",337,"56-120d"
"61",2600100439,"Q1: CD45RA- , CD27+(TCM)",0.22360248447205,"IFNgLOW","Term","Vaginal",144,"56-120d"
"62",2600100439,"Q2: CD45RA+ , CD27+(Naive)",0.443064182194617,"IFNgLOW","Term","Vaginal",144,"56-120d"
"63",2600100439,"Q3: CD45RA+ , CD27-(TEMRA)",0.010351966873706,"IFNgLOW","Term","Vaginal",144,"56-120d"
"64",2600100439,"Q4: CD45RA- , CD27-(TEM)",0.0372670807453416,"IFNgLOW","Term","Vaginal",144,"56-120d"
"65",2600100439,"Tregs",0.093167701863354,"IFNgLOW","Term","Vaginal",144,"56-120d"
"66",2600100443,"Q1: CD45RA- , CD27+(TCM)",0.125644089313718,"IFNgLOW","Term","Vaginal",141,"56-120d"
"67",2600100443,"Q2: CD45RA+ , CD27+(Naive)",0.56705996564857,"IFNgLOW","Term","Vaginal",141,"56-120d"
"68",2600100443,"Q3: CD45RA+ , CD27-(TEMRA)",0.0198640878201777,"IFNgLOW","Term","Vaginal",141,"56-120d"
"69",2600100443,"Q4: CD45RA- , CD27-(TEM)",0.0206481965499216,"IFNgLOW","Term","Vaginal",141,"56-120d"
"70",2600100443,"Tregs",0.0657531177656635,"IFNgLOW","Term","Vaginal",141,"56-120d"
"71",2600100446,"Q1: CD45RA- , CD27+(TCM)",0.145968684272026,"IFNgHIGH","Term","C-section",126,"56-120d"
"72",2600100446,"Q2: CD45RA+ , CD27+(Naive)",0.522458518345408,"IFNgHIGH","Term","C-section",126,"56-120d"
"73",2600100446,"Q3: CD45RA+ , CD27-(TEMRA)",0.0141621874269689,"IFNgHIGH","Term","C-section",126,"56-120d"
"74",2600100446,"Q4: CD45RA- , CD27-(TEM)",0.0229025473241412,"IFNgHIGH","Term","C-section",126,"56-120d"
"75",2600100446,"Tregs",0.0658097686375321,"IFNgHIGH","Term","C-section",126,"56-120d"
"76",2600164329,"Q1: CD45RA- , CD27+(TCM)",0.234805712387911,"IFNgHIGH","Term","Vaginal",311,"56-120d"
"77",2600164329,"Q2: CD45RA+ , CD27+(Naive)",0.406509465293922,"IFNgHIGH","Term","Vaginal",311,"56-120d"
"78",2600164329,"Q3: CD45RA+ , CD27-(TEMRA)",0.0189305878445699,"IFNgHIGH","Term","Vaginal",311,"56-120d"
"79",2600164329,"Q4: CD45RA- , CD27-(TEM)",0.0298904018598472,"IFNgHIGH","Term","Vaginal",311,"56-120d"
"80",2600164329,"Tregs",0.0724011956160744,"IFNgHIGH","Term","Vaginal",311,"56-120d"
"81",2600164340,"Q1: CD45RA- , CD27+(TCM)",0.318348318348318,"IFNgHIGH","Term","Vaginal",340,"56-120d"
"82",2600164340,"Q2: CD45RA+ , CD27+(Naive)",0.289044289044289,"IFNgHIGH","Term","Vaginal",340,"56-120d"
"83",2600164340,"Q3: CD45RA+ , CD27-(TEMRA)",0.00832500832500833,"IFNgHIGH","Term","Vaginal",340,"56-120d"
"84",2600164340,"Q4: CD45RA- , CD27-(TEM)",0.0216450216450216,"IFNgHIGH","Term","Vaginal",340,"56-120d"
"85",2600164340,"Tregs",0.0835830835830836,"IFNgHIGH","Term","Vaginal",340,"56-120d"
"86",2600164353,"Q1: CD45RA- , CD27+(TCM)",0.256573037072528,"IFNgHIGH","Term","Vaginal",357,"56-120d"
"87",2600164353,"Q2: CD45RA+ , CD27+(Naive)",0.382104569683177,"IFNgHIGH","Term","Vaginal",357,"56-120d"
"88",2600164353,"Q3: CD45RA+ , CD27-(TEMRA)",0.0309636461639816,"IFNgHIGH","Term","Vaginal",357,"56-120d"
"89",2600164353,"Q4: CD45RA- , CD27-(TEM)",0.0509073486255016,"IFNgHIGH","Term","Vaginal",357,"56-120d"
"90",2600164353,"Tregs",0.0910343175420734,"IFNgHIGH","Term","Vaginal",357,"56-120d"
"91",2600164367,"Q1: CD45RA- , CD27+(TCM)",0.355816681050698,"IFNgHIGH","Term","Vaginal",366,"56-120d"
"92",2600164367,"Q2: CD45RA+ , CD27+(Naive)",0.356347783752683,"IFNgHIGH","Term","Vaginal",366,"56-120d"
"93",2600164367,"Q3: CD45RA+ , CD27-(TEMRA)",0.0198720927659386,"IFNgHIGH","Term","Vaginal",366,"56-120d"
"94",2600164367,"Q4: CD45RA- , CD27-(TEM)",0.0544380269534621,"IFNgHIGH","Term","Vaginal",366,"56-120d"
"95",2600164367,"Tregs",0.0848436566421032,"IFNgHIGH","Term","Vaginal",366,"56-120d"
"96",2600164442,"Q1: CD45RA- , CD27+(TCM)",0.593694229625223,"IFNgHIGH","Term","Vaginal",522,"56-120d"
"97",2600164442,"Q2: CD45RA+ , CD27+(Naive)",0.10291493158834,"IFNgHIGH","Term","Vaginal",522,"56-120d"
"98",2600164442,"Q3: CD45RA+ , CD27-(TEMRA)",0.00290005948839976,"IFNgHIGH","Term","Vaginal",522,"56-120d"
"99",2600164442,"Q4: CD45RA- , CD27-(TEM)",0.0687091017251636,"IFNgHIGH","Term","Vaginal",522,"56-120d"
"100",2600164442,"Tregs",0.0722784057108864,"IFNgHIGH","Term","Vaginal",522,"56-120d"
"101",66600194,"CD4+ T",0.547121634168988,"IFNgLOW","Term","Vaginal",93,"56-120d"
"102",66600194,"Q1: CD45RA- , CD27+(TCM)",0.124585488791617,"IFNgLOW","Term","Vaginal",93,"56-120d"
"103",66600194,"Q2: CD45RA+ , CD27+(Naive)",0.395244727417429,"IFNgLOW","Term","Vaginal",93,"56-120d"
"104",66600194,"Q3: CD45RA+ , CD27-(TEMRA)",0.00994826900119379,"IFNgLOW","Term","Vaginal",93,"56-120d"
"105",66600194,"Q4: CD45RA- , CD27-(TEM)",0.0173431489587478,"IFNgLOW","Term","Vaginal",93,"56-120d"
"106",66600197,"CD4+ T",0.699225940958591,"IFNgLOW","Term","Vaginal",101,"56-120d"
"107",66600197,"Q1: CD45RA- , CD27+(TCM)",0.0689999334619735,"IFNgLOW","Term","Vaginal",101,"56-120d"
"108",66600197,"Q2: CD45RA+ , CD27+(Naive)",0.605518220329585,"IFNgLOW","Term","Vaginal",101,"56-120d"
"109",66600197,"Q3: CD45RA+ , CD27-(TEMRA)",0.0146605451682303,"IFNgLOW","Term","Vaginal",101,"56-120d"
"110",66600197,"Q4: CD45RA- , CD27-(TEM)",0.0100472419988023,"IFNgLOW","Term","Vaginal",101,"56-120d"
"111",66600202,"CD4+ T",0.55987357230084,"IFNgLOW","Term","Vaginal",104,"56-120d"
"112",66600202,"Q1: CD45RA- , CD27+(TCM)",0.0905825730910136,"IFNgLOW","Term","Vaginal",104,"56-120d"
"113",66600202,"Q2: CD45RA+ , CD27+(Naive)",0.452589612815171,"IFNgLOW","Term","Vaginal",104,"56-120d"
"114",66600202,"Q3: CD45RA+ , CD27-(TEMRA)",0.00854823647726456,"IFNgLOW","Term","Vaginal",104,"56-120d"
"115",66600202,"Q4: CD45RA- , CD27-(TEM)",0.00815314991739099,"IFNgLOW","Term","Vaginal",104,"56-120d"
"116",66600203,"CD4+ T",0.43198352178105,"IFNgLOW","Term","Vaginal",88,"56-120d"
"117",66600203,"Q1: CD45RA- , CD27+(TCM)",0.0448768516083793,"IFNgLOW","Term","Vaginal",88,"56-120d"
"118",66600203,"Q2: CD45RA+ , CD27+(Naive)",0.367779822946796,"IFNgLOW","Term","Vaginal",88,"56-120d"
"119",66600203,"Q3: CD45RA+ , CD27-(TEMRA)",0.00994828644052941,"IFNgLOW","Term","Vaginal",88,"56-120d"
"120",66600203,"Q4: CD45RA- , CD27-(TEM)",0.0093785607853449,"IFNgLOW","Term","Vaginal",88,"56-120d"
"121",66627239,"Q1: CD45RA- , CD27+(TCM)",0.0893246869876675,"IFNgLOW","Term","Vaginal",107,"56-120d"
"122",66627239,"Q2: CD45RA+ , CD27+(Naive)",0.631047481804037,"IFNgLOW","Term","Vaginal",107,"56-120d"
"123",66627239,"Q3: CD45RA+ , CD27-(TEMRA)",0.0309200839572695,"IFNgLOW","Term","Vaginal",107,"56-120d"
"124",66627239,"Q4: CD45RA- , CD27-(TEM)",0.0163006589183714,"IFNgLOW","Term","Vaginal",107,"56-120d"
"125",66627240,"Q1: CD45RA- , CD27+(TCM)",0.0610613764950226,"IFNgLOW","Term","Vaginal",110,"56-120d"
"126",66627240,"Q2: CD45RA+ , CD27+(Naive)",0.462293203466304,"IFNgLOW","Term","Vaginal",110,"56-120d"
"127",66627240,"Q3: CD45RA+ , CD27-(TEMRA)",0.130358805414309,"IFNgLOW","Term","Vaginal",110,"56-120d"
"128",66627240,"Q4: CD45RA- , CD27-(TEM)",0.0721907899448543,"IFNgLOW","Term","Vaginal",110,"56-120d"
"129",66627297,"Q1: CD45RA- , CD27+(TCM)",0.0887933997937436,"IFNgLOW","Term","Vaginal",119,"56-120d"
"130",66627297,"Q2: CD45RA+ , CD27+(Naive)",0.476572705397044,"IFNgLOW","Term","Vaginal",119,"56-120d"
"131",66627297,"Q3: CD45RA+ , CD27-(TEMRA)",0.100842213819182,"IFNgLOW","Term","Vaginal",119,"56-120d"
"132",66627297,"Q4: CD45RA- , CD27-(TEM)",0.0837401168786525,"IFNgLOW","Term","Vaginal",119,"56-120d"
"133",2600164338,"Q1: CD45RA- , CD27+(TCM)",0.241505488761108,"IFNgLOW","Preterm","C-section",347,"56-120d"
"134",2600164338,"Q2: CD45RA+ , CD27+(Naive)",0.363094615786722,"IFNgLOW","Preterm","C-section",347,"56-120d"
"135",2600164338,"Q3: CD45RA+ , CD27-(TEMRA)",0.0162049137480397,"IFNgLOW","Preterm","C-section",347,"56-120d"
"136",2600164338,"Q4: CD45RA- , CD27-(TEM)",0.0333507579717721,"IFNgLOW","Preterm","C-section",347,"56-120d"
"137",2600164338,"Tregs",0.0711970726607423,"IFNgLOW","Preterm","C-section",347,"56-120d"
"138",2600164342,"Q1: CD45RA- , CD27+(TCM)",0.0805213103205354,"IFNgLOW","Preterm","Vaginal",343,"56-120d"
"139",2600164342,"Q2: CD45RA+ , CD27+(Naive)",0.402324762240225,"IFNgLOW","Preterm","Vaginal",343,"56-120d"
"140",2600164342,"Q3: CD45RA+ , CD27-(TEMRA)",0.167030644593167,"IFNgLOW","Preterm","Vaginal",343,"56-120d"
"141",2600164342,"Q4: CD45RA- , CD27-(TEM)",0.131806974286721,"IFNgLOW","Preterm","Vaginal",343,"56-120d"
"142",2600164342,"Tregs",0.0832687566044382,"IFNgLOW","Preterm","Vaginal",343,"56-120d"
"143",2600164343,"Q1: CD45RA- , CD27+(TCM)",0.0862288745425388,"IFNgLOW","Preterm","C-section",356,"56-120d"
"144",2600164343,"Q2: CD45RA+ , CD27+(Naive)",0.2476664336527,"IFNgLOW","Preterm","C-section",356,"56-120d"
"145",2600164343,"Q3: CD45RA+ , CD27-(TEMRA)",0.00773058102718039,"IFNgLOW","Preterm","C-section",356,"56-120d"
"146",2600164343,"Q4: CD45RA- , CD27-(TEM)",0.0148032402648135,"IFNgLOW","Preterm","C-section",356,"56-120d"
"147",2600164343,"Tregs",0.0656688186191867,"IFNgLOW","Preterm","C-section",356,"56-120d"
"148",2600164378,"Q1: CD45RA- , CD27+(TCM)",0.105205008593175,"IFNgLOW","Preterm","Vaginal",437,"56-120d"
"149",2600164378,"Q2: CD45RA+ , CD27+(Naive)",0.432113920942794,"IFNgLOW","Preterm","Vaginal",437,"56-120d"
"150",2600164378,"Q3: CD45RA+ , CD27-(TEMRA)",0.00675178001473116,"IFNgLOW","Preterm","Vaginal",437,"56-120d"
"151",2600164378,"Q4: CD45RA- , CD27-(TEM)",0.0144856371225141,"IFNgLOW","Preterm","Vaginal",437,"56-120d"
"152",2600164378,"Tregs",0.0888779769211883,"IFNgLOW","Preterm","Vaginal",437,"56-120d"
"153",66600227,"Q1: CD45RA- , CD27+(TCM)",0.100351295817591,"IFNgLOW","Preterm","C-section",203,"56-120d"
"154",66600227,"Q2: CD45RA+ , CD27+(Naive)",0.548154039901902,"IFNgLOW","Preterm","C-section",203,"56-120d"
"155",66600227,"Q3: CD45RA+ , CD27-(TEMRA)",0.0125273414197654,"IFNgLOW","Preterm","C-section",203,"56-120d"
"156",66600227,"Q4: CD45RA- , CD27-(TEM)",0.0102074633790681,"IFNgLOW","Preterm","C-section",203,"56-120d"
"157",66600236,"Q1: CD45RA- , CD27+(TCM)",0.041505861792762,"IFNgLOW","Preterm","C-section",230,"56-120d"
"158",66600236,"Q2: CD45RA+ , CD27+(Naive)",0.361829170610937,"IFNgLOW","Preterm","C-section",230,"56-120d"
"159",66600236,"Q3: CD45RA+ , CD27-(TEMRA)",0.0686909876453312,"IFNgLOW","Preterm","C-section",230,"56-120d"
"160",66600236,"Q4: CD45RA- , CD27-(TEM)",0.0354134809097308,"IFNgLOW","Preterm","C-section",230,"56-120d"
"161",66600238,"Q1: CD45RA- , CD27+(TCM)",0,"IFNgLOW","Preterm","C-section",204,"56-120d"
"162",66600238,"Q2: CD45RA+ , CD27+(Naive)",0.499186991869919,"IFNgLOW","Preterm","C-section",204,"56-120d"
"163",66600238,"Q3: CD45RA+ , CD27-(TEMRA)",0.0219512195121951,"IFNgLOW","Preterm","C-section",204,"56-120d"
"164",66600238,"Q4: CD45RA- , CD27-(TEM)",0,"IFNgLOW","Preterm","C-section",204,"56-120d"
"165",66600239,"Q1: CD45RA- , CD27+(TCM)",0.000270197243988111,"IFNgLOW","Preterm","C-section",205,"56-120d"
"166",66600239,"Q2: CD45RA+ , CD27+(Naive)",0.605241826533369,"IFNgLOW","Preterm","C-section",205,"56-120d"
"167",66600239,"Q3: CD45RA+ , CD27-(TEMRA)",0.00378276141583356,"IFNgLOW","Preterm","C-section",205,"56-120d"
"168",66600239,"Q4: CD45RA- , CD27-(TEM)",0.000270197243988111,"IFNgLOW","Preterm","C-section",205,"56-120d"
"169",66600240,"Q1: CD45RA- , CD27+(TCM)",0.055192134435348,"IFNgLOW","Preterm","Vaginal",206,"56-120d"
"170",66600240,"Q2: CD45RA+ , CD27+(Naive)",0.539974147048455,"IFNgLOW","Preterm","Vaginal",206,"56-120d"
"171",66600240,"Q3: CD45RA+ , CD27-(TEMRA)",0.0326687296799718,"IFNgLOW","Preterm","Vaginal",206,"56-120d"
"172",66600240,"Q4: CD45RA- , CD27-(TEM)",0.0149242038466058,"IFNgLOW","Preterm","Vaginal",206,"56-120d"
"173",66627234,"Q1: CD45RA- , CD27+(TCM)",0.167654062844863,"IFNgLOW","Preterm","C-section",210,"56-120d"
"174",66627234,"Q2: CD45RA+ , CD27+(Naive)",0.46233373990823,"IFNgLOW","Preterm","C-section",210,"56-120d"
"175",66627234,"Q3: CD45RA+ , CD27-(TEMRA)",0.0411221467154557,"IFNgLOW","Preterm","C-section",210,"56-120d"
"176",66627234,"Q4: CD45RA- , CD27-(TEM)",0.034413660916536,"IFNgLOW","Preterm","C-section",210,"56-120d"
"177",66627244,"Q1: CD45RA- , CD27+(TCM)",0.0846314240156997,"IFNgLOW","Preterm","C-section",211,"56-120d"
"178",66627244,"Q2: CD45RA+ , CD27+(Naive)",0.451858211701214,"IFNgLOW","Preterm","C-section",211,"56-120d"
"179",66627244,"Q3: CD45RA+ , CD27-(TEMRA)",0.0711394578682693,"IFNgLOW","Preterm","C-section",211,"56-120d"
"180",66627244,"Q4: CD45RA- , CD27-(TEM)",0.0581381086716546,"IFNgLOW","Preterm","C-section",211,"56-120d"
"181",66627246,"Q1: CD45RA- , CD27+(TCM)",0.0499896928468357,"IFNgLOW","Preterm","C-section",213,"56-120d"
"182",66627246,"Q2: CD45RA+ , CD27+(Naive)",0.623170480313337,"IFNgLOW","Preterm","C-section",213,"56-120d"
"183",66627246,"Q3: CD45RA+ , CD27-(TEMRA)",0.0221603793032364,"IFNgLOW","Preterm","C-section",213,"56-120d"
"184",66627246,"Q4: CD45RA- , CD27-(TEM)",0.0132962275819419,"IFNgLOW","Preterm","C-section",213,"56-120d"
"185",66627247,"Q1: CD45RA- , CD27+(TCM)",0.0961302211302211,"IFNgLOW","Preterm","C-section",214,"56-120d"
"186",66627247,"Q2: CD45RA+ , CD27+(Naive)",0.561194717444717,"IFNgLOW","Preterm","C-section",214,"56-120d"
"187",66627247,"Q3: CD45RA+ , CD27-(TEMRA)",0.0318642506142506,"IFNgLOW","Preterm","C-section",214,"56-120d"
"188",66627247,"Q4: CD45RA- , CD27-(TEM)",0.0274109336609337,"IFNgLOW","Preterm","C-section",214,"56-120d"
"189",66627248,"Q1: CD45RA- , CD27+(TCM)",0.0474090688960824,"IFNgLOW","Preterm","C-section",216,"56-120d"
"190",66627248,"Q2: CD45RA+ , CD27+(Naive)",0.676802691611653,"IFNgLOW","Preterm","C-section",216,"56-120d"
"191",66627248,"Q3: CD45RA+ , CD27-(TEMRA)",0.00553105803787628,"IFNgLOW","Preterm","C-section",216,"56-120d"
"192",66627248,"Q4: CD45RA- , CD27-(TEM)",0.00252338592511406,"IFNgLOW","Preterm","C-section",216,"56-120d"
"193",66627249,"Q1: CD45RA- , CD27+(TCM)",0.0755820556501988,"IFNgLOW","Preterm","C-section",217,"56-120d"
"194",66627249,"Q2: CD45RA+ , CD27+(Naive)",0.602271436683702,"IFNgLOW","Preterm","C-section",217,"56-120d"
"195",66627249,"Q3: CD45RA+ , CD27-(TEMRA)",0.0224872231686542,"IFNgLOW","Preterm","C-section",217,"56-120d"
"196",66627249,"Q4: CD45RA- , CD27-(TEM)",0.0178307779670642,"IFNgLOW","Preterm","C-section",217,"56-120d"
"197",66627254,"Q1: CD45RA- , CD27+(TCM)",0.00273090405152034,"IFNgLOW","Preterm","C-section",215,"56-120d"
"198",66627254,"Q2: CD45RA+ , CD27+(Naive)",0.661164098801663,"IFNgLOW","Preterm","C-section",215,"56-120d"
"199",66627254,"Q3: CD45RA+ , CD27-(TEMRA)",0.0168337816907149,"IFNgLOW","Preterm","C-section",215,"56-120d"
"200",66627254,"Q4: CD45RA- , CD27-(TEM)",0.000978234287111763,"IFNgLOW","Preterm","C-section",215,"56-120d"
"201",66627255,"Q1: CD45RA- , CD27+(TCM)",0.0465507776761208,"IFNgLOW","Preterm","C-section",219,"56-120d"
"202",66627255,"Q2: CD45RA+ , CD27+(Naive)",0.355096065873742,"IFNgLOW","Preterm","C-section",219,"56-120d"
"203",66627255,"Q3: CD45RA+ , CD27-(TEMRA)",0.0607502287282708,"IFNgLOW","Preterm","C-section",219,"56-120d"
"204",66627255,"Q4: CD45RA- , CD27-(TEM)",0.0436230558096981,"IFNgLOW","Preterm","C-section",219,"56-120d"
"205",66627256,"Q1: CD45RA- , CD27+(TCM)",0.259847099883663,"IFNgLOW","Preterm","Vaginal",218,"56-120d"
"206",66627256,"Q2: CD45RA+ , CD27+(Naive)",0.303888981219877,"IFNgLOW","Preterm","Vaginal",218,"56-120d"
"207",66627256,"Q3: CD45RA+ , CD27-(TEMRA)",0.0203589828818348,"IFNgLOW","Preterm","Vaginal",218,"56-120d"
"208",66627256,"Q4: CD45RA- , CD27-(TEM)",0.0454545454545455,"IFNgLOW","Preterm","Vaginal",218,"56-120d"
"209",66627257,"Q1: CD45RA- , CD27+(TCM)",0.0854277392427109,"IFNgLOW","Preterm","C-section",220,"56-120d"
"210",66627257,"Q2: CD45RA+ , CD27+(Naive)",0.612857700507462,"IFNgLOW","Preterm","C-section",220,"56-120d"
"211",66627257,"Q3: CD45RA+ , CD27-(TEMRA)",0.0312584451851185,"IFNgLOW","Preterm","C-section",220,"56-120d"
"212",66627257,"Q4: CD45RA- , CD27-(TEM)",0.023871723268174,"IFNgLOW","Preterm","C-section",220,"56-120d"
"213",66627261,"Q1: CD45RA- , CD27+(TCM)",0.0484209812957441,"IFNgLOW","Preterm","C-section",221,"56-120d"
"214",66627261,"Q2: CD45RA+ , CD27+(Naive)",0.46770805096232,"IFNgLOW","Preterm","C-section",221,"56-120d"
"215",66627261,"Q3: CD45RA+ , CD27-(TEMRA)",0.0495052859853619,"IFNgLOW","Preterm","C-section",221,"56-120d"
"216",66627261,"Q4: CD45RA- , CD27-(TEM)",0.0314787205204662,"IFNgLOW","Preterm","C-section",221,"56-120d"
"217",66627267,"Q1: CD45RA- , CD27+(TCM)",0.00679081342134677,"IFNgLOW","Preterm","C-section",223,"56-120d"
"218",66627267,"Q2: CD45RA+ , CD27+(Naive)",0.690427483813822,"IFNgLOW","Preterm","C-section",223,"56-120d"
"219",66627267,"Q3: CD45RA+ , CD27-(TEMRA)",0.00533563911677247,"IFNgLOW","Preterm","C-section",223,"56-120d"
"220",66627267,"Q4: CD45RA- , CD27-(TEM)",0.00107556361642449,"IFNgLOW","Preterm","C-section",223,"56-120d"
