"","genus","variable","agegroup","direction","n","class","class_color","genus_color","x_order"
"1","Acinetobacter","IFNG_categoryIFNgLOW vs HIGH","5to7m","IFNgHIGH",1,"c__Other","#000000","#4292c6","5to7m.IFNgHIGH"
"2","Alistipes","IFNG_categoryIFNgLOW vs HIGH","5to7m","IFNgLOW",2,"c__Other","#000000","#bcbddc","5to7m.IFNgLOW"
"3","c__Other__Other","IFNG_categoryIFNgLOW vs HIGH","5to7m","IFNgLOW",1,"c__Other","#000000","#3E3E3E","5to7m.IFNgLOW"
"4","c__Other__Other","IFNG_categoryIFNgLOW vs HIGH","3m","IFNgHIGH",1,"c__Other","#000000","#3E3E3E","3m.IFNgHIGH"
"5","c__Other__Other","IFNG_categoryIFNgLOW vs HIGH","3m","IFNgHIGH",1,"c__Other","#000000","#3E3E3E","3m.IFNgHIGH"
"6","c__Other__Other","IFNG_categoryIFNgLOW vs HIGH","5to7m","IFNgHIGH",1,"c__Other","#000000","#3E3E3E","5to7m.IFNgHIGH"
"7","c__Other__Other","IFNG_categoryIFNgLOW vs HIGH","3m","IFNgHIGH",2,"c__Other","#000000","#3E3E3E","3m.IFNgHIGH"
"8","c__Other__Other","IFNG_categoryIFNgLOW vs HIGH","5to7m","IFNgHIGH",1,"c__Other","#000000","#3E3E3E","5to7m.IFNgHIGH"
"9","c__Other__Other","IFNG_categoryIFNgLOW vs HIGH","3m","IFNgHIGH",1,"c__Other","#000000","#3E3E3E","3m.IFNgHIGH"
"10","c__Other__Other","IFNG_categoryIFNgLOW vs HIGH","5to7m","IFNgHIGH",1,"c__Other","#000000","#3E3E3E","5to7m.IFNgHIGH"
"11","Bacteroides","IFNG_categoryIFNgLOW vs HIGH","5to7m","IFNgLOW",2,"c__Other","#000000","#9e9ac8","5to7m.IFNgLOW"
"12","Bifidobacterium","IFNG_categoryIFNgLOW vs HIGH","3m","IFNgHIGH",5,"c__Other","#000000","#ff7f00","3m.IFNgHIGH"
"13","Bifidobacterium","IFNG_categoryIFNgLOW vs HIGH","5to7m","IFNgHIGH",6,"c__Other","#000000","#ff7f00","5to7m.IFNgHIGH"
"14","Blautia","IFNG_categoryIFNgLOW vs HIGH","3m","IFNgHIGH",2,"c__Other","#000000","#41ab5d","3m.IFNgHIGH"
"15","Blautia","IFNG_categoryIFNgLOW vs HIGH","5to7m","IFNgHIGH",4,"c__Other","#000000","#41ab5d","5to7m.IFNgHIGH"
"16","c__Other__Other","IFNG_categoryIFNgLOW vs HIGH","5to7m","IFNgLOW",1,"c__Other","#000000","#3E3E3E","5to7m.IFNgLOW"
"17","c__Other__Other","IFNG_categoryIFNgLOW vs HIGH","5to7m","IFNgLOW",1,"c__Other","#000000","#3E3E3E","5to7m.IFNgLOW"
"18","Clostridium","IFNG_categoryIFNgLOW vs HIGH","3m","IFNgHIGH",2,"c__Other","#000000","#238b45","3m.IFNgHIGH"
"19","Clostridium","IFNG_categoryIFNgLOW vs HIGH","3m","IFNgLOW",1,"c__Other","#000000","#238b45","3m.IFNgLOW"
"20","Clostridium","IFNG_categoryIFNgLOW vs HIGH","5to7m","IFNgHIGH",5,"c__Other","#000000","#238b45","5to7m.IFNgHIGH"
"21","c__Other__Other","IFNG_categoryIFNgLOW vs HIGH","3m","IFNgHIGH",1,"c__Other","#000000","#3E3E3E","3m.IFNgHIGH"
"22","c__Other__Other","IFNG_categoryIFNgLOW vs HIGH","3m","IFNgHIGH",3,"c__Other","#000000","#3E3E3E","3m.IFNgHIGH"
"23","c__Other__Other","IFNG_categoryIFNgLOW vs HIGH","5to7m","IFNgHIGH",1,"c__Other","#000000","#3E3E3E","5to7m.IFNgHIGH"
"24","c__Other__Other","IFNG_categoryIFNgLOW vs HIGH","5to7m","IFNgHIGH",2,"c__Other","#000000","#3E3E3E","5to7m.IFNgHIGH"
"25","c__Other__Other","IFNG_categoryIFNgLOW vs HIGH","3m","IFNgHIGH",1,"c__Other","#000000","#3E3E3E","3m.IFNgHIGH"
"26","c__Other__Other","IFNG_categoryIFNgLOW vs HIGH","3m","IFNgHIGH",1,"c__Other","#000000","#3E3E3E","3m.IFNgHIGH"
"27","c__Other__Other","IFNG_categoryIFNgLOW vs HIGH","5to7m","IFNgHIGH",1,"c__Other","#000000","#3E3E3E","5to7m.IFNgHIGH"
"28","c__Other__Other","IFNG_categoryIFNgLOW vs HIGH","5to7m","IFNgHIGH",1,"c__Other","#000000","#3E3E3E","5to7m.IFNgHIGH"
"29","c__Other__Other","IFNG_categoryIFNgLOW vs HIGH","5to7m","IFNgLOW",1,"c__Other","#000000","#3E3E3E","5to7m.IFNgLOW"
"30","Enterococcus","IFNG_categoryIFNgLOW vs HIGH","3m","IFNgHIGH",2,"c__Other","#000000","#B78560","3m.IFNgHIGH"
"31","Enterococcus","IFNG_categoryIFNgLOW vs HIGH","5to7m","IFNgHIGH",2,"c__Other","#000000","#B78560","5to7m.IFNgHIGH"
"32","c__Other__Other","IFNG_categoryIFNgLOW vs HIGH","5to7m","IFNgHIGH",1,"c__Other","#000000","#3E3E3E","5to7m.IFNgHIGH"
"33","c__Other__Other","IFNG_categoryIFNgLOW vs HIGH","5to7m","IFNgHIGH",1,"c__Other","#000000","#3E3E3E","5to7m.IFNgHIGH"
"34","c__Other__Other","IFNG_categoryIFNgLOW vs HIGH","3m","IFNgHIGH",1,"c__Other","#000000","#3E3E3E","3m.IFNgHIGH"
"35","Haemophilus","IFNG_categoryIFNgLOW vs HIGH","3m","IFNgHIGH",1,"c__Other","#000000","#6baed6","3m.IFNgHIGH"
"36","Haemophilus","IFNG_categoryIFNgLOW vs HIGH","5to7m","IFNgHIGH",1,"c__Other","#000000","#6baed6","5to7m.IFNgHIGH"
"37","c__Other__Other","IFNG_categoryIFNgLOW vs HIGH","5to7m","IFNgHIGH",1,"c__Other","#000000","#3E3E3E","5to7m.IFNgHIGH"
"38","c__Other__Other","IFNG_categoryIFNgLOW vs HIGH","3m","IFNgLOW",1,"c__Other","#000000","#3E3E3E","3m.IFNgLOW"
"39","c__Other__Other","IFNG_categoryIFNgLOW vs HIGH","3m","IFNgHIGH",1,"c__Other","#000000","#3E3E3E","3m.IFNgHIGH"
"40","c__Other__Other","IFNG_categoryIFNgLOW vs HIGH","5to7m","IFNgHIGH",1,"c__Other","#000000","#3E3E3E","5to7m.IFNgHIGH"
"41","Lacticaseibacillus","IFNG_categoryIFNgLOW vs HIGH","3m","IFNgHIGH",1,"c__Other","#000000","#CAA995","3m.IFNgHIGH"
"42","Lacticaseibacillus","IFNG_categoryIFNgLOW vs HIGH","5to7m","IFNgHIGH",1,"c__Other","#000000","#CAA995","5to7m.IFNgHIGH"
"43","c__Other__Other","IFNG_categoryIFNgLOW vs HIGH","3m","IFNgHIGH",1,"c__Other","#000000","#3E3E3E","3m.IFNgHIGH"
"44","c__Other__Other","IFNG_categoryIFNgLOW vs HIGH","5to7m","IFNgHIGH",1,"c__Other","#000000","#3E3E3E","5to7m.IFNgHIGH"
"45","c__Other__Other","IFNG_categoryIFNgLOW vs HIGH","5to7m","IFNgHIGH",1,"c__Other","#000000","#3E3E3E","5to7m.IFNgHIGH"
"46","c__Other__Other","IFNG_categoryIFNgLOW vs HIGH","3m","IFNgHIGH",1,"c__Other","#000000","#3E3E3E","3m.IFNgHIGH"
"47","c__Other__Other","IFNG_categoryIFNgLOW vs HIGH","5to7m","IFNgHIGH",1,"c__Other","#000000","#3E3E3E","5to7m.IFNgHIGH"
"48","c__Other__Other","IFNG_categoryIFNgLOW vs HIGH","5to7m","IFNgHIGH",1,"c__Other","#000000","#3E3E3E","5to7m.IFNgHIGH"
"49","c__Other__Other","IFNG_categoryIFNgLOW vs HIGH","5to7m","IFNgHIGH",1,"c__Other","#000000","#3E3E3E","5to7m.IFNgHIGH"
"50","c__Other__Other","IFNG_categoryIFNgLOW vs HIGH","3m","IFNgHIGH",1,"c__Other","#000000","#3E3E3E","3m.IFNgHIGH"
"51","c__Other__Other","IFNG_categoryIFNgLOW vs HIGH","5to7m","IFNgHIGH",1,"c__Other","#000000","#3E3E3E","5to7m.IFNgHIGH"
"52","c__Other__Other","IFNG_categoryIFNgLOW vs HIGH","3m","IFNgHIGH",1,"c__Other","#000000","#3E3E3E","3m.IFNgHIGH"
"53","c__Other__Other","IFNG_categoryIFNgLOW vs HIGH","3m","IFNgHIGH",1,"c__Other","#000000","#3E3E3E","3m.IFNgHIGH"
"54","c__Other__Other","IFNG_categoryIFNgLOW vs HIGH","5to7m","IFNgLOW",1,"c__Other","#000000","#3E3E3E","5to7m.IFNgLOW"
"55","Parabacteroides","IFNG_categoryIFNgLOW vs HIGH","3m","IFNgHIGH",1,"c__Other","#000000","#807dba","3m.IFNgHIGH"
"56","c__Other__Other","IFNG_categoryIFNgLOW vs HIGH","3m","IFNgHIGH",1,"c__Other","#000000","#3E3E3E","3m.IFNgHIGH"
"57","Phocaeicola","IFNG_categoryIFNgLOW vs HIGH","5to7m","IFNgLOW",1,"c__Other","#000000","#6a51a3","5to7m.IFNgLOW"
"58","c__Other__Other","IFNG_categoryIFNgLOW vs HIGH","5to7m","IFNgHIGH",1,"c__Other","#000000","#3E3E3E","5to7m.IFNgHIGH"
"59","c__Other__Other","IFNG_categoryIFNgLOW vs HIGH","5to7m","IFNgHIGH",1,"c__Other","#000000","#3E3E3E","5to7m.IFNgHIGH"
"60","c__Other__Other","IFNG_categoryIFNgLOW vs HIGH","5to7m","IFNgHIGH",1,"c__Other","#000000","#3E3E3E","5to7m.IFNgHIGH"
"61","c__Other__Other","IFNG_categoryIFNgLOW vs HIGH","3m","IFNgHIGH",1,"c__Other","#000000","#3E3E3E","3m.IFNgHIGH"
"62","c__Other__Other","IFNG_categoryIFNgLOW vs HIGH","5to7m","IFNgHIGH",1,"c__Other","#000000","#3E3E3E","5to7m.IFNgHIGH"
"63","c__Other__Other","IFNG_categoryIFNgLOW vs HIGH","3m","IFNgHIGH",1,"c__Other","#000000","#3E3E3E","3m.IFNgHIGH"
"64","c__Other__Other","IFNG_categoryIFNgLOW vs HIGH","5to7m","IFNgHIGH",1,"c__Other","#000000","#3E3E3E","5to7m.IFNgHIGH"
"65","c__Other__Other","IFNG_categoryIFNgLOW vs HIGH","3m","IFNgHIGH",1,"c__Other","#000000","#3E3E3E","3m.IFNgHIGH"
"66","c__Other__Other","IFNG_categoryIFNgLOW vs HIGH","5to7m","IFNgHIGH",1,"c__Other","#000000","#3E3E3E","5to7m.IFNgHIGH"
"67","c__Other__Other","IFNG_categoryIFNgLOW vs HIGH","5to7m","IFNgHIGH",1,"c__Other","#000000","#3E3E3E","5to7m.IFNgHIGH"
"68","Staphylococcus","IFNG_categoryIFNgLOW vs HIGH","3m","IFNgHIGH",1,"c__Other","#000000","#9E5C00","3m.IFNgHIGH"
"69","Staphylococcus","IFNG_categoryIFNgLOW vs HIGH","5to7m","IFNgHIGH",1,"c__Other","#000000","#9E5C00","5to7m.IFNgHIGH"
"70","Streptococcus","IFNG_categoryIFNgLOW vs HIGH","3m","IFNgHIGH",1,"c__Other","#000000","#7D3200","3m.IFNgHIGH"
"71","Streptococcus","IFNG_categoryIFNgLOW vs HIGH","5to7m","IFNgHIGH",1,"c__Other","#000000","#7D3200","5to7m.IFNgHIGH"
"72","c__Other__Other","IFNG_categoryIFNgLOW vs HIGH","3m","IFNgHIGH",1,"c__Other","#000000","#3E3E3E","3m.IFNgHIGH"
"73","c__Other__Other","IFNG_categoryIFNgLOW vs HIGH","5to7m","IFNgHIGH",1,"c__Other","#000000","#3E3E3E","5to7m.IFNgHIGH"
"74","c__Other__Other","IFNG_categoryIFNgLOW vs HIGH","3m","IFNgHIGH",1,"c__Other","#000000","#3E3E3E","3m.IFNgHIGH"
"75","c__Other__Other","IFNG_categoryIFNgLOW vs HIGH","5to7m","IFNgHIGH",1,"c__Other","#000000","#3E3E3E","5to7m.IFNgHIGH"
"76","c__Other__Other","IFNG_categoryIFNgLOW vs HIGH","3m","IFNgHIGH",1,"c__Other","#000000","#3E3E3E","3m.IFNgHIGH"
"77","c__Other__Other","IFNG_categoryIFNgLOW vs HIGH","5to7m","IFNgHIGH",1,"c__Other","#000000","#3E3E3E","5to7m.IFNgHIGH"
