"","sample_ID","conditon1","Priming Condition 2","Stimulation Condition 3","Sample info","group","subject_type","condition_comparisons_1","condition_comparisons_2","test_group","comparisons_merged"
"1","RNA CB2-1","Priming 72h","NPC",NA,"CB+Stim buffer","Baby_prime_NPC","Baby","priming","NPC","NPC_priming","priming_NPC"
"2","RNA CB2-2","Priming 72h","LPS (E.coli)",NA,"CB+Stim buffer","Baby_prime_Ecoli","Baby","priming","LPS (E.coli)","ecoli_priming","priming_LPS (E.coli)"
"3","RNA CB2-3","Priming 72h","LPS (Bacteroides)",NA,"CB+Stim buffer","Baby_prime_Bfrag","Baby","priming","LPS (Bacteroides)","bact_priming","priming_LPS (Bacteroides)"
"4","RNA CB2-4","Priming 72h","NPC",NA,"Father blood+Stim buffer","Father_prime_NPC","Father","priming","Father_NPC","Father_priming","priming_Father_NPC"
"5","RNA CB2-5","After priming Sti.3h","NPC","NTC","CB+Stim buffer","Baby_prime_NPC_NTC","Baby","unstim","NPC","NPC_unstim","unstim_NPC"
"6","RNA CB2-6","After priming Sti.3h","NPC","BCG","CB+Stim buffer","Baby_prime_NPC_BCG","Baby","BCG","NPC","other_stim","BCG_NPC"
"7","RNA CB2-7","After priming Sti.3h","NPC","Zymosan","CB+Stim buffer","Baby_prime_NPC_Zymosan","Baby","Zymosan","NPC","other_stim","Zymosan_NPC"
"8","RNA CB2-8","After priming Sti.3h","NPC","IAV","CB+Stim buffer","Baby_prime_NPC_IAV","Baby","IAV","NPC","other_stim","IAV_NPC"
"9","RNA CB2-9","After priming Sti.3h","NPC","LPS","CB+Stim buffer","Baby_prime_NPC_LPS","Baby","LPS","NPC","other_stim","LPS_NPC"
"10","RNA CB2-10","After priming Sti.3h","LPS (E.coli)","NTC","CB+Stim buffer","Baby_prime_Ecoli_NTC","Baby","unstim","LPS (E.coli)","ecoli_unstim","unstim_LPS (E.coli)"
"11","RNA CB2-11","After priming Sti.3h","LPS (E.coli)","BCG","CB+Stim buffer","Baby_prime_Ecoli_BCG","Baby","BCG","LPS (E.coli)","other_stim","BCG_LPS (E.coli)"
"12","RNA CB2-12","After priming Sti.3h","LPS (E.coli)","Zymosan","CB+Stim buffer","Baby_prime_Ecoli_Zymosan","Baby","Zymosan","LPS (E.coli)","other_stim","Zymosan_LPS (E.coli)"
"13","RNA CB2-13","After priming Sti.3h","LPS (E.coli)","IAV","CB+Stim buffer","Baby_prime_Ecoli_IAV","Baby","IAV","LPS (E.coli)","other_stim","IAV_LPS (E.coli)"
"14","RNA CB2-14","After priming Sti.3h","LPS (E.coli)","LPS","CB+Stim buffer","Baby_prime_Ecoli_LPS","Baby","LPS","LPS (E.coli)","other_stim","LPS_LPS (E.coli)"
"15","RNA CB2-15","After priming Sti.3h","LPS (Bacteroides)","NTC","CB+Stim buffer","Baby_prime_Bfrag_NTC","Baby","unstim","LPS (Bacteroides)","bacteroides_unstim","unstim_LPS (Bacteroides)"
"16","RNA CB2-16","After priming Sti.3h","LPS (Bacteroides)","BCG","CB+Stim buffer","Baby_prime_Bfrag_BCG","Baby","BCG","LPS (Bacteroides)","other_stim","BCG_LPS (Bacteroides)"
"17","RNA CB2-17","After priming Sti.3h","LPS (Bacteroides)","Zymosan","CB+Stim buffer","Baby_prime_Bfrag_Zymosan","Baby","Zymosan","LPS (Bacteroides)","other_stim","Zymosan_LPS (Bacteroides)"
"18","RNA CB2-18","After priming Sti.3h","LPS (Bacteroides)","IAV","CB+Stim buffer","Baby_prime_Bfrag_IAV","Baby","IAV","LPS (Bacteroides)","other_stim","IAV_LPS (Bacteroides)"
"19","RNA CB2-19","After priming Sti.3h","LPS (Bacteroides)","LPS","CB+Stim buffer","Baby_prime_Bfrag_LPS","Baby","LPS","LPS (Bacteroides)","other_stim","LPS_LPS (Bacteroides)"
"20","RNA CB2-20","After priming Sti.3h","NPC","NTC","Father blood+Stim buffer","Father_prime_NPC_NTC","Father","unstim","Father_NPC","Father_unstim","unstim_Father_NPC"
"21","RNA CB2-21","After priming Sti.3h","NPC","BCG","Father blood+Stim buffer","Father_prime_NPC_BCG","Father","BCG","Father_NPC","other_stim","BCG_Father_NPC"
"22","RNA CB2-22","After priming Sti.3h","NPC","Zymosan","Father blood+Stim buffer","Father_prime_NPC_Zymosan","Father","Zymosan","Father_NPC","other_stim","Zymosan_Father_NPC"
"23","RNA CB2-23","After priming Sti.3h","NPC","IAV","Father blood+Stim buffer","Father_prime_NPC_IAV","Father","IAV","Father_NPC","other_stim","IAV_Father_NPC"
"24","RNA CB2-24","After priming Sti.3h","NPC","LPS","Father blood+Stim buffer","Father_prime_NPC_LPS","Father","LPS","Father_NPC","other_stim","LPS_Father_NPC"
