"","analyte","correlation","p_value","n_samples","datatype","rank","label_column","p.BH","color_column"
"cor34","SLAMF1",-0.284678555206329,1.38521196614614e-05,226,"OLINK",92,"SLAMF1",5.67436227096008e-05,"p.BH < 0.05"
"cor46","IL-24",-0.133815480783387,0.0454389433049706,224,"OLINK",91,"",0.114438820175481,"Non significant"
"cor86","IL13",-0.0840567259483071,0.208076685358275,226,"OLINK",90,"",0.368469130321946,"Non significant"
"cor18","IL5",-0.0546865105411488,0.41325883526098,226,"OLINK",89,"",0.610904365168405,"Non significant"
"cor29","ST1A1",-0.0482678758601992,0.470280586465751,226,"OLINK",88,"",0.657633390205117,"Non significant"
"cor64","IL-22 RA1",-0.0397717593244406,0.55464432494814,223,"OLINK",87,"",0.719127377608982,"Non significant"
"cor26","IL33",0.00709154401937347,0.915566915335468,226,"OLINK",86,"",0.960753095637901,"Non significant"
"cor7","IL2",0.0120766555127638,0.856719390449577,226,"OLINK",85,"",0.932662383750425,"Non significant"
"cor77","CASP-8",0.0548375011420909,0.411968370620867,226,"OLINK",84,"",0.610904365168405,"Non significant"
"cor56","IL4",0.102121800892269,0.125838878501534,226,"OLINK",83,"",0.249969732197935,"Non significant"
"cor69","MCP-3",0.103113985989434,0.122184206141139,226,"OLINK",82,"",0.245814379218859,"Non significant"
"cor79","IL-20",0.130348919969452,0.0503397527697185,226,"OLINK",81,"",0.124930773297112,"Non significant"
"cor54","NRTN",0.137280265771745,0.0391978175867678,226,"OLINK",80,"",0.100964075602281,"Non significant"
"cor13","TSLP",0.138949692956423,0.0368496900574299,226,"OLINK",79,"",0.0963761124578937,"Non significant"
"cor16","Beta-NGF",0.167516371279225,0.0116621079590771,226,"OLINK",78,"",0.0341820405697087,"p.BH < 0.05"
"cor62","IL-2RB",0.173903850876255,0.00879699929122456,226,"OLINK",77,"",0.026236664552775,"p.BH < 0.05"
"cor10","IL-20RA",0.177202935157172,0.00757748618873492,226,"OLINK",76,"",0.0227995159661051,"p.BH < 0.05"
"cor2","IL-10RA",0.180074627614681,0.00664103026875533,226,"OLINK",75,"",0.0201602704587215,"p.BH < 0.05"
"cor28","IL-1 alpha",0.208725452006789,0.00160356329597106,226,"OLINK",74,"",0.00556338286357306,"p.BH < 0.05"
"cor45","ADA",0.242930319866637,0.00022675284226948,226,"OLINK",73,"",0.000837999634474165,"p.BH < 0.05"
"cor70","FGF-23",0.272069627968969,3.38481956196083e-05,226,"OLINK",72,"",0.000133818447798452,"p.BH < 0.05"
"cor83","LAP TGF-beta-1",0.27511460970747,2.73879178183445e-05,226,"OLINK",71,"",0.000109551671273378,"p.BH < 0.05"
"cor51","ARTN",0.284337109732942,1.41995215779548e-05,226,"OLINK",70,"",5.74742540060076e-05,"p.BH < 0.05"
"cor14","IL6",0.332599060020684,3.07466720951899e-07,226,"OLINK",69,"",1.4320367825157e-06,"p.BH < 0.05"
"cor88","CXCL1",0.36698151206238,1.30064823285914e-08,226,"OLINK",68,"",6.1419499885015e-08,"p.BH < 0.05"
"cor80","EN-RAGE",0.369619925929786,1.00429384241681e-08,226,"OLINK",67,"",4.80929445664387e-08,"p.BH < 0.05"
"cor89","MMP-10",0.375979466143183,5.33333278739334e-09,226,"OLINK",66,"",2.59047592530533e-08,"p.BH < 0.05"
"cor12","FGF-5",0.38001461559387,3.54405021100459e-09,226,"OLINK",65,"",1.74634358223414e-08,"p.BH < 0.05"
"cor40","LIF",0.380890128648512,3.24091079536332e-09,226,"OLINK",64,"",1.62045539768166e-08,"p.BH < 0.05"
"cor17","CXCL11",0.382633892608864,2.71007373079834e-09,226,"OLINK",63,"",1.37526129622602e-08,"p.BH < 0.05"
"cor6","IL8",0.393917646897022,8.30089576390213e-10,226,"OLINK",62,"",4.34200701496419e-09,"p.BH < 0.05"
"cor91","STAMPB",0.427209621554821,0.0770157610657477,18,"OLINK",61,"",0.173412971936121,"Non significant"
"cor73","MCP-1",0.429879863844652,1.4017368860317e-11,226,"OLINK",60,"",7.68694421372221e-11,"p.BH < 0.05"
"cor61","GDNF",0.435773903589114,6.84884488732035e-12,226,"OLINK",59,"",3.81738895358839e-11,"p.BH < 0.05"
"cor59","CD5",0.449736616426215,1.18682139614666e-12,226,"OLINK",58,"",6.83930974050617e-12,"p.BH < 0.05"
"cor39","CXCL6",0.462895877672374,2.11114094274843e-13,226,"OLINK",57,"",1.23756538023184e-12,"p.BH < 0.05"
"cor41","CXCL5",0.465914285118476,1.40584500955193e-13,226,"OLINK",56,"",8.53548755799388e-13,"p.BH < 0.05"
"cor9","4E-BP1",0.467190349411657,1.18239626839922e-13,226,"OLINK",55,"",7.30935875010428e-13,"p.BH < 0.05"
"cor24","MCP-4",0.473160151070463,5.21072433421843e-14,226,"OLINK",54,"",3.28082643265605e-13,"p.BH < 0.05"
"cor55","FGF-19",0.475317441264,3.86002201500441e-14,226,"OLINK",53,"",2.47624053792736e-13,"p.BH < 0.05"
"cor42","FGF-21",0.490555058725865,4.36161480095801e-15,226,"OLINK",52,"",2.90774320063868e-14,"p.BH < 0.05"
"cor5","AXIN1",0.492360342230819,3.34434380441352e-15,226,"OLINK",51,"",2.2741537870012e-14,"p.BH < 0.05"
"cor1","CST5",0.520698300658953,4.18552928224273e-17,226,"OLINK",50,"",2.90424480808679e-16,"p.BH < 0.05"
"cor85","SCF",0.554423837889931,1.29806919351427e-19,226,"OLINK",49,"",9.39028778286918e-19,"p.BH < 0.05"
"cor36","CD8A",0.562676734044065,2.09470068345024e-14,156,"OLINK",48,"",1.36961198533285e-13,"p.BH < 0.05"
"cor23","IL-17C",0.563031735028837,2.67013517711202e-20,226,"OLINK",47,"",1.97357817438714e-19,"p.BH < 0.05"
"cor75","IL-10RB",0.563444683482719,2.4721992970014e-20,226,"OLINK",46,"",1.86788391328994e-19,"p.BH < 0.05"
"cor44","DNER",0.567845381157577,1.08068705606594e-20,226,"OLINK",45,"",8.35076361505497e-20,"p.BH < 0.05"
"cor78","CCL25",0.567985333990849,1.05240418795748e-20,226,"OLINK",44,"",8.32133543966381e-20,"p.BH < 0.05"
"cor50","STAMBP",0.572108000973022,1.76975957237501e-19,208,"OLINK",43,"",1.25357969709896e-18,"p.BH < 0.05"
"cor90","LIF-R",0.57906319253932,1.23855061644175e-21,226,"OLINK",42,"",1.00263621330999e-20,"p.BH < 0.05"
"cor76","MMP-1",0.597923939308615,2.67362953799609e-23,226,"OLINK",41,"",2.21715620224066e-22,"p.BH < 0.05"
"cor27","CD40",0.599621655314918,1.86954128961506e-23,226,"OLINK",40,"",1.5891100961728e-22,"p.BH < 0.05"
"cor30","NT-3",0.606139295910018,4.64094880085161e-24,226,"OLINK",39,"",4.04595536484499e-23,"p.BH < 0.05"
"cor35","OPG",0.60784234526599,3.20764213090648e-24,226,"OLINK",38,"",2.86999559081106e-23,"p.BH < 0.05"
"cor43","CD244",0.608993110395049,2.49597467876112e-24,226,"OLINK",37,"",2.29359835345616e-23,"p.BH < 0.05"
"cor32","CCL11",0.612503500207135,1.1538383433349e-24,226,"OLINK",36,"",1.08973621314963e-23,"p.BH < 0.05"
"cor87","SIRT2",0.613871059616193,8.52049729884007e-25,226,"OLINK",35,"",8.27705451887321e-24,"p.BH < 0.05"
"cor49","PD-L1",0.621483688658347,1.53314750466628e-25,226,"OLINK",34,"",1.53314750466628e-24,"p.BH < 0.05"
"cor","CCL20",0.625032353244836,6.78159321328878e-26,226,"OLINK",33,"",6.9870960379339e-25,"p.BH < 0.05"
"cor48","IL-17A",0.627682616303731,3.66255395702247e-26,226,"OLINK",32,"",3.89146357933638e-25,"p.BH < 0.05"
"cor74","HGF",0.630810886145915,1.75650736234545e-26,226,"OLINK",31,"",1.92649194579824e-25,"p.BH < 0.05"
"cor60","CSF-1",0.632605913471667,1.14783304190489e-26,226,"OLINK",30,"",1.30087744749221e-25,"p.BH < 0.05"
"cor8","CDCP1",0.633816914509232,8.60077645989544e-27,226,"OLINK",29,"",1.00836689529809e-25,"p.BH < 0.05"
"cor25","uPA",0.634036693626589,8.16075684570577e-27,226,"OLINK",28,"",9.90949045549987e-26,"p.BH < 0.05"
"cor19","CCL28",0.635549442825053,5.67868460840014e-27,226,"OLINK",27,"",7.15093617354092e-26,"p.BH < 0.05"
"cor72","Flt3L",0.639140353609531,2.38174391931679e-27,226,"OLINK",26,"",3.1145882021835e-26,"p.BH < 0.05"
"cor38","IL18",0.642089565506563,1.15667775616084e-27,226,"OLINK",25,"",1.57308174837874e-26,"p.BH < 0.05"
"cor67","IL-18R1",0.649908874026394,1.6394116445482e-28,226,"OLINK",24,"",2.32249982977662e-27,"p.BH < 0.05"
"cor63","VEGFA",0.650020430219203,1.59368248464685e-28,226,"OLINK",23,"",2.32249982977662e-27,"p.BH < 0.05"
"cor33","CX3CL1",0.651010278649425,1.23925027394531e-28,226,"OLINK",22,"",1.91520496882457e-27,"p.BH < 0.05"
"cor21","IL10",0.651873305102515,9.94443204624888e-29,226,"OLINK",21,"",1.61005090272601e-27,"p.BH < 0.05"
"cor47","CCL23",0.652367093507035,8.7650332207273e-29,226,"OLINK",20,"CCL23",1.49005564752364e-27,"p.BH < 0.05"
"cor66","TNFSF14",0.655114347045237,4.32359761036989e-29,226,"OLINK",19,"TNFSF14",7.73696414487243e-28,"p.BH < 0.05"
"cor31","TGF-alpha",0.65674268180684,2.83415072950837e-29,226,"OLINK",18,"TGF-alpha",5.35339582240471e-28,"p.BH < 0.05"
"cor84","OSM",0.665122148795918,3.09230819806486e-30,226,"OLINK",17,"OSM",6.18461639612971e-29,"p.BH < 0.05"
"cor58","TNFRSF9",0.667942651281222,1.44341009715251e-30,226,"OLINK",16,"TNFRSF9",3.06724645644907e-29,"p.BH < 0.05"
"cor81","IL-15RA",0.668473017241268,1.24957933181162e-30,226,"OLINK",15,"IL-15RA",2.83237981877301e-29,"p.BH < 0.05"
"cor22","IL7",0.670601431074283,6.98451883010855e-31,226,"OLINK",14,"IL7",1.69624028731208e-29,"p.BH < 0.05"
"cor20","TRANCE",0.670639136343468,6.91261301689442e-31,226,"OLINK",13,"TRANCE",1.69624028731208e-29,"p.BH < 0.05"
"cor65","TWEAK",0.676744871454049,1.26780027484579e-31,226,"OLINK",12,"TWEAK",3.59210077872973e-30,"p.BH < 0.05"
"cor3","TRAIL",0.686490916617968,7.75871045616826e-33,226,"OLINK",11,"TRAIL",2.39814686827019e-31,"p.BH < 0.05"
"cor37","MCP-2",0.686915861024429,6.85181000041074e-33,226,"OLINK",10,"MCP-2",2.32961540013965e-31,"p.BH < 0.05"
"cor68","CCL19",0.698641078512161,2.03647999507229e-34,226,"OLINK",9,"CCL19",7.69336887027311e-33,"p.BH < 0.05"
"cor4","CCL3",0.69884855328363,1.91071145818912e-34,226,"OLINK",8,"CCL3",7.69336887027311e-33,"p.BH < 0.05"
"cor53","CCL4",0.710238090478808,5.29688872353898e-36,226,"OLINK",7,"CCL4",2.57277452286179e-34,"p.BH < 0.05"
"cor52","IL-12B",0.721366864512098,1.34250520337997e-37,226,"OLINK",6,"IL-12B",7.60752948581982e-36,"p.BH < 0.05"
"cor82","TNFB",0.732104976194739,3.25433059078492e-39,226,"OLINK",5,"TNFB",2.21294480173375e-37,"p.BH < 0.05"
"cor11","CXCL10",0.746641917115308,1.57338340572864e-41,226,"OLINK",4,"CXCL10",1.33737589486934e-39,"p.BH < 0.05"
"cor15","CD6",0.748532113391479,7.65797318593937e-42,226,"OLINK",3,"CD6",8.67903627739795e-40,"p.BH < 0.05"
"cor57","CXCL9",0.749047008673108,6.28700502255011e-42,226,"OLINK",2,"CXCL9",8.67903627739795e-40,"p.BH < 0.05"
"cor71","TNF",0.885451747897076,1.705588523589e-76,226,"OLINK",1,"TNF",5.7990009802026e-74,"p.BH < 0.05"
"cor242","KNG1",-0.325429021134565,0.0163408962172472,54,"NULISA",248,"KNG1",0.0462992059488671,"p.BH < 0.05"
"cor233","IL13RA2",-0.299756254241455,0.0276569522161994,54,"NULISA",247,"",0.0758335786573208,"Non significant"
"cor211","CCL16",-0.286621120289608,0.0356189631323175,54,"NULISA",246,"",0.0950453405156321,"Non significant"
"cor159","FGF2",-0.266932398245145,0.051031908962483,54,"NULISA",245,"",0.12496303846409,"Non significant"
"cor341","NGF",-0.263383878286898,0.0543158923016401,54,"NULISA",244,"",0.130974492074877,"Non significant"
"cor98","IL17F",-0.262787324992401,0.0548844174906855,54,"NULISA",243,"",0.131413393991782,"Non significant"
"cor234","CCL24",-0.258237539805852,0.0593806129634964,54,"NULISA",242,"",0.139237299362681,"Non significant"
"cor481","MUC16",-0.229489270387775,0.0950587029037792,54,"NULISA",241,"",0.208515864434096,"Non significant"
"cor116","IL7R",-0.221922968937899,0.106784114664122,54,"NULISA",240,"",0.224048817038628,"Non significant"
"cor621","WNT7A",-0.219119882333226,0.11139985140016,54,"NULISA",239,"",0.229551208945783,"Non significant"
"cor207","FLT1",-0.21683815005583,0.115268691744433,54,"NULISA",238,"",0.236092501163296,"Non significant"
"cor190","AREG",-0.215862827801219,0.116953375127894,54,"NULISA",237,"",0.237040783666049,"Non significant"
"cor361","GDF15",-0.215763475963192,0.117126034282048,54,"NULISA",236,"",0.237040783666049,"Non significant"
"cor184","IL1B",-0.206153743350924,0.134762044426367,54,"NULISA",235,"",0.261823400599798,"Non significant"
"cor200","TEK",-0.196882492489204,0.153596826717085,54,"NULISA",234,"",0.29174816247938,"Non significant"
"cor531","GDF2",-0.184475556715471,0.18174972211816,54,"NULISA",233,"",0.339532447913046,"Non significant"
"cor220","CXCL5",-0.180240822371352,0.19216078049486,54,"NULISA",232,"",0.351462993918561,"Non significant"
"cor212","IL33",-0.177855825158943,0.198208266858236,54,"NULISA",231,"",0.36009463197161,"Non significant"
"cor215","IL17RB",-0.17741752162605,0.199334181305082,54,"NULISA",230,"",0.36009463197161,"Non significant"
"cor371","CD3E",-0.17627574681995,0.202288455019346,54,"NULISA",229,"",0.36009463197161,"Non significant"
"cor189","FLT4",-0.169485133193361,0.220499479959948,54,"NULISA",228,"",0.386442387558672,"Non significant"
"cor122","CXCL14",-0.163643342946906,0.237054563022861,54,"NULISA",227,"",0.410824350777212,"Non significant"
"cor781","PDGFA",-0.162919146416853,0.239164727230572,54,"NULISA",226,"",0.410824350777212,"Non significant"
"cor109","ANXA1",-0.162109942467601,0.24153776035452,54,"NULISA",225,"",0.410824350777212,"Non significant"
"cor801","CXCL3",-0.161401308649923,0.243629038061975,54,"NULISA",224,"",0.411522872633319,"Non significant"
"cor351","EGF",-0.161109764399106,0.244493000799795,54,"NULISA",223,"",0.411522872633319,"Non significant"
"cor225","TLR3",-0.156846004804014,0.257367041267389,54,"NULISA",222,"",0.424780553548118,"Non significant"
"cor910","BDNF",-0.14584250905262,0.292670515373604,54,"NULISA",221,"",0.471601778327134,"Non significant"
"cor221","CSF2RB",-0.12670979170604,0.361230320201975,54,"NULISA",220,"",0.568603281799405,"Non significant"
"cor2110","TIMP2",-0.124835709223277,0.36843340719007,54,"NULISA",219,"",0.577268932924534,"Non significant"
"cor228","CD40LG",-0.120693551973401,0.384658893552872,54,"NULISA",218,"",0.589119497282994,"Non significant"
"cor861","TNFRSF11B",-0.120693177926511,0.38466037763772,54,"NULISA",217,"",0.589119497282994,"Non significant"
"cor210","CXCL8",-0.117218703910969,0.398592101816244,54,"NULISA",216,"",0.59965183459081,"Non significant"
"cor631","FGF19",-0.112617878566027,0.417486926542787,54,"NULISA",215,"",0.614482922184188,"Non significant"
"cor291","CXCL16",-0.112140641180322,0.419475750729584,54,"NULISA",214,"",0.614748945034735,"Non significant"
"cor248","WNT16",-0.111678004705818,0.421408879419045,54,"NULISA",213,"",0.614931412027792,"Non significant"
"cor831","TREM2",-0.111219326226904,0.423330468401673,54,"NULISA",212,"",0.6150955523785,"Non significant"
"cor161","IL24",-0.108504443270968,0.434805677120007,54,"NULISA",211,"",0.626414958562722,"Non significant"
"cor193","TNFRSF17",-0.105942901880748,0.44579076024948,54,"NULISA",210,"",0.63665933680091,"Non significant"
"cor391","CD4",-0.104810404168843,0.450695924802122,54,"NULISA",209,"",0.638485893469673,"Non significant"
"cor651","VEGFD",-0.10055100230252,0.469407655842008,54,"NULISA",208,"",0.657633390205117,"Non significant"
"cor157","SCG2",-0.0999161175679142,0.472231986669251,54,"NULISA",207,"",0.657633390205117,"Non significant"
"cor133","VSNL1",-0.0995459509535002,0.473882884118393,54,"NULISA",206,"",0.657633390205117,"Non significant"
"cor591","CCL11",-0.0915168767502984,0.51043770082072,54,"NULISA",205,"",0.688685786821607,"Non significant"
"cor160","IL11",-0.0905454945231861,0.514955191249122,54,"NULISA",204,"",0.692034644366409,"Non significant"
"cor182","GFAP",-0.0900042773813251,0.517480881580462,54,"NULISA",203,"",0.692690943847863,"Non significant"
"cor235","SDC1",-0.0887528433144494,0.523344671173775,54,"NULISA",202,"",0.69506714140267,"Non significant"
"cor401","PDGFB",-0.0807639307911807,0.561541118792265,54,"NULISA",201,"",0.72058248773256,"Non significant"
"cor139","IL36B",-0.0806451593451756,0.562118706863506,54,"NULISA",200,"",0.72058248773256,"Non significant"
"cor111","CD46",-0.0779440859139697,0.575328712312017,54,"NULISA",199,"",0.729239802863021,"Non significant"
"cor181","IL32",-0.0776130630026338,0.576957373441625,54,"NULISA",198,"",0.729239802863021,"Non significant"
"cor136","TNFSF13",-0.0654288269028695,0.638315194165494,54,"NULISA",197,"",0.78572311120264,"Non significant"
"cor96","CTF1",-0.0652739035732194,0.639112273923308,54,"NULISA",196,"",0.78572311120264,"Non significant"
"cor811","BST2",-0.0637229983554749,0.647113859170892,54,"NULISA",195,"",0.788597534473488,"Non significant"
"cor108","IKBKG",-0.0622324559303075,0.654841529533934,54,"NULISA",194,"",0.79083237868225,"Non significant"
"cor179","TGFB1",-0.0620238989473714,0.655925678789395,54,"NULISA",193,"",0.79083237868225,"Non significant"
"cor177","IL36A",-0.0614721270647304,0.658797365054176,54,"NULISA",192,"",0.791488000418445,"Non significant"
"cor410","LIF",-0.0604458098819897,0.664151800183744,54,"NULISA",191,"",0.79511131007913,"Non significant"
"cor130","TNFSF12",-0.0522061262875114,0.707724177082164,54,"NULISA",190,"",0.835507709055333,"Non significant"
"cor1710","IL1RL1",-0.0490982445807844,0.724412734133622,54,"NULISA",189,"",0.849002042384565,"Non significant"
"cor145","IL9",-0.0471105121723103,0.73515399473057,54,"NULISA",188,"",0.849037574771744,"Non significant"
"cor871","CCL26",-0.0465503923453217,0.738189963258211,54,"NULISA",187,"",0.849037574771744,"Non significant"
"cor246","MMP1",-0.0463711889433659,0.73916212391893,54,"NULISA",186,"",0.849037574771744,"Non significant"
"cor244","CSF3",-0.0417599920926534,0.764312647546945,54,"NULISA",185,"",0.869118060755723,"Non significant"
"cor115","NAMPT",-0.0407093996618753,0.770077799653956,54,"NULISA",184,"",0.869855321868256,"Non significant"
"cor92","FTH1",-0.0339960643991304,0.807196699132156,54,"NULISA",183,"",0.896885221257951,"Non significant"
"cor791","MICB",-0.0326876224653965,0.814483388969862,54,"NULISA",182,"",0.899105039771925,"Non significant"
"cor641","CCL17",-0.0321445598598389,0.817512314573433,54,"NULISA",181,"",0.899528113122871,"Non significant"
"cor411","IL17B",-0.0308204633564856,0.824908459952791,54,"NULISA",180,"",0.904738310915965,"Non significant"
"cor310","CXADR",-0.020936067243239,0.88055587549583,54,"NULISA",179,"",0.950441262439943,"Non significant"
"cor243","SELE",-0.0196955224358139,0.887586321822509,54,"NULISA",178,"",0.950924491542441,"Non significant"
"cor701","MIF",-0.0194202755750845,0.889147391742301,54,"NULISA",177,"",0.950924491542441,"Non significant"
"cor112","ANGPT1",-0.0193767858413758,0.889394083266166,54,"NULISA",176,"",0.950924491542441,"Non significant"
"cor301","TNFSF15",-0.017478456734202,0.900171996104068,54,"NULISA",175,"",0.95943096763443,"Non significant"
"cor131","VEGFA",-0.0140003666191728,0.919964188438705,54,"NULISA",174,"",0.960753095637901,"Non significant"
"cor134","THBS2",-0.0139742193568377,0.920113177965825,54,"NULISA",173,"",0.960753095637901,"Non significant"
"cor175","IL5RA",-0.0119982722335412,0.931379821497547,54,"NULISA",172,"",0.96840715385066,"Non significant"
"cor137","CD200R1",-0.0101792308188088,0.941763671602939,54,"NULISA",171,"",0.973251210775074,"Non significant"
"cor204","HGF",-0.00574097017510003,0.967136037326985,54,"NULISA",170,"",0.990440520154142,"Non significant"
"cor165","IL6ST",-0.00309308414337662,0.982290307576952,54,"NULISA",169,"",0.996951356943772,"Non significant"
"cor125","IL36G",-0.00133028941643656,0.992382830162754,54,"NULISA",168,"",0.99708689051791,"Non significant"
"cor209","CD70",-0.000114393092544642,0.999344981356389,54,"NULISA",167,"",0.999344981356389,"Non significant"
"cor881","CSF3R",0.00102091062592867,0.994154282016386,54,"NULISA",166,"",0.99708689051791,"Non significant"
"cor169","IL7",0.00105522413314129,0.993957807007611,54,"NULISA",165,"",0.99708689051791,"Non significant"
"cor110","PGF",0.00125053310750942,0.992839498466761,54,"NULISA",164,"",0.99708689051791,"Non significant"
"cor821","ANGPT2",0.0034237260888919,0.980397543516266,54,"NULISA",163,"",0.996951356943772,"Non significant"
"cor192","TIMP1",0.00399128817970627,0.977148782581519,54,"NULISA",162,"",0.996951356943772,"Non significant"
"cor1010","THPO",0.00868794132289346,0.950283828563241,54,"NULISA",161,"",0.97612236166617,"Non significant"
"cor149","FURIN",0.00936629763567378,0.946407446516837,54,"NULISA",160,"",0.975086460047651,"Non significant"
"cor501","CRP",0.0110855436855758,0.936588749160047,54,"NULISA",159,"",0.970854191202487,"Non significant"
"cor103","CXCL12",0.0137847849044343,0.921192674052811,54,"NULISA",158,"",0.960753095637901,"Non significant"
"cor731","EPO",0.0151262863047412,0.913551248134795,54,"NULISA",157,"",0.960753095637901,"Non significant"
"cor541","SELP",0.0151266771250169,0.913549023050686,54,"NULISA",156,"",0.960753095637901,"Non significant"
"cor891","CCL5",0.0166731328736336,0.904749804532632,54,"NULISA",155,"",0.960753095637901,"Non significant"
"cor261","IRAK4",0.02325796380798,0.867422108594285,54,"NULISA",154,"",0.939246869178525,"Non significant"
"cor1310","TGFB3",0.0248214518654393,0.858598017982009,54,"NULISA",153,"",0.932662383750425,"Non significant"
"cor551","CD276",0.0261337225474534,0.851204928877928,54,"NULISA",152,"",0.93057773575079,"Non significant"
"cor188","IL6R",0.0329557705338441,0.812988785549727,54,"NULISA",151,"",0.899105039771925,"Non significant"
"cor197","LGALS9",0.0353024515169425,0.799937620944034,54,"NULISA",150,"",0.891733741380235,"Non significant"
"cor611","TREM1",0.0361544475316575,0.795212397636667,54,"NULISA",149,"",0.889382286830483,"Non significant"
"cor901","NTF3",0.0368034383804038,0.791617930924757,54,"NULISA",148,"",0.888284146912268,"Non significant"
"cor194","CXCL2",0.038591297830902,0.781738218474023,54,"NULISA",147,"",0.880102630070093,"Non significant"
"cor239","S100A12",0.0410105781769655,0.768423798206683,54,"NULISA",146,"",0.869855321868256,"Non significant"
"cor238","TAFA5",0.0448027089559514,0.747688097074908,54,"NULISA",145,"",0.85306695639419,"Non significant"
"cor141","CXCL6",0.0454432389623237,0.744202605575124,54,"NULISA",144,"",0.851949110759401,"Non significant"
"cor148","CXCL1",0.0477597528185678,0.731639995349051,54,"NULISA",143,"",0.849002042384565,"Non significant"
"cor97","CNTF",0.0479214920960067,0.73076543177023,54,"NULISA",142,"",0.849002042384565,"Non significant"
"cor120","CD40",0.048082587671206,0.729894686461547,54,"NULISA",141,"",0.849002042384565,"Non significant"
"cor150","IL34",0.0484920626638557,0.727682937372105,54,"NULISA",140,"",0.849002042384565,"Non significant"
"cor331","GRN",0.0530720093560618,0.703098381319198,54,"NULISA",139,"",0.832938848949572,"Non significant"
"cor198","MERTK",0.058796892774085,0.672789283095576,54,"NULISA",138,"",0.799819427456279,"Non significant"
"cor154","IL1R1",0.0596123085572868,0.668512584886343,54,"NULISA",137,"",0.797523785478444,"Non significant"
"cor129","CCL25",0.0628598529475917,0.651584373703312,54,"NULISA",136,"",0.79083237868225,"Non significant"
"cor196","IL18R1",0.0637896096065553,0.646769368212876,54,"NULISA",135,"",0.788597534473488,"Non significant"
"cor138","IL1R2",0.0650755795868366,0.640133240597445,54,"NULISA",134,"",0.78572311120264,"Non significant"
"cor236","VSTM1",0.0652343277869462,0.639315956096218,54,"NULISA",133,"",0.78572311120264,"Non significant"
"cor219","CEACAM5",0.0656936153915154,0.636953798197765,54,"NULISA",132,"",0.78572311120264,"Non significant"
"cor222","CCL28",0.071835049703153,0.605719188230079,54,"NULISA",131,"",0.757148985287599,"Non significant"
"cor195","IL18",0.0735382968651479,0.597176112149718,54,"NULISA",130,"",0.749224642549462,"Non significant"
"cor117","CLEC4A",0.0745020183751149,0.592366013694112,54,"NULISA",129,"",0.745942387614808,"Non significant"
"cor691","OSMR",0.0779032716780299,0.575529407805518,54,"NULISA",128,"",0.729239802863021,"Non significant"
"cor249","HLA-DRA",0.0803100546332806,0.563749828637826,54,"NULISA",127,"",0.72058248773256,"Non significant"
"cor166","IL16",0.0818513074890977,0.556266177385771,54,"NULISA",126,"",0.719127377608982,"Non significant"
"cor173","MICA",0.0831507310301547,0.549993525066021,54,"NULISA",125,"",0.716466661005545,"Non significant"
"cor1210","IL19",0.0835098825406672,0.548265795854594,54,"NULISA",124,"",0.716466661005545,"Non significant"
"cor561","GZMB",0.0863764781039945,0.534569855235616,54,"NULISA",123,"",0.701751933513936,"Non significant"
"cor163","SIRPA",0.0868128577744462,0.532499732435679,54,"NULISA",122,"",0.701743833442368,"Non significant"
"cor911","IL6",0.0879817882875056,0.526973975663295,54,"NULISA",121,"",0.697164014496187,"Non significant"
"cor841","CCL1",0.0894510730954293,0.520068929195376,54,"NULISA",120,"",0.693425238927168,"Non significant"
"cor214","CD200",0.0921030463788599,0.507721438585875,54,"NULISA",119,"",0.687750155853377,"Non significant"
"cor681","TSLP",0.0932092614003121,0.502615469755178,54,"NULISA",118,"",0.683557038867042,"Non significant"
"cor491","PTX3",0.0939682081830536,0.49912769855624,54,"NULISA",117,"",0.681539829353902,"Non significant"
"cor147","CCL7",0.0951976783582205,0.49350422284053,54,"NULISA",116,"",0.676578370023307,"Non significant"
"cor223","MPO",0.0972519840037201,0.484182035038436,54,"NULISA",115,"",0.666485392360601,"Non significant"
"cor1910","LCN2",0.0987609322093208,0.477394138823994,54,"NULISA",114,"",0.659813037399017,"Non significant"
"cor203","VCAM1",0.101757593025896,0.464065133721099,54,"NULISA",113,"",0.654697699025617,"Non significant"
"cor601","CALCA",0.105539626858818,0.447534063221816,54,"NULISA",112,"",0.63665933680091,"Non significant"
"cor106","TNFRSF13B",0.106004292364408,0.445525707349004,54,"NULISA",111,"",0.63665933680091,"Non significant"
"cor128","CST7",0.108537726449461,0.434663949481243,54,"NULISA",110,"",0.626414958562722,"Non significant"
"cor174","FGF23",0.114520060677338,0.40961363123564,54,"NULISA",109,"",0.610827344825078,"Non significant"
"cor170","LILRB2",0.116530025120974,0.401388125403358,54,"NULISA",108,"",0.601198073291373,"Non significant"
"cor126","IL4R",0.117875348673034,0.395936770498808,54,"NULISA",107,"",0.598304453198198,"Non significant"
"cor158","CCL14",0.118802386071954,0.392205740205675,54,"NULISA",106,"",0.595312284240756,"Non significant"
"cor771","KITLG",0.119570873245543,0.389128576123083,54,"NULISA",105,"",0.593290205748198,"Non significant"
"cor176","VEGFC",0.121755833348204,0.380457864826968,54,"NULISA",104,"",0.587980336550769,"Non significant"
"cor250","CCL13",0.122492739926773,0.377559746482954,54,"NULISA",103,"",0.586165816457554,"Non significant"
"cor810","FLT3LG",0.122762604908961,0.376501730278223,54,"NULISA",102,"",0.586165816457554,"Non significant"
"cor178","HAVCR1",0.128330295052958,0.355071513390002,54,"NULISA",101,"",0.561508439779538,"Non significant"
"cor661","CHI3L1",0.128593900931203,0.354075786177822,54,"NULISA",100,"",0.561508439779538,"Non significant"
"cor441","TNFSF9",0.135676205087553,0.327967323093698,54,"NULISA",99,"",0.523515914797452,"Non significant"
"cor171","MMP12",0.140246999990729,0.311779077090212,54,"NULISA",98,"",0.500023048163547,"Non significant"
"cor751","AGRP",0.150724747283642,0.276635151255305,54,"NULISA",97,"",0.44788548298478,"Non significant"
"cor1610","MMP8",0.154818639804541,0.263645824051652,54,"NULISA",96,"",0.4288975128113,"Non significant"
"cor118","ICAM1",0.155090328879735,0.262798498373735,54,"NULISA",95,"",0.4288975128113,"Non significant"
"cor132","TNFRSF14",0.156086094802664,0.25970858641854,54,"NULISA",94,"",0.426574489769582,"Non significant"
"cor187","CCL15",0.156877776496759,0.257269452435114,54,"NULISA",93,"",0.424780553548118,"Non significant"
"cor761","IFNB1",0.159421437353468,0.249537234583085,54,"NULISA",92,"",0.415895390971808,"Non significant"
"cor104","TNFRSF18",0.160279613737195,0.24696449851403,54,"NULISA",91,"",0.413635120663892,"Non significant"
"cor1510","CCL20",0.162067936481344,0.241661382810125,54,"NULISA",90,"",0.410824350777212,"Non significant"
"cor99","IL20",0.162178812832254,0.241335170293252,54,"NULISA",89,"",0.410824350777212,"Non significant"
"cor231","IL4",0.165104416074833,0.232836257287201,54,"NULISA",88,"",0.405970910141786,"Non significant"
"cor271","TNFSF4",0.169764659647748,0.219728043882641,54,"NULISA",87,"",0.386442387558672,"Non significant"
"cor2010","ICOSLG",0.176476055922989,0.201767939448439,54,"NULISA",86,"",0.36009463197161,"Non significant"
"cor102","SPP1",0.176541077047747,0.201599182029593,54,"NULISA",85,"",0.36009463197161,"Non significant"
"cor247","OSM",0.180196906188149,0.192270931967213,54,"NULISA",84,"",0.351462993918561,"Non significant"
"cor711","PDCD1LG2",0.180334539465987,0.191925867990741,54,"NULISA",83,"",0.351462993918561,"Non significant"
"cor144","CCL22",0.180882671911416,0.190556017510096,54,"NULISA",82,"",0.351462993918561,"Non significant"
"cor140","IL13",0.186575314009613,0.176740895449777,54,"NULISA",81,"",0.331999472115604,"Non significant"
"cor213","TNFRSF21",0.19574092030252,0.156043963783269,54,"NULISA",80,"",0.294749709368398,"Non significant"
"cor224","CSF1",0.203442343134653,0.140081259119062,54,"NULISA",79,"",0.267570944384725,"Non significant"
"cor281","FGF21",0.203725290809534,0.139518955968333,54,"NULISA",78,"",0.267570944384725,"Non significant"
"cor521","IL17RA",0.205658195720554,0.13572271387589,54,"NULISA",77,"",0.262191606351151,"Non significant"
"cor251","CCL4",0.206467901466638,0.134155665133982,54,"NULISA",76,"",0.261823400599798,"Non significant"
"cor421","IL12RB1",0.209558726702393,0.128298614546472,54,"NULISA",75,"",0.252147566160697,"Non significant"
"cor202","C1QA",0.210553458676541,0.126455276288367,54,"NULISA",74,"",0.249969732197935,"Non significant"
"cor143","TNFRSF13C",0.212305241731336,0.12325781454725,54,"NULISA",73,"",0.2465156290945,"Non significant"
"cor201","BMP7",0.219684113940418,0.110458676817117,54,"NULISA",72,"",0.228999695840365,"Non significant"
"cor208","IL10RB",0.221536480340808,0.107411638756754,54,"NULISA",71,"",0.224048817038628,"Non significant"
"cor216","CTSS",0.221738611782398,0.107083094331676,54,"NULISA",70,"",0.224048817038628,"Non significant"
"cor311","IL15RA",0.223622041915952,0.104058806677752,54,"NULISA",69,"",0.221124964190224,"Non significant"
"cor227","MMP9",0.223812725312551,0.103756330204602,54,"NULISA",68,"",0.221124964190224,"Non significant"
"cor245","CSF1R",0.224300154055227,0.102986216598366,54,"NULISA",67,"",0.221124964190224,"Non significant"
"cor217","PDCD1",0.228144467236356,0.0970660969174965,54,"NULISA",66,"",0.210206834088846,"Non significant"
"cor671","CCL27",0.228355296384026,0.0967492346525552,54,"NULISA",65,"",0.210206834088846,"Non significant"
"cor123","CXCL13",0.233631433644066,0.0890780869998473,54,"NULISA",64,"",0.196665906363299,"Non significant"
"cor1410","CD93",0.239232061119271,0.081464378711335,54,"NULISA",63,"",0.181031952691855,"Non significant"
"cor124","IL1RN",0.239279636057728,0.0814019733169664,54,"NULISA",62,"",0.181031952691855,"Non significant"
"cor241","TNFSF18",0.244970077365318,0.0742052524475234,54,"NULISA",61,"",0.168198572214386,"Non significant"
"cor172","IL17C",0.245556779788296,0.0734929110479407,54,"NULISA",60,"",0.167701944673153,"Non significant"
"cor1110","KDR",0.247441823157159,0.0712408771232442,54,"NULISA",59,"",0.163661474472318,"Non significant"
"cor240","CD27",0.248323649124876,0.0702063979629981,54,"NULISA",58,"",0.162382144948431,"Non significant"
"cor237","CCL2",0.250156832945385,0.068094170038342,54,"NULISA",57,"",0.158575464472851,"Non significant"
"cor205","CXCL11",0.259586595980169,0.0580175475036491,54,"NULISA",56,"",0.136985876050283,"Non significant"
"cor226","TNFSF11",0.259603916195146,0.0580002129600365,54,"NULISA",55,"",0.136985876050283,"Non significant"
"cor135","TNFRSF4",0.263775875619508,0.053944916046952,54,"NULISA",54,"",0.130974492074877,"Non significant"
"cor230","CCL23",0.266870440641008,0.0510878304309073,54,"NULISA",53,"",0.12496303846409,"Non significant"
"cor105","TNFSF8",0.272427474845195,0.046266542288336,54,"NULISA",52,"",0.11566635572084,"Non significant"
"cor167","GZMA",0.278008890799447,0.0418050268329598,54,"NULISA",51,"",0.106072456143331,"Non significant"
"cor511","AGER",0.28084703797577,0.0396756912278777,54,"NULISA",50,"",0.101426579078785,"Non significant"
"cor183","LAMP3",0.283928994281401,0.0374654573731593,54,"NULISA",49,"",0.0972385916555279,"Non significant"
"cor95","IL2RA",0.285483690079093,0.0363897030740982,54,"NULISA",48,"",0.0959108453115766,"Non significant"
"cor218","MMP3",0.286379162619366,0.0357817752529439,54,"NULISA",47,"",0.0950453405156321,"Non significant"
"cor152","IL17A",0.289528890410735,0.0337098717701714,54,"NULISA",46,"",0.0909631460464942,"Non significant"
"cor710","TNFSF10",0.294238463189289,0.0307984042271028,54,"NULISA",45,"",0.0837716594977197,"Non significant"
"cor119","NCR1",0.315821901928807,0.0199975935543782,54,"NULISA",44,"",0.055277900882021,"Non significant"
"cor2210","SLAMF1",0.316857894652435,0.0195725608976356,54,"NULISA",43,"",0.0545464811901321,"Non significant"
"cor321","TNFRSF1A",0.321846126636233,0.0176317047037113,54,"NULISA",42,"",0.0495436330517508,"p.BH < 0.05"
"cor180","TNFRSF11A",0.330515358069546,0.0146473768059543,54,"NULISA",41,"",0.0418496480170122,"p.BH < 0.05"
"cor851","TNFRSF9",0.334930740231336,0.0133012942602635,54,"NULISA",40,"",0.0383257631227932,"p.BH < 0.05"
"cor610","CCL21",0.335221770692893,0.0132164269101783,54,"NULISA",39,"",0.0383257631227932,"p.BH < 0.05"
"cor1100","CD274",0.348560774542922,0.00979405972318905,54,"NULISA",38,"",0.0289563504859502,"p.BH < 0.05"
"cor2310","TNFRSF8",0.367381295970005,0.00627979604836457,54,"NULISA",37,"",0.0192354113193149,"p.BH < 0.05"
"cor146","IFNA2",0.367478712212463,0.00626494258654062,54,"NULISA",36,"",0.0192354113193149,"p.BH < 0.05"
"cor121","IL3RA",0.373789998213899,0.00536572373820412,54,"NULISA",35,"",0.016737119917334,"p.BH < 0.05"
"cor191","CX3CL1",0.376906011817805,0.00496504910964703,54,"NULISA",34,"",0.0156307101599999,"p.BH < 0.05"
"cor431","KLRK1",0.379584933225058,0.00464182384705932,54,"NULISA",33,"",0.0147497206355156,"p.BH < 0.05"
"cor229","CTLA4",0.380031820730147,0.00458974391054755,54,"NULISA",32,"",0.0147218200904355,"p.BH < 0.05"
"cor461","FASLG",0.381470374058515,0.00442556719119128,54,"NULISA",31,"",0.014330408047667,"p.BH < 0.05"
"cor168","IFNL2; IFNL3",0.382923946845121,0.00426494548048043,54,"NULISA",30,"",0.0139430909938783,"p.BH < 0.05"
"cor113","CD80",0.389317328966499,0.0036177907769326,54,"NULISA",29,"",0.0119422219821076,"p.BH < 0.05"
"cor510","IL2RB",0.398851405075206,0.00281347935336439,54,"NULISA",28,"",0.00937826451121464,"p.BH < 0.05"
"cor153","IL5",0.402912957588844,0.00252204696570722,54,"NULISA",27,"",0.00849005909247974,"p.BH < 0.05"
"cor232","S100A9",0.403238739414749,0.00249987576519822,54,"NULISA",26,"",0.00849005909247974,"p.BH < 0.05"
"cor114","CD83",0.407867453780705,0.00220303850953025,54,"NULISA",25,"",0.00756599084081096,"p.BH < 0.05"
"cor581","IL10",0.427785843531658,0.00125251920235004,54,"NULISA",24,"",0.00439027349277334,"p.BH < 0.05"
"cor156","TNFSF14",0.443144686087739,0.000791217393945147,54,"NULISA",23,"",0.0028022282702224,"p.BH < 0.05"
"cor186","TNFRSF1B",0.443496756210357,0.000782731801996279,54,"NULISA",22,"",0.00280135592293405,"p.BH < 0.05"
"cor127","IFNA1; IFNA13",0.455337989301408,0.000540952150336808,54,"NULISA",21,"",0.00195663543738845,"p.BH < 0.05"
"cor206","IFNW1",0.462788243115655,0.000425794379212244,54,"NULISA",20,"IFNW1",0.00155666762292648,"p.BH < 0.05"
"cor721","CSF2",0.483012777883149,0.000216157407148419,54,"NULISA",19,"CSF2",0.000807621081653432,"p.BH < 0.05"
"cor93","IFNL1",0.489389483487388,0.000173016828280807,54,"NULISA",18,"IFNL1",0.000653619129060828,"p.BH < 0.05"
"cor741","LAG3",0.492678033971756,0.000153986184288568,54,"NULISA",17,"LAG3",0.000588261827619249,"p.BH < 0.05"
"cor471","IL15",0.492811906710402,0.000153253619860913,54,"NULISA",16,"IL15",0.000588261827619249,"p.BH < 0.05"
"cor155","CCL8",0.494455030820328,0.000144517939644292,54,"NULISA",15,"CCL8",0.000564782752632865,"p.BH < 0.05"
"cor101","IL2",0.558456276087504,1.14279724178708e-05,54,"NULISA",14,"IL2",4.73842758789765e-05,"p.BH < 0.05"
"cor185","IL18BP",0.561441534161183,1.00205692873783e-05,54,"NULISA",13,"IL18BP",4.20616488606004e-05,"p.BH < 0.05"
"cor162","CCL3",0.573735595217564,5.75312360506848e-06,54,"NULISA",12,"CCL3",2.4450775321541e-05,"p.BH < 0.05"
"cor94","TNF",0.573775065479653,5.74267572104907e-06,54,"NULISA",11,"TNF",2.4450775321541e-05,"p.BH < 0.05"
"cor451","IL12B",0.588666936668187,2.84317904104172e-06,54,"NULISA",10,"IL12B",1.23933445378742e-05,"p.BH < 0.05"
"cor151","CCL19",0.589627166290439,2.71390161507961e-06,54,"NULISA",9,"CCL19",1.19834616769749e-05,"p.BH < 0.05"
"cor100","IL17A|IL17F",0.603097636408262,1.3902261186018e-06,54,"NULISA",8,"IL17A|IL17F",6.21943263585017e-06,"p.BH < 0.05"
"cor142","CXCL9",0.606588524351727,1.1630786752019e-06,54,"NULISA",7,"CXCL9",5.27262332758195e-06,"p.BH < 0.05"
"cor199","IL23",0.609518952211485,9.99661848699697e-07,54,"NULISA",6,"IL23",4.59304092645807e-06,"p.BH < 0.05"
"cor164","IL27",0.716956142787844,1.07395565915009e-09,54,"NULISA",5,"IL27",5.53249885016712e-09,"p.BH < 0.05"
"cor1810","CXCL10",0.736207988812299,2.24253951630038e-10,54,"NULISA",4,"CXCL10",1.19134911803458e-09,"p.BH < 0.05"
"cor107","LTA",0.758441312345552,3.07671317015113e-11,54,"NULISA",3,"LTA",1.66044837754188e-10,"p.BH < 0.05"
"cor571","IL12p70",0.783527098376907,2.49251162917319e-12,54,"NULISA",2,"IL12p70",1.41242325653147e-11,"p.BH < 0.05"
"cor381","IL22",0.807460089082765,1.62877279758817e-13,54,"NULISA",1,"IL22",9.71548686280661e-13,"p.BH < 0.05"
