"","Var","IFNgHIGH","IFNgLOW","IFNgHIGH_n","IFNgLOW_n","OR_CI","P_value","OR","CI_lower","CI_upper","IFNgHIGH_outcome_n","IFNgLOW_outcome_n","CI_upper_lim","Var_test"
"1","Antibiotics pre-partum","n=19 (0.24)","n=23 (0.29)",79,80,"0.79 (0.36-1.69)",0.59018,0.79,0.36,1.69,"0.24","0.29",1.69,"IFNgHIGH Antibiotics pre-partum: 24%
IFNgLOW Antibiotics pre-partum: 29%"
"2","Antibiotics at birth","n=0 (0)","n=1 (0.01)",79,80,"0.00 (0.00-39.49)",1,0,0,39.49,"0","0.01",7,"IFNgHIGH Antibiotics at birth: 0%
IFNgLOW Antibiotics at birth: 1%"
"3","Vaginal","n=53 (0.67)","n=56 (0.7)",79,80,"0.87 (0.42-1.80)",0.73458,0.87,0.42,1.8,"0.67","0.7",1.8,"IFNgHIGH Vaginal: 67%
IFNgLOW Vaginal: 70%"
"4","Female","n=34 (0.43)","n=43 (0.54)",79,80,"0.65 (0.33-1.27)",0.20545,0.65,0.33,1.27,"0.43","0.54",1.27,"IFNgHIGH Female: 43%
IFNgLOW Female: 54%"
"5","allergy_asthma_eczema","n=13 (0.16)","n=9 (0.11)",79,80,"1.55 (0.57-4.40)",0.36774,1.55,0.57,4.4,"0.16","0.11",4.4,"IFNgHIGH allergy_asthma_eczema: 16%
IFNgLOW allergy_asthma_eczema: 11%"
"6","Asthma","n=4 (0.05)","n=6 (0.07)",79,80,"0.66 (0.13-2.91)",0.74586,0.66,0.13,2.91,"0.05","0.07",2.91,"IFNgHIGH Asthma: 5%
IFNgLOW Asthma: 7%"
"7","allergy_eczema","n=11 (0.14)","n=3 (0.04)",79,80,"4.12 (1.03-23.93)",0.02711,4.12,1.03,23.93,"0.14","0.04",7,"IFNgHIGH allergy_eczema: 14%
IFNgLOW allergy_eczema: 4%"
"8","Eczema","n=3 (0.04)","n=1 (0.01)",79,80,"3.10 (0.24-165.60)",0.36706,3.1,0.24,165.6,"0.04","0.01",7,"IFNgHIGH Eczema: 4%
IFNgLOW Eczema: 1%"
"9","Allergy","n=9 (0.11)","n=2 (0.03)",79,80,"4.97 (0.98-48.80)",0.03169,4.97,0.98,48.8,"0.11","0.03",7,"IFNgHIGH Allergy: 11%
IFNgLOW Allergy: 3%"
