"","cytokine","mean","var","sd","index_of_dispersion","BinGroupStr","BinGroupNumeric","Assay","r2","r2_cytokine_MoD_adjusted","r2_cytokine_group_adjusted","r2_cytokine_sex_adjusted","var_unexplained"
"1","olink_4E_BP1",10.7020998933234,3.030594991147,1.7408604169051,0.283177602653257,"CB_to_6m",5,"4E-BP1",0.0303193684846792,0.0235543291128767,0.0188864396780797,0.000459513724390872,0.969680631515321
"2","olink_ADA",7.18784442111237,0.939165648539439,0.969105592048379,0.130660263845012,"CB_to_6m",5,"ADA",0.00489931218273751,0.00193362444270066,0.00243833834052618,0.0019913112574199,0.995100687817262
"3","olink_ARTN",2.04879383087401,0.14835956350545,0.385174718154567,0.0724131248687724,"CB_to_6m",5,"ARTN",0.0162114011871414,0.00602025666072179,0.00321028628869843,0.000195462450200329,0.983788598812859
"4","olink_AXIN1",4.00802757190232,2.09227819376735,1.44647094466752,0.522021906344896,"CB_to_6m",5,"AXIN1",0.00256210097545651,0.00080100216495331,0.00231278799961124,0.000214763920076325,0.997437899024543
"5","olink_Beta_NGF",2.05510104716652,0.069696698940547,0.264001323747717,0.0339140009862978,"CB_to_6m",5,"Beta-NGF",0.00315552671810854,0.000394520522664288,0.00311328790997895,2.49287163115838e-05,0.996844473281891
"6","olink_CASP_8",3.56364122165886,1.34325509800844,1.15898882566159,0.376933314679518,"CB_to_6m",5,"CASP-8",0.00685257617977958,0.00592515970281085,0.00343677485334166,0.000132251025079666,0.99314742382022
"7","olink_CCL11",6.57923629398411,1.46774846942594,1.21150669392535,0.223087970068504,"CB_to_6m",5,"CCL11",0.0054568338901489,0.00451499922081418,0.0002650279273994,0.000429023099669373,0.994543166109851
"8","olink_CCL19",9.97048738365494,2.29944090263295,1.51639074866373,0.230624724163688,"CB_to_6m",5,"CCL19",0.0398642680685298,0.00317795139046467,0.0167375055934378,0.00591922337690268,0.96013573193147
"9","olink_CCL20",8.723041861521,4.18778986454045,2.04640901692219,0.480083660152268,"CB_to_6m",5,"CCL20",0.0386148540034019,7.52299370634715e-05,0.0344116645224899,0.000514646691088777,0.961385145996598
"10","olink_CCL23",10.3661433105039,3.16342178241277,1.77860107455629,0.305168632890432,"CB_to_6m",5,"CCL23",0.0431773296506499,0.00181026889510041,0.0237611028938787,0.00252395172046709,0.95682267034935
"11","olink_CCL25",7.10194792281498,1.46883548430261,1.2119552319713,0.206821494647121,"CB_to_6m",5,"CCL25",0.0141817543408537,1.82047914137531e-05,0.00835121656854158,0.00434288153712391,0.985818245659146
"12","olink_CCL28",2.82305872871737,0.784626369761451,0.885791380496249,0.277934837762989,"CB_to_6m",5,"CCL28",0.0363350628315978,0.000569739441546147,0.0330486332646271,0.00103620889356103,0.963664937168402
"13","olink_CCL3",6.24606329427629,1.16726022410368,1.08039817849887,0.186879346095215,"CB_to_6m",5,"CCL3",0.00713762651287852,0.00571208560659255,0.00175162764325845,0.00101173738097186,0.992862373487121
"14","olink_CCL4",7.44138375709421,1.53064258906939,1.23719141165359,0.205693274132,"CB_to_6m",5,"CCL4",0.0166536079289629,0.0070693256413578,0.0026781512573761,0.000445052115602199,0.983346392071037
"15","olink_CD244",7.34250439273553,0.763289917785398,0.873664648355076,0.103954982790419,"CB_to_6m",5,"CD244",0.0277461213814134,0.00155290689007704,0.0158428805148791,0.000833112693506204,0.972253878618587
"16","olink_CD40",12.3352640692395,1.01686788933379,1.00839867578939,0.0824358427696379,"CB_to_6m",5,"CD40",0.00457691712875473,0.00172491075242033,0.00292528988611206,0.00118556004829408,0.995423082871245
"17","olink_CD5",6.97429342792281,0.705331505082725,0.839840166390442,0.101133041271078,"CB_to_6m",5,"CD5",0.0716639737890074,0.0121639631170347,0.0286090946592041,0.0016323877612899,0.928336026210993
"18","olink_CD6",6.16765930760499,2.35202493554287,1.53363129061156,0.38134806386642,"CB_to_6m",5,"CD6",0.0375383141830363,0.0130055491637863,0.00861723492424626,7.79189961365445e-07,0.962461685816964
"19","olink_CD8A",11.3771186677116,1.99589592064963,1.41276180605565,0.175430702530511,"CB_to_6m",5,"CD8A",0.166775807953719,0.0131987235439678,0.0731880874385659,0.0144557397369847,0.833224192046281
"20","olink_CDCP1",3.37036958569807,1.15908831066077,1.07660963708336,0.343905403009592,"CB_to_6m",5,"CDCP1",0.00535975061401045,0.00177934463534301,0.000696450116856359,0.00066388196641023,0.99464024938599
"21","olink_CSF_1",10.9028196481271,0.960071790493342,0.979832531861104,0.0880572018503729,"CB_to_6m",5,"CSF-1",0.00399064534663024,0.00031035706672531,0.000426987035803159,0.00231547533770299,0.99600935465337
"22","olink_CST5",7.43450616912599,1.3489576411234,1.16144635740244,0.181445493545402,"CB_to_6m",5,"CST5",0.053609323169863,0.00038000842599132,0.0355141377122191,0.0040627928495022,0.946390676830137
"23","olink_CX3CL1",6.73917131636187,1.32539109794095,1.15125631287778,0.196669744056374,"CB_to_6m",5,"CX3CL1",0.0225712511958435,0.000175788227040258,0.0195986932992449,0.00116845097913407,0.977428748804157
"24","olink_CXCL1",9.51178392956757,2.08584892435561,1.44424683636683,0.219291033080735,"CB_to_6m",5,"CXCL1",0.0210045216075095,-8.48160963499295e-05,0.0163425147863577,0.000362900803023449,0.978995478392491
"25","olink_CXCL10",9.02849830741565,5.76228972863869,2.40047697940195,0.63823346169382,"CB_to_6m",5,"CXCL10",0.0561955347183085,0.00212776559053718,0.0364549784553512,0.000271679535316649,0.943804465281691
"26","olink_CXCL11",9.32483239086374,3.51609104418679,1.87512427433138,0.377067479264483,"CB_to_6m",5,"CXCL11",0.00684442469761343,-0.000100349863456912,0.000680074130296595,0.00619271185591294,0.993155575302387
"27","olink_CXCL5",10.1905855217296,3.84382267173042,1.96056692610337,0.377193505077225,"CB_to_6m",5,"CXCL5",0.0379707514954137,0.000795913092848141,0.0271077222622836,0.00999307088336159,0.962029248504586
"28","olink_CXCL6",9.0338449262202,1.76813146397951,1.329711045295,0.195723025845575,"CB_to_6m",5,"CXCL6",7.82288049171714e-05,-3.04785170559772e-05,1.04725365124304e-05,6.42550851039043e-05,0.999921771195083
"29","olink_CXCL9",6.8411658399546,2.83892818200122,1.68491192114046,0.414977249260787,"CB_to_6m",5,"CXCL9",0.0203138949267416,0.000584065726609472,0.0138789009902412,0.000356795736664944,0.979686105073258
"30","olink_DNER",10.4907937514188,0.742237466265598,0.861532045988771,0.070751316235267,"CB_to_6m",5,"DNER",0.00456048261916793,0.000224642425465512,0.003844400522587,0.000472443533984845,0.995439517380832
"31","olink_EN_RAGE",3.09244564131669,1.64896950713252,1.2841220764135,0.533225058219754,"CB_to_6m",5,"EN-RAGE",0.0307289577977546,0.00951702926667737,0.005370629745451,0.00416168808948259,0.969271042202245
"32","olink_FGF_19",7.39983622020431,2.68099555353081,1.63737459169575,0.362304715097706,"CB_to_6m",5,"FGF-19",0.0178534667337092,0.000236308635426282,0.014572981500794,0.000105945337508663,0.982146533266291
"33","olink_FGF_21",4.57105247446084,3.88565561685484,1.97120663981604,0.850057101414737,"CB_to_6m",5,"FGF-21",0.0265947669674471,0.00735449492720876,0.00634701710837248,0.00331758770990219,0.973405233032553
"34","olink_FGF_23",6.42192060076082,4.69136398529623,2.1659556748226,0.730523511103584,"CB_to_6m",5,"FGF-23",0.0228775324475488,0.00060294672744381,0.0162522935396163,7.915481489848e-05,0.977122467552451
"35","olink_FGF_5",2.18261472758229,0.196150881245156,0.442889242638784,0.0898696773032565,"CB_to_6m",5,"FGF-5",0.105786133100635,0.00595731871521174,0.0992475270639936,0.0018108412119316,0.894213866899365
"36","olink_Flt3L",9.77149036322361,1.42108126185805,1.19209112984622,0.145431373212677,"CB_to_6m",5,"Flt3L",0.0313700200665142,0.000605550850624664,0.0233228869284825,0.000219435065958281,0.968629979933486
"37","olink_GDNF",3.47231608399546,0.423628454849532,0.650867463351435,0.122001697023526,"CB_to_6m",5,"GDNF",0.000536915455978775,0.000501031121630018,1.26434830694191e-05,5.99870646212145e-06,0.999463084544021
"38","olink_HGF",9.82517333711691,2.38930577965107,1.54573794016032,0.24318204856752,"CB_to_6m",5,"HGF",0.0210522540650043,0.00170297731105899,0.0104503730673474,0.000199538949681454,0.978947745934996
"39","olink_IFN_gamma",5.83864843927356,13.0972999645653,3.61901919925348,2.24320749926756,"CB_to_6m",5,"IFN-gamma",0.00225028110526853,0.00180028470345315,0.000982910137773514,0.000306816744870546,0.997749718894732
"40","olink_IL_1.alpha",0.841058649262202,2.60376203156791,1.61361768444942,3.09581505861928,"CB_to_6m",5,"IL-1 alpha",0.00352243359691211,2.27826123648462e-05,0.000155312701096122,0.0033024211816436,0.996477566403088
"41","olink_IL_10RA",2.0315706015891,0.0988409324931598,0.314389777971803,0.048652472336352,"CB_to_6m",5,"IL-10RA",0.0172145351618611,0.0108707020511257,0.0105844128832425,0.00182850614121388,0.982785464838139
"42","olink_IL_10RB",7.39988766742338,0.644243477439014,0.802647791648998,0.0870612509802243,"CB_to_6m",5,"IL-10RB",0.0278984792243134,0.00166397181009411,0.0169216720673222,0.00176572590760475,0.972101520775687
"43","olink_IL_12B",7.50246188954552,3.10915557779136,1.76327977864869,0.414418043512342,"CB_to_6m",5,"IL-12B",0.0730229486466759,0.00322867797025107,0.0442653890325701,0.000195346467592297,0.926977051353324
"44","olink_IL_15RA",2.96897283200908,0.597537177368818,0.773005289353713,0.2012605743396,"CB_to_6m",5,"IL-15RA",0.00603621863224998,0.00274676329754053,0.00122987543531942,0.00333876429596086,0.99396378136775
"45","olink_IL_17A",2.89420036803976,0.600719864184307,0.775061200283118,0.207559874160051,"CB_to_6m",5,"IL-17A",0.0143779636093548,0.000353707557148171,0.00900638672093865,0.0014334499682434,0.985622036390645
"46","olink_IL_17C",4.17264598561735,2.72096815745966,1.64953573997645,0.652096575371729,"CB_to_6m",5,"IL-17C",0.017938113558447,0.00624659810399777,0.0130842024391981,0.00344928554766064,0.982061886441553
"47","olink_IL_18R1",9.14399966515323,1.15687789435992,1.07558258370053,0.126517709615481,"CB_to_6m",5,"IL-18R1",0.00287962011131001,-2.93439119616792e-05,0.00120570964758712,0.00153362908560401,0.99712037988869
"48","olink_IL_20",1.81080577752554,0.0154701316389687,0.124378983911948,0.00854323077105961,"CB_to_6m",5,"IL-20",0.00651790449132342,0.00411636671597696,0.00379716049455387,0.00110209961205493,0.993482095508677
"49","olink_IL_20RA",1.9206733030647,0.0161970670094179,0.127267698216861,0.00843301512213101,"CB_to_6m",5,"IL-20RA",0.00584447253149035,0.00380163958013808,0.00364077184905942,0.000522376479314102,0.99415552746851
"50","olink_IL_22.RA1",NA,NA,NA,NA,"CB_to_6m",5,"IL-22 RA1",0.0148997717232934,0.00074482840624396,0.0122537610714222,0.00204603794612035,0.985100228276707
"51","olink_IL_24",NA,NA,NA,NA,"CB_to_6m",5,"IL-24",0.00277080724700256,-3.69325412161669e-05,0.00241241400287644,7.68467215927814e-05,0.997229192752997
"52","olink_IL_2RB",NA,NA,NA,NA,"CB_to_6m",5,"IL-2RB",0.0140234545949765,0.00536381436679679,0.0122054152455997,0.000936455730421469,0.985976545405023
"53","olink_IL10",5.19777539057344,2.17204975640226,1.47378755470463,0.41788064954508,"CB_to_6m",5,"IL10",0.00172727194954422,4.69628734959028e-05,4.4535684313525e-05,0.00157942168415526,0.998272728050456
"54","olink_IL13",1.98817534606747,0.0254839742473542,0.159637007762468,0.0128177699707224,"CB_to_6m",5,"IL13",0.00746791901146565,0.00259761685266604,0.00688531317815345,0.000309998110682602,0.992532080988534
"55","olink_IL18",NA,NA,NA,NA,"CB_to_6m",5,"IL18",0.0228690461695701,0.000457466885071537,0.0188662082106017,0.000810014191522143,0.97713095383043
"56","olink_IL2",2.2856884676504,0.00235681134162646,0.0485470013659593,0.00103111660883916,"CB_to_6m",5,"IL2",0.00271360434160251,0.000554470527692536,0.000904092265339017,0.000106140888565502,0.997286395658397
"57","olink_IL33",2.48736555051078,0.059928333492453,0.244802641922944,0.024093094591644,"CB_to_6m",5,"IL33",0.0347435749121582,0.00832171634778362,0.0345282924498352,2.63841487609107e-07,0.965256425087842
"58","olink_IL4",2.03715475595914,0.047365983569514,0.217637275229943,0.0232510482725761,"CB_to_6m",5,"IL4",0.00928941606410763,0.00230972985893001,0.00911902784270809,8.54999784425502e-05,0.990710583935892
"59","olink_IL5",2.14512402951192,0.0311837700029489,0.176589269218005,0.014537047543141,"CB_to_6m",5,"IL5",0.00521909754906261,0.00360130561724504,6.00051354012294e-05,0.000465848827379273,0.994780902450937
"60","olink_IL6",5.51631645299941,4.64762688039133,2.15583554112816,0.842523615167919,"CB_to_6m",5,"IL6",0.0120431644257676,0.00823190429138878,0.000164830670991774,0.00217996752863212,0.987956835574232
"61","olink_IL7",2.91360301630922,0.612177571285736,0.782417772859063,0.210110151540551,"CB_to_6m",5,"IL7",0.0443715872114299,0.00714577451884341,0.0442126040386398,0.000214879075818304,0.95562841278857
"62","olink_IL8",7.76419264472191,3.08420034279981,1.75618915347972,0.397233876582963,"CB_to_6m",5,"IL8",0.114205855641471,0.00854908836721674,0.109156280596991,0.00324331072780952,0.885794144358529
"63","olink_LAP.TGF_beta_1",8.56331044835414,0.700116178780168,0.836729453754418,0.0817576547063909,"CB_to_6m",5,"LAP TGF-beta-1",0.0132313088635875,0.000544415104535477,0.01143508010466,0.00123121429652476,0.986768691136413
"64","olink_LIF",1.95825364416579,1.20494894352179,1.09770166417009,0.615318116277576,"CB_to_6m",5,"LIF",0.0343208747964295,0.0314670305006096,0.00482429400628541,0.00167370632144826,0.96567912520357
"65","olink_LIF_R",4.50453350170261,0.845842086322639,0.919696736061752,0.187775734380248,"CB_to_6m",5,"LIF-R",0.000733862714046649,0.000275087104700153,6.80738805818237e-05,0.000280496690122956,0.999266137285953
"66","olink_MCP_1",13.4048988876277,1.23973358004512,1.1134332400486,0.0924836203866752,"CB_to_6m",5,"MCP-1",0.0849476837193616,0.00141445589281036,0.0765351736407362,0.000929176198915138,0.915052316280638
"67","olink_MCP_2",8.60079269012486,1.35499508509565,1.16404256154818,0.157543046776539,"CB_to_6m",5,"MCP-2",0.0131948216094204,4.98434798566587e-06,0.00956980559970528,0.00125213730444654,0.98680517839058
"68","olink_MCP_3",3.1798222985244,0.713300620228374,0.844571264150263,0.224320906410204,"CB_to_6m",5,"MCP-3",0.0185159791587259,0.00269236780283068,0.0184604582564335,7.62620118341696e-05,0.981484020841274
"69","olink_MCP_4",14.2101040635641,2.16097067988387,1.47002404058024,0.152072825801802,"CB_to_6m",5,"MCP-4",0.00732115183653168,-2.53549983034625e-05,0.00182418901956046,0.00463391333549879,0.992678848163468
"70","olink_MMP_1",10.6418942111237,2.90942158359855,1.70570266564796,0.273393206686588,"CB_to_6m",5,"MMP-1",0.00533213619414844,0.0014029051711241,0.00177612562989592,0.000165698709841035,0.994667863805852
"71","olink_MMP_10",10.103728093076,1.34783428362022,1.16096265384388,0.133399698725451,"CB_to_6m",5,"MMP-10",0.0947160575929992,0.000227494560762473,0.071483142069796,0.000728917012679062,0.905283942407001
"72","olink_NRTN",1.84769748013621,0.00665727305591582,0.0815921139321431,0.00360301030200304,"CB_to_6m",5,"NRTN",0.0103260462030362,0.00710274641462263,1.02867739430936e-05,0.000846940752927027,0.989673953796964
"73","olink_NT_3",3.39915260499432,0.599874039290057,0.774515357685086,0.176477525136315,"CB_to_6m",5,"NT-3",0.0461740147997256,0.00751205046754305,0.043421979353023,0.00252364967643332,0.953825985200274
"74","olink_OPG",10.3357150851305,1.45877696046377,1.20779839396473,0.141139432390357,"CB_to_6m",5,"OPG",0.00450310768809507,0.000740744636667377,0.00410665619021478,0.000369841020197313,0.995496892311905
"75","olink_OSM",5.33883053916005,4.10001040527519,2.02484824252959,0.767960394172811,"CB_to_6m",5,"OSM",0.153928353852279,0.0122635212353512,0.0836297348100738,7.37353724898637e-05,0.846071646147721
"76","olink_PD_L1",7.1142390917688,0.954024484553374,0.976741769636875,0.134100705957041,"CB_to_6m",5,"PD-L1",2.04439044283467e-05,-6.92108408529568e-06,3.74694644447343e-06,1.74833774408557e-07,0.999979556095572
"77","olink_SCF",9.08946598183882,1.58962438195878,1.26080307025276,0.174886443838937,"CB_to_6m",5,"SCF",0.00630535751351442,-0.000139502437304594,0.00452486542708208,9.20251056707802e-06,0.993694642486486
"78","olink_SIRT2",6.34872545330634,4.1428175094418,2.03539124235165,0.652543182078266,"CB_to_6m",5,"SIRT2",0.00716141053554039,0.00639995709848142,0.000136569221688361,1.37198192824376e-05,0.99283858946446
"79","olink_SLAMF1",2.29074326315793,0.0451533956500874,0.212493283776423,0.0197112423623766,"CB_to_6m",5,"SLAMF1",0.00593186941500954,0.00270757962060964,0.00124076376413793,0.00329925006056338,0.99406813058499
"80","olink_ST1A1",4.04546125425653,1.45141444692164,1.2047466318366,0.358776009878848,"CB_to_6m",5,"ST1A1",0.0087495642485911,0.000693455483109348,0.00778474672658696,0.000660326564944363,0.991250435751409
"81","olink_STAMBP",7.45699191122072,3.52233923676856,1.87678960908477,0.472353903384073,"CB_to_6m",5,"STAMBP",0.00560738459934366,0.00494855427926155,0.000684924586995481,0.000328145636310561,0.994392615400656
"82","olink_TGF_alpha",4.71403326901249,1.16431556493152,1.07903455224173,0.246989254951826,"CB_to_6m",5,"TGF-alpha",0.0173324925608276,0.00461931216438135,0.0031809621304686,0.00247519325525828,0.982667507439172
"83","olink_TNF",3.44206609945429,3.68652976687054,1.92003379315848,1.07102236283464,"CB_to_6m",5,"TNF",0.00438362804139995,0.00228330276105889,0.00387246018500989,6.48759593561456e-07,0.9956163719586
"84","olink_TNFB",6.21400751418842,1.31249655409165,1.14564241982027,0.211215797711032,"CB_to_6m",5,"TNFB",0.0418345338692168,-0.000333789921938395,0.0288063925236485,0.00191508874153264,0.958165466130783
"85","olink_TNFRSF9",9.23601552213394,1.01587352711746,1.00790551497522,0.109990452558566,"CB_to_6m",5,"TNFRSF9",0.00264650855662812,-7.41147960754951e-05,0.000307191308323978,0.00232719526321019,0.997353491443372
"86","olink_TNFSF14",5.59394226447219,1.46677686546785,1.21110563761707,0.262208080834785,"CB_to_6m",5,"TNFSF14",0.0432089401597,0.00914009234568609,0.0155244545264792,0.000434534145979514,0.9567910598403
"87","olink_TRAIL",8.59550867196368,1.12272305675238,1.0595862667817,0.130617407252978,"CB_to_6m",5,"TRAIL",0.059586743978648,0.000203538113051058,0.0445698729939622,0.000340362947395687,0.940413256021352
"88","olink_TRANCE",6.70963311620778,1.99270562887089,1.41163225695324,0.296991742224671,"CB_to_6m",5,"TRANCE",0.0173227445001101,0.00335665990845347,0.00679616783672948,8.73691900058378e-05,0.98267725549989
"89","olink_TSLP",NA,NA,NA,NA,"CB_to_6m",5,"TSLP",0.0165453770410211,0.00918191200144299,0.0139639294254925,0.000136291307159139,0.983454622958979
"90","olink_TWEAK",9.56323880249716,1.67145014207643,1.29284575339691,0.174778668252013,"CB_to_6m",5,"TWEAK",0.0312210743305304,-0.000274332232059155,0.0226346818316158,0.00018675646116454,0.96877892566947
"91","olink_uPA",11.0297225879682,0.955657554122954,0.977577390349713,0.0866438431702203,"CB_to_6m",5,"uPA",0.00483532700789794,0.000540070698798991,0.00206830066315781,0.00029684216240513,0.995164672992102
"92","olink_VEGFA",11.7402648410897,2.13304961998645,1.46049636082616,0.181686669667025,"CB_to_6m",5,"VEGFA",0.00219065015516115,0.000157103080510832,3.81956552602072e-05,0.00194712848323422,0.997809349844839
