"","cytokine","r2","r2_cytokine_MoD_adjusted","r2_cytokine_group_adjusted","r2_cytokine_sex_adjusted"
"1","olink_CXCL5",0.0379707514954135,0.000795913092847697,0.0271077222622835,0.00999307088336129
"2","olink_TRANCE",0.0173227445001101,0.00335665990845341,0.00679616783672949,8.73691900059974e-05
"3","olink_OSM",0.153928353852279,0.012263521235351,0.0836297348100737,7.37353724906131e-05
"4","olink_Beta_NGF",0.00315552671810853,0.000394520522664293,0.00311328790997893,2.4928716311599e-05
"5","olink_IL_18R1",0.00287962011130999,-2.93439119616887e-05,0.0012057096475871,0.00153362908560398
"6","olink_CCL3",0.00713762651287851,0.00571208560659253,0.0017516276432585,0.0010117373809719
"7","olink_CDCP1",0.00535975061401042,0.00177934463534294,0.000696450116856337,0.000663881966410153
"8","olink_TNFSF14",0.0432089401596998,0.00914009234568555,0.0155244545264791,0.000434534145979708
"9","olink_EN_RAGE",0.0307289577977549,0.00951702926667753,0.00537062974545131,0.00416168808948293
"10","olink_NT_3",0.0461740147997256,0.00751205046754324,0.043421979353023,0.00252364967643361
"11","olink_AXIN1",0.00256210097545654,0.000801002164953331,0.00231278799961127,0.000214763920076372
"12","olink_uPA",0.0048353270078979,0.000540070698798917,0.00206830066315777,0.00029684216240513
"13","olink_CCL23",0.0431773296506498,0.00181026889510041,0.0237611028938786,0.00252395172046735
"14","olink_IL_20RA",0.00584447253149059,0.00380163958013833,0.00364077184905959,0.00052237647931437
"15","olink_MMP_10",0.0947160575929994,0.000227494560762251,0.0714831420697959,0.000728917012678867
"16","olink_IL13",0.00746791901146559,0.00259761685266605,0.0068853131781534,0.000309998110682482
"17","olink_TSLP",0.0165453770410212,0.00918191200144306,0.0139639294254925,0.000136291307159139
"18","olink_MMP_1",0.00533213619414842,0.00140290517112408,0.00177612562989589,0.000165698709841042
"19","olink_GDNF",0.000536915455978776,0.000501031121630018,1.26434830694361e-05,5.99870646213207e-06
"20","olink_MCP_1",0.0849476837193612,0.00141445589281058,0.0765351736407358,0.000929176198914611
"21","olink_4E_BP1",0.0303193684846791,0.0235543291128766,0.0188864396780797,0.000459513724390719
"22","olink_FGF_19",0.0178534667337092,0.000236308635426306,0.014572981500794,0.000105945337508673
"23","olink_CCL11",0.00545683389014891,0.00451499922081419,0.000265027927399517,0.000429023099669369
"24","olink_IL_20",0.00651790449132342,0.00411636671597691,0.00379716049455389,0.00110209961205492
"25","olink_IL_22.RA1",0.0148997717232932,0.000744828406243896,0.012253761071422,0.0020460379461201
"26","olink_CCL28",0.036335062831598,0.00056973944154657,0.0330486332646273,0.00103620889356085
"27","olink_LIF",0.0343208747964297,0.0314670305006097,0.00482429400628558,0.00167370632144874
"28","olink_IL8",0.114205855641471,0.00854908836721796,0.109156280596991,0.00324331072781092
"29","olink_IL_12B",0.0730229486466762,0.00322867797025159,0.0442653890325706,0.000195346467593546
"30","olink_ADA",0.00489931218273748,0.00193362444270062,0.00243833834052616,0.00199131125741984
"31","olink_SCF",0.00630535751351441,-0.000139502437304586,0.00452486542708208,9.20251056711011e-06
"32","olink_ST1A1",0.00874956424859113,0.000693455483109374,0.00778474672658698,0.000660326564944282
"33","olink_HGF",0.0210522540650043,0.00170297731105912,0.0104503730673474,0.00019953894968152
"34","olink_IL_2RB",0.0140234545949764,0.00536381436679641,0.0122054152455995,0.000936455730421299
"35","olink_TGF_alpha",0.0173324925608276,0.00461931216438138,0.00318096213046847,0.00247519325525848
"36","olink_IL_24",0.00277080724700258,-3.69325412161391e-05,0.00241241400287646,7.68467215927745e-05
"37","olink_CXCL11",0.00684442469761344,-0.000100349863456892,0.000680074130296597,0.00619271185591295
"38","olink_NRTN",0.0103260462030362,0.00710274641462256,1.02867739433e-05,0.000846940752927018
"39","olink_FGF_21",0.0265947669674472,0.00735449492720895,0.00634701710837263,0.0033175877099022
"40","olink_IL_10RA",0.0172145351618609,0.0108707020511255,0.0105844128832424,0.00182850614121377
"41","olink_STAMBP",0.00560738459934365,0.00494855427926153,0.000684924586995463,0.000328145636310519
"42","olink_CST5",0.0536093231698633,0.00038000842599225,0.0355141377122194,0.00406279284950232
"43","olink_CSF_1",0.00399064534663028,0.000310357066725338,0.000426987035803232,0.00231547533770305
"44","olink_LAP.TGF_beta_1",0.0132313088635875,0.000544415104535378,0.0114350801046599,0.00123121429652484
"45","olink_IL6",0.0120431644257675,0.00823190429138871,0.000164830670991703,0.00217996752863202
"46","olink_IL5",0.00521909754906264,0.00360130561724508,6.0005135401239e-05,0.000465848827379338
"47","olink_FGF_5",0.105786133100635,0.00595731871521221,0.0992475270639933,0.00181084121193165
"48","olink_MCP_4",0.00732115183653159,-2.53549983034815e-05,0.00182418901956034,0.00463391333549871
"49","olink_TNF",0.00438362804139999,0.00228330276105893,0.00387246018500994,6.48759593648192e-07
"50","olink_DNER",0.00456048261916793,0.000224642425465525,0.00384440052258699,0.000472443533984818
"51","olink_IL4",0.00928941606410759,0.00230972985892996,0.00911902784270805,8.54999784425364e-05
"52","olink_CD40",0.00457691712875475,0.00172491075242034,0.00292528988611208,0.00118556004829414
"53","olink_CD6",0.0375383141830364,0.0130055491637862,0.00861723492424625,7.79189961733207e-07
"54","olink_CCL20",0.0386148540034018,7.52299370631732e-05,0.0344116645224898,0.000514646691088527
"55","olink_IL_17C",0.017938113558447,0.00624659810399771,0.0130842024391981,0.00344928554766056
"56","olink_PD_L1",2.04439044283462e-05,-6.92108408529689e-06,3.74694644447286e-06,1.74833774406835e-07
"57","olink_SLAMF1",0.00593186941500949,0.00270757962060965,0.00124076376413788,0.00329925006056334
"58","olink_IL_1.alpha",0.00352243359691209,2.27826123647746e-05,0.000155312701096107,0.00330242118164358
"59","olink_CCL4",0.0166536079289628,0.00706932564135773,0.00267815125737607,0.000445052115602154
"60","olink_TWEAK",0.0312210743305303,-0.000274332232059537,0.0226346818316157,0.000186756461164624
"61","olink_ARTN",0.0162114011871414,0.00602025666072183,0.00321028628869841,0.000195462450200069
"62","olink_CXCL9",0.0203138949267417,0.000584065726609698,0.0138789009902414,0.000356795736665003
"63","olink_CD8A",0.16677580795372,0.0131987235439688,0.0731880874385672,0.0144557397369852
"64","olink_Flt3L",0.0313700200665144,0.000605550850625049,0.0233228869284828,0.000219435065958465
"65","olink_LIF_R",0.000733862714046651,0.000275087104700148,6.80738805818249e-05,0.000280496690122954
"66","olink_OPG",0.00450310768809503,0.000740744636667334,0.00410665619021475,0.000369841020197281
"67","olink_CCL19",0.0398642680685298,0.00317795139046499,0.0167375055934376,0.00591922337690245
"68","olink_TRAIL",0.059586743978648,0.000203538113050523,0.0445698729939622,0.000340362947396061
"69","olink_CD5",0.0716639737890077,0.012163963117035,0.0286090946592045,0.00163238776129072
"70","olink_IL2",0.00271360434160251,0.000554470527692557,0.000904092265339011,0.000106140888565148
"71","olink_MCP_3",0.0185159791587258,0.00269236780283057,0.0184604582564335,7.62620118340517e-05
"72","olink_MCP_2",0.0131948216094203,4.98434798545423e-06,0.0095698055997052,0.00125213730444635
"73","olink_CX3CL1",0.0225712511958436,0.000175788227040456,0.0195986932992449,0.00116845097913444
"74","olink_CASP_8",0.00685257617977953,0.0059251597028108,0.00343677485334163,0.000132251025079545
"75","olink_TNFB",0.0418345338692167,-0.000333789921938665,0.0288063925236483,0.00191508874153277
"76","olink_CXCL6",7.8228804917171e-05,-3.04785170559823e-05,1.04725365124298e-05,6.42550851039042e-05
"77","olink_SIRT2",0.00716141053554034,0.00639995709848137,0.000136569221688369,1.371981928235e-05
"78","olink_IL_10RB",0.0278984792243136,0.00166397181009464,0.0169216720673225,0.00176572590760506
"79","olink_CD244",0.0277461213814133,0.00155290689007679,0.0158428805148789,0.000833112693506333
"80","olink_VEGFA",0.00219065015516117,0.000157103080510877,3.81956552602441e-05,0.00194712848323424
"81","olink_IL18",0.0228690461695701,0.000457466885071495,0.0188662082106017,0.000810014191522053
"82","olink_CXCL1",0.0210045216075095,-8.48160963498844e-05,0.0163425147863577,0.000362900803023532
"83","olink_IL7",0.04437158721143,0.00714577451884342,0.0442126040386399,0.000214879075818145
"84","olink_IL10",0.00172727194954422,4.69628734958917e-05,4.45356843135256e-05,0.00157942168415526
"85","olink_CCL25",0.0141817543408537,1.82047914138034e-05,0.00835121656854157,0.00434288153712393
"86","olink_TNFRSF9",0.00264650855662812,-7.41147960755086e-05,0.000307191308324016,0.0023271952632102
"87","olink_IFN_gamma",0.00225028110526855,0.00180028470345317,0.000982910137773527,0.000306816744870541
"88","olink_CXCL10",0.0561955347183086,0.00212776559053727,0.0364549784553514,0.00027167953531667
"89","olink_FGF_23",0.0228775324475488,0.000602946727443699,0.0162522935396163,7.91548148984453e-05
"90","olink_IL_17A",0.0143779636093549,0.000353707557148322,0.00900638672093878,0.00143344996824344
"91","olink_IL_15RA",0.00603621863224998,0.0027467632975405,0.00122987543531939,0.00333876429596083
"92","olink_IL33",0.0347435749121588,0.00832171634778441,0.0345282924498359,2.63841488455652e-07
