"","Compound","comparison","p_value","p.adj","test"
"1","Palmitic acid","1w_3m",7.53566682548356e-14,7.13319561209997e-13,"lmer (1 | subject)"
"2","3-Hydroxyhexadecanoic acid","1w_3m",1.82774320153658e-07,9.59565180806707e-07,"lmer (1 | subject)"
"3","3-Hydroxytetradecanoic acid","1w_3m",6.12136557309359e-07,2.57097354069931e-06,"lmer (1 | subject)"
"4","Myristic acid","1w_3m",4.25721342401249e-06,1.49002469840437e-05,"lmer (1 | subject)"
"5","3-Hydroxydodecanoic acid","1w_3m",5.76861992185167e-05,0.000151426272948606,"lmer (1 | subject)"
"6","N-acetylglucosamine","1w_3m",0.000498145983882595,0.00104610656615345,"lmer (1 | subject)"
"7","N-acetylmuramic acid","1w_3m",0.0351502241716277,0.041008594866899,"lmer (1 | subject)"
"8","Palmitic acid","CB_1w",2.19943338051398e-14,4.61881009907937e-13,"lmer (1 | subject)"
"9","Myristic acid","CB_1w",1.01902794458571e-13,7.13319561209997e-13,"lmer (1 | subject)"
"10","3-Hydroxydodecanoic acid","CB_1w",0.00194593103363635,0.00314342705433564,"lmer (1 | subject)"
"11","N-acetylmuramic acid","CB_1w",0.00570219236654116,0.00855328854981175,"lmer (1 | subject)"
"12","3-Hydroxytetradecanoic acid","CB_1w",0.0142882180164456,0.0200035052230239,"lmer (1 | subject)"
"13","3-Hydroxyhexadecanoic acid","CB_1w",0.0193656449338524,0.0254174089756813,"lmer (1 | subject)"
"14","N-acetylglucosamine","CB_1w",0.253902156520544,0.253902156520544,"lmer (1 | subject)"
"15","3-Hydroxyhexadecanoic acid","CB_3m",5.70159975161186e-05,0.000151426272948606,"lmer (1 | subject)"
"16","N-acetylmuramic acid","CB_3m",7.20536729096431e-05,0.000168125236789167,"lmer (1 | subject)"
"17","3-Hydroxytetradecanoic acid","CB_3m",0.00172184762548415,0.00314342705433564,"lmer (1 | subject)"
"18","Myristic acid","CB_3m",0.0018949059676887,0.00314342705433564,"lmer (1 | subject)"
"19","N-acetylglucosamine","CB_3m",0.0313908022238757,0.0387768733353758,"lmer (1 | subject)"
"20","Palmitic acid","CB_3m",0.173706170270129,0.191991030298563,"lmer (1 | subject)"
"21","3-Hydroxydodecanoic acid","CB_3m",0.250532975086425,0.253902156520544,"lmer (1 | subject)"
