"","PC1","PC2","PC3","PC4","PC5","PC6","PC7","subject","IFNG_category","BinGroupStr"
"1",-2.19919527343923,-0.242784265338732,-2.64663169938696,0.13808869148477,-0.904085312367904,0.0188177159022046,-0.0665121985950323,42,"IFNgLOW","1w"
"2",1.5715145660803,1.08721728785506,-0.635065022202288,0.462857594597777,-0.0421328170605788,-0.17913182094638,0.24980683064942,45,"IFNgLOW","1w"
"3",1.36885935890006,-0.489610689197999,0.861720682749337,-0.667729165533757,0.0216790573280716,-0.455381732751719,0.318870345918995,162,"IFNgLOW","1w"
"4",-3.12168955228898,0.1585583131793,-2.49849980228886,-0.0147105020473306,-0.116042353929827,-0.317880915074821,0.16066892247484,270,"IFNgHIGH","1w"
"5",-1.25297387911453,-0.370430107795926,-0.121514218699273,-1.04041452863702,-0.459934177979027,0.266814311361567,0.00761788200713937,522,"IFNgHIGH","1w"
"6",-2.14041071195163,-0.314362712479337,0.051425846542338,-0.580146565281936,0.00987566807270435,0.0621749412809557,-0.214135868615299,606,"IFNgHIGH","1w"
"7",3.9815855036926,-0.906846605513096,-0.135755678746838,-0.756494950515104,-0.283452471875877,0.807713110546474,-0.21552472173261,632,"IFNgLOW","1w"
"8",-0.462647036755574,0.613208556116804,-0.67628814144341,0.304870759767461,-0.268802349163414,-0.25463400248084,0.598518709167312,633,"IFNgLOW","1w"
"9",0.482946316901642,0.402134255806296,-0.146311486338523,0.384192158647288,-0.634600496298938,-0.18142821657812,0.0603221934780808,634,"IFNgHIGH","1w"
"10",0.0156394959563868,1.60658805508914,-0.141453574804819,1.26199090831103,0.291209495786365,-0.209311021417082,-0.195741752227845,641,"IFNgLOW","1w"
"11",-0.776827589101345,-2.19478497775107,0.451550589656616,0.874595098927642,0.0572323085789754,-0.877668543984883,-0.158219871989135,652,"IFNgHIGH","1w"
"12",1.76795657254416,-0.552426216386664,1.06352838329023,-0.38986740369389,-0.813669608932224,0.161083365466558,0.335299498854496,653,"IFNgHIGH","1w"
"13",-3.14770509811107,0.342267785057146,-0.579373030676031,0.0574906383241288,0.0444818999757416,-4.45623051305059e-05,-0.0861292645905436,663,"IFNgHIGH","1w"
"14",0.201122523198053,1.00020396166025,-0.0236808720785363,0.873661278440256,0.322948707515189,0.19797214899168,0.0091418823568344,665,"IFNgHIGH","1w"
"15",-1.33740869842001,0.372492580732166,-0.10602799763146,0.361354962519299,0.254044822204605,0.33391138104526,0.0427118848569748,668,"IFNgHIGH","1w"
"16",1.27975786592561,-1.00086017741867,-0.417202104057343,-0.929121317318905,-0.0967495628470677,-0.13697030196611,-0.0279919434534405,677,"IFNgLOW","1w"
"17",0.43780266630067,1.36514497665014,1.81132521395089,-0.504164632996983,0.00238560713448827,0.147625109613781,0.303566888082062,681,"IFNgLOW","1w"
"18",0.153489904149182,0.440400033609112,0.0335462561632208,-0.325693293550141,-0.230672815217876,-0.133236550534192,0.0279737096505069,683,"IFNgHIGH","1w"
"19",-0.531256820961411,-0.48214007501225,1.50628217045519,0.928484120235933,-0.411483035971672,0.216726124587281,-0.0598283845001213,685,"IFNgHIGH","1w"
"20",2.6770013255128,-0.27738651568472,0.438157919540676,1.23874199509357,-0.386346183362752,0.503147208709077,0.0506009446121905,690,"IFNgLOW","1w"
"21",0.402746017888257,-0.961941691136619,0.86534797410456,0.0686111290572714,0.427481973394256,0.0324062789288804,-0.219772734387185,699,"IFNgLOW","1w"
"22",-1.43641510998568,0.380580271013205,0.031606937458674,0.209450791121822,0.346136138433144,0.153627501029562,-0.0289823769164213,716,"IFNgHIGH","1w"
"23",-0.0793335255122374,1.87106042026574,-0.893589015890056,-0.0278172100207239,0.451756686307457,0.188297278738518,0.119052413688875,718,"IFNgHIGH","1w"
"24",-0.553190283955096,1.2371872715813,0.794112194285119,-1.39318752059957,0.488613767275969,-0.0348770203405288,-0.134866581527324,725,"IFNgHIGH","1w"
"25",-0.752955907405693,-1.59275696343693,-0.321977665943166,1.094454571884,-0.465571532127534,-0.093365510629184,-0.00551269297663295,730,"IFNgLOW","1w"
"26",-0.928300280461383,-1.53937527407819,0.0406833328652965,-0.107560227533932,0.150164912775369,0.0572577699163151,-0.0793766906294196,734,"IFNgHIGH","1w"
"27",-0.519401252214167,-1.37268026234478,0.562560267955311,0.256144234360336,0.479106996325056,0.0209998502479239,0.0351928329150818,737,"IFNgLOW","1w"
"28",0.208198976507458,0.582550108823866,0.682183449641235,-1.19990834319795,-0.0434294507509285,-0.233608420160638,-0.468993519708701,744,"IFNgLOW","1w"
"29",4.78378746401427,0.946116618551358,-0.852109242676607,-0.610215649524035,0.534615505657444,-0.724141460349453,-0.155524657882616,746,"IFNgHIGH","1w"
"30",-0.978176040063646,-1.26053107344995,1.06284357000787,1.10666812303858,-0.346330093021323,-0.0318619797585394,-0.24740786177225,756,"IFNgHIGH","1w"
"31",-0.471120597426318,2.04849280395783,0.174251334369641,1.48254343233321,-0.0527965485586115,0.217166253748801,-0.548118629521803,762,"IFNgLOW","1w"
"32",0.433256726189237,0.905848144427881,-1.23177243686288,0.108361330967535,0.583581568406025,0.253557936472066,-0.0685782422937843,779,"IFNgLOW","1w"
"33",5.85551436999258,1.23360366694644,0.229811622181449,0.0436237080011715,-0.727837304768678,-0.325917753401624,-0.153491077100946,786,"IFNgHIGH","1w"
"34",0.438631104261098,-2.08598240755305,0.244306757683771,0.0027480372785617,1.05953660313296,0.087409937441852,0.00165318666948119,787,"IFNgHIGH","1w"
"35",-1.90959942693736,0.0655190656109265,1.27961924242853,0.634584016623978,-0.26230813643156,-0.279536581585087,0.0853632063012568,793,"IFNgLOW","1w"
"36",-1.65212646714197,0.353873859197062,1.5027897277934,0.575359282697776,0.0578315432200471,0.0257210702674582,0.206261308433908,801,"IFNgHIGH","1w"
"37",4.24800020762249,-2.15289113450321,-2.01269119768795,0.855279369206431,0.677208630900518,0.187913845580192,0.203515554125915,811,"IFNgHIGH","1w"
"38",-0.129125807376787,0.0232454558582838,0.879419340463193,-0.548949848518942,0.353165264624084,0.169749730040276,0.330165691753904,818,"IFNgLOW","1w"
"39",-2.15655862832792,0.700439645961385,0.943427384570496,-0.284004874406954,0.493667805497457,-0.185290860415195,0.0987603450964828,822,"IFNgLOW","1w"
"40",-0.391882088729528,0.218573627144462,-0.0470724122508331,-1.66146373345091,-0.40533303366932,-0.0838326675882046,-0.244581789240103,823,"IFNgLOW","1w"
"41",-1.60675877997193,-1.29566566611818,-1.00224616725332,-1.37007220698015,-0.153846956182358,0.141473050663036,-0.220596715275103,831,"IFNgHIGH","1w"
"42",-1.20433920604306,-0.0596319948751013,-0.0540098298950875,-1.28861869666538,-0.0487875213371386,0.215864104447884,0.277045950729803,844,"IFNgHIGH","1w"
"43",-0.568412903940291,1.19778204497933,-0.967228601342789,0.375984437553809,0.0474867993086266,0.270689897240092,0.0777773931127923,860,"IFNgLOW","1w"
