study_id,time,batch,subject_id,sex,delivery,IFNG_category,sample_id,IFNG_category1,time_group
3026,90,P36014,595,0,Vaginal,IFNgHIGH,P36014_1003,High,3_4M
3026,7,P36014,595,0,Vaginal,IFNgHIGH,P36014_1002,High,1W
3026,0,P36014,595,0,Vaginal,IFNgHIGH,P36014_1001,High,CB
3041,0,P36014,613,1,Vaginal,IFNgHIGH,P36014_1035,High,CB
3041,7,P36014,613,1,Vaginal,IFNgHIGH,P36014_1036,High,1W
3041,120,P36014,613,1,Vaginal,IFNgHIGH,P36014_1037,High,3_4M
3050,7,P35266,619,0,C-section,IFNgHIGH,P35266_1002,High,1W
3050,0,P35266,619,0,C-section,IFNgHIGH,P35266_1001,High,CB
3062,0,P35266,632,0,Vaginal,IFNgLOW,P35266_1013,Low,CB
3062,7,P35266,632,0,Vaginal,IFNgLOW,P35266_1014,Low,1W
3062,90,P35266,632,0,Vaginal,IFNgLOW,P35266_1015,Low,3_4M
3063,0,P35266,633,1,Vaginal,IFNgLOW,P35266_1020,Low,CB
3063,7,P35266,633,1,Vaginal,IFNgLOW,P35266_1021,Low,1W
3063,90,P35266,633,1,Vaginal,IFNgLOW,P35266_1022,Low,3_4M
3064,180,P35266,634,0,Vaginal,IFNgHIGH,P35266_1030,High,5_6M
3064,0,P36014,634,0,Vaginal,IFNgHIGH,P36014_1047,High,CB
3064,7,P35266,634,0,Vaginal,IFNgHIGH,P35266_1028,High,1W
3064,90,P35266,634,0,Vaginal,IFNgHIGH,P35266_1029,High,3_4M
3077,0,P36014,647,0,Vaginal,IFNgHIGH,P36014_1041,High,CB
3077,7,P36014,647,0,Vaginal,IFNgHIGH,P36014_1042,High,1W
3077,120,P36014,647,0,Vaginal,IFNgHIGH,P36014_1043,High,3_4M
3080,0,P36014,649,0,Vaginal,IFNgHIGH,P36014_1007,High,CB
3080,7,P36014,649,0,Vaginal,IFNgHIGH,P36014_1008,High,1W
3080,120,P36014,649,0,Vaginal,IFNgHIGH,P36014_1009,High,3_4M
3082,180,P36014,652,0,Vaginal,IFNgHIGH,P36014_1016,High,5_6M
3082,90,P36014,652,0,Vaginal,IFNgHIGH,P36014_1015,High,3_4M
3082,7,P36014,652,0,Vaginal,IFNgHIGH,P36014_1014,High,1W
3082,0,P36014,652,0,Vaginal,IFNgHIGH,P36014_1013,High,CB
3086,0,P36014,656,0,C-section,IFNgLOW,P36014_1021,Low,CB
3086,7,P36014,656,0,C-section,IFNgLOW,P36014_1022,Low,1W
3086,90,P36014,656,0,C-section,IFNgLOW,P36014_1023,Low,3_4M
3086,150,P36014,656,0,C-section,IFNgLOW,P36014_1024,Low,5_6M
3090,0,P36014,660,1,C-section,IFNgHIGH,P36014_1028,High,CB
3090,7,P36014,660,1,C-section,IFNgHIGH,P36014_1029,High,1W
3090,90,P36014,660,1,C-section,IFNgHIGH,P36014_1030,High,3_4M
3090,150,P36014,660,1,C-section,IFNgHIGH,P36014_1031,High,5_6M
3093,7,P35266,662,0,C-section,IFNgLOW,P35266_1036,Low,1W
3093,0,P35266,662,0,C-section,IFNgLOW,P35266_1035,Low,CB
3093,150,P35266,662,0,C-section,IFNgLOW,P35266_1038,Low,5_6M
3093,90,P35266,662,0,C-section,IFNgLOW,P35266_1037,Low,3_4M
3094,0,P35266,663,1,C-section,IFNgHIGH,P35266_1043,High,CB
3094,7,P35266,663,1,C-section,IFNgHIGH,P35266_1044,High,1W
3094,90,P35266,663,1,C-section,IFNgHIGH,P35266_1045,High,3_4M
3095,7,P35702,665,0,C-section,IFNgHIGH,P35702_1002,High,1W
3095,90,P35702,665,0,C-section,IFNgHIGH,P35702_1003,High,3_4M
3095,150,P35702,665,0,C-section,IFNgHIGH,P35702_1004,High,5_6M
3095,0,P35702,665,0,C-section,IFNgHIGH,P35702_1001,High,CB
3096,90,P35702,664,1,C-section,IFNgLOW,P35702_1010,Low,3_4M
3096,150,P35702,664,1,C-section,IFNgLOW,P35702_1011,Low,5_6M
3096,0,P35702,664,1,C-section,IFNgLOW,P35702_1008,Low,CB
3096,7,P35702,664,1,C-section,IFNgLOW,P35702_1009,Low,1W
3098,7,P35702,668,1,C-section,IFNgHIGH,P35702_1016,High,1W
3098,0,P35907,668,1,C-section,IFNgHIGH,P35907_1044,High,CB
3107,7,P35702,677,1,C-section,IFNgLOW,P35702_1021,Low,1W
3107,90,P35702,677,1,C-section,IFNgLOW,P35702_1022,Low,3_4M
3107,180,P35702,677,1,C-section,IFNgLOW,P35702_1023,Low,5_6M
3107,0,P35702,677,1,C-section,IFNgLOW,P35702_1020,Low,CB
3111,90,P35702,681,0,C-section,IFNgLOW,P35702_1028,Low,3_4M
3111,180,P35702,681,0,C-section,IFNgLOW,P35702_1029,Low,5_6M
3111,7,P35702,681,0,C-section,IFNgLOW,P35702_1027,Low,1W
3111,0,P35702,681,0,C-section,IFNgLOW,P35702_1026,Low,CB
3113,90,P35702,683,1,Vaginal,IFNgHIGH,P35702_1033,High,3_4M
3113,180,P35907,683,1,Vaginal,IFNgHIGH,P35907_1045,High,5_6M
3113,7,P35702,683,1,Vaginal,IFNgHIGH,P35702_1032,High,1W
3113,0,P35702,683,1,Vaginal,IFNgHIGH,P35702_1031,High,CB
3116,120,P35907,685,0,C-section,IFNgHIGH,P35907_1034,High,3_4M
3116,0,P35907,685,0,C-section,IFNgHIGH,P35907_1032,High,CB
3116,7,P35907,685,0,C-section,IFNgHIGH,P35907_1033,High,1W
3120,7,P35702,690,1,Vaginal,IFNgLOW,P35702_1036,Low,1W
3120,90,P35702,690,1,Vaginal,IFNgLOW,P35702_1037,Low,3_4M
3120,0,P35702,690,1,Vaginal,IFNgLOW,P35702_1035,Low,CB
3122,150,P35702,692,0,Vaginal,IFNgHIGH,P35702_1043,High,5_6M
3122,7,P35702,692,0,Vaginal,IFNgHIGH,P35702_1042,High,1W
3122,0,P35702,692,0,Vaginal,IFNgHIGH,P35702_1041,High,CB
3125,0,P35769,695,1,C-section,IFNgLOW,P35769_1001,Low,CB
3125,7,P35907,695,1,C-section,IFNgLOW,P35907_1046,Low,1W
3125,90,P35769,695,1,C-section,IFNgLOW,P35769_1002,Low,3_4M
3126,0,P36313,696,0,C-section,IFNgLOW,P36313_1031,Low,CB
3126,7,P36313,696,0,C-section,IFNgLOW,P36313_1032,Low,1W
3126,150,P36313,696,0,C-section,IFNgLOW,P36313_1034,Low,5_6M
3126,90,P36313,696,0,C-section,IFNgLOW,P36313_1033,Low,3_4M
3129,7,P35769,699,1,Vaginal,IFNgLOW,P35769_1006,Low,1W
3129,0,P35769,699,1,Vaginal,IFNgLOW,P35769_1005,Low,CB
3129,90,P35769,699,1,Vaginal,IFNgLOW,P35769_1007,Low,3_4M
3129,150,P35769,699,1,Vaginal,IFNgLOW,P35769_1008,Low,5_6M
3146,0,P35769,716,0,Vaginal,IFNgHIGH,P35769_1019,High,CB
3146,7,P35769,716,0,Vaginal,IFNgHIGH,P35769_1020,High,1W
3146,90,P35769,716,0,Vaginal,IFNgHIGH,P35769_1021,High,3_4M
3147,120,P35907,717,1,Vaginal,IFNgHIGH,P35907_1037,High,3_4M
3147,0,P35907,717,1,Vaginal,IFNgHIGH,P35907_1035,High,CB
3147,7,P35907,717,1,Vaginal,IFNgHIGH,P35907_1036,High,1W
3148,7,P35769,718,1,Vaginal,IFNgHIGH,P35769_1026,High,1W
3148,90,P35769,718,1,Vaginal,IFNgHIGH,P35769_1027,High,3_4M
3148,0,P35769,718,1,Vaginal,IFNgHIGH,P35769_1025,High,CB
3148,150,P35769,718,1,Vaginal,IFNgHIGH,P35769_1028,High,5_6M
3155,7,P35769,725,0,Vaginal,IFNgHIGH,P35769_1035,High,1W
3155,0,P35769,725,0,Vaginal,IFNgHIGH,P35769_1034,High,CB
3155,90,P35769,725,0,Vaginal,IFNgHIGH,P35769_1036,High,3_4M
3155,150,P35769,725,0,Vaginal,IFNgHIGH,P35769_1037,High,5_6M
3164,90,P35907,734,1,Vaginal,IFNgHIGH,P35907_1003,High,3_4M
3164,0,P35907,734,1,Vaginal,IFNgHIGH,P35907_1001,High,CB
3164,7,P35907,734,1,Vaginal,IFNgHIGH,P35907_1002,High,1W
3164,150,P35907,734,1,Vaginal,IFNgHIGH,P35907_1004,High,5_6M
3166,7,P35907,737,1,Vaginal,IFNgLOW,P35907_1008,Low,1W
3166,90,P35907,737,1,Vaginal,IFNgLOW,P35907_1010,Low,3_4M
3166,7,P35907,737,1,Vaginal,IFNgLOW,P35907_1009,Low,1W
3170,120,P35907,740,0,Vaginal,IFNgLOW,P35907_1043,Low,3_4M
3170,7,P35907,740,0,Vaginal,IFNgLOW,P35907_1042,Low,1W
3170,0,P35907,740,0,Vaginal,IFNgLOW,P35907_1041,Low,CB
3174,90,P35907,744,0,Vaginal,IFNgLOW,P35907_1017,Low,3_4M
3174,150,P35907,744,0,Vaginal,IFNgLOW,P35907_1018,Low,5_6M
3174,0,P36014,744,0,Vaginal,IFNgLOW,P36014_1048,Low,CB
3174,7,P35907,744,0,Vaginal,IFNgLOW,P35907_1016,Low,1W
3176,120,P35907,746,0,C-section,IFNgHIGH,P35907_1022,High,3_4M
3176,150,P35907,746,0,C-section,IFNgHIGH,P35907_1023,High,5_6M
3176,7,P35907,746,0,C-section,IFNgHIGH,P35907_1021,High,1W
3181,7,P35907,751,0,Vaginal,IFNgHIGH,P35907_1027,High,1W
3181,0,P35907,751,0,Vaginal,IFNgHIGH,P35907_1026,High,CB
3181,90,P35907,751,0,Vaginal,IFNgHIGH,P35907_1028,High,3_4M
3181,150,P35907,751,0,Vaginal,IFNgHIGH,P35907_1029,High,5_6M
3187,120,P35769,756,0,C-section,IFNgHIGH,P35769_1042,High,3_4M
3187,7,P36014,756,0,C-section,IFNgHIGH,P36014_1045,High,1W
3187,0,P35769,756,0,C-section,IFNgHIGH,P35769_1041,High,CB
3192,0,P36313,762,1,Vaginal,IFNgLOW,P36313_1038,Low,CB
3192,7,P36313,762,1,Vaginal,IFNgLOW,P36313_1039,Low,1W
3192,90,P36313,762,1,Vaginal,IFNgLOW,P36313_1040,Low,3_4M
3194,0,P39203,NA,NA,NA,IFNgLOW,P39203_1043,Low,CB
3194,7,P39203,NA,NA,NA,IFNgLOW,P39203_1044,Low,1W
3194,90,P39203,NA,NA,NA,IFNgLOW,P39203_1045,Low,3_4M
3194,150,P39203,NA,NA,NA,IFNgLOW,P39203_1046,Low,5_6M
3194,365,P39203,NA,NA,NA,IFNgLOW,P39203_1047,Low,365
3194,510,P39203,NA,NA,NA,IFNgLOW,P39203_1048,Low,510
3203,0,P36313,773,0,Vaginal,IFNgHIGH,P36313_1043,High,CB
3203,7,P36313,773,0,Vaginal,IFNgHIGH,P36313_1044,High,1W
3203,90,P36313,773,0,Vaginal,IFNgHIGH,P36313_1045,High,3_4M
3203,150,P36313,773,0,Vaginal,IFNgHIGH,P36313_1046,High,5_6M
3205,90,P36252,775,1,Vaginal,IFNgLOW,P36252_1003,Low,3_4M
3205,180,P36252,775,1,Vaginal,IFNgLOW,P36252_1004,Low,5_6M
3205,0,P36252,775,1,Vaginal,IFNgLOW,P36252_1001,Low,CB
3205,7,P36252,775,1,Vaginal,IFNgLOW,P36252_1002,Low,1W
3206,0,P36252,776,1,Vaginal,IFNgHIGH,P36252_1008,High,CB
3206,7,P36252,776,1,Vaginal,IFNgHIGH,P36252_1009,High,1W
3206,90,P36252,776,1,Vaginal,IFNgHIGH,P36252_1010,High,3_4M
3206,150,P36252,776,1,Vaginal,IFNgHIGH,P36252_1011,High,5_6M
3212,0,P39203,NA,NA,NA,IFNgLOW,P39203_1037,Low,CB
3212,7,P39203,NA,NA,NA,IFNgLOW,P39203_1038,Low,1W
3212,90,P39203,NA,NA,NA,IFNgLOW,P39203_1039,Low,3_4M
3212,365,P39203,NA,NA,NA,IFNgLOW,P39203_1040,Low,365
3212,510,P39203,NA,NA,NA,IFNgLOW,P39203_1041,Low,510
3212,750,P39203,NA,NA,NA,IFNgLOW,P39203_1042,Low,750
3216,0,P36252,786,0,C-section,IFNgHIGH,P36252_1012,High,CB
3216,7,P36252,786,0,C-section,IFNgHIGH,P36252_1013,High,1W
3216,90,P36252,786,0,C-section,IFNgHIGH,P36252_1014,High,3_4M
3217,0,P36252,787,0,Vaginal,IFNgHIGH,P36252_1017,High,CB
3217,7,P36252,787,0,Vaginal,IFNgHIGH,P36252_1018,High,1W
3217,90,P36252,787,0,Vaginal,IFNgHIGH,P36252_1019,High,3_4M
3226,7,P36252,796,0,Vaginal,IFNgHIGH,P36252_1024,High,1W
3226,150,P36252,796,0,Vaginal,IFNgHIGH,P36252_1025,High,5_6M
3226,0,P36252,796,0,Vaginal,IFNgHIGH,P36252_1023,High,CB
3230,0,P36252,800,1,Vaginal,IFNgLOW,P36252_1028,Low,CB
3230,7,P36252,800,1,Vaginal,IFNgLOW,P36252_1029,Low,1W
3230,150,P36252,800,1,Vaginal,IFNgLOW,P36252_1030,Low,5_6M
3231,0,P36252,801,1,Vaginal,IFNgHIGH,P36252_1031,High,CB
3231,7,P36252,801,1,Vaginal,IFNgHIGH,P36252_1032,High,1W
3231,150,P36252,801,1,Vaginal,IFNgHIGH,P36252_1033,High,5_6M
3233,0,P36252,803,1,Vaginal,IFNgLOW,P36252_1036,Low,CB
3233,7,P36252,803,1,Vaginal,IFNgLOW,P36252_1037,Low,1W
3233,150,P36252,803,1,Vaginal,IFNgLOW,P36252_1038,Low,5_6M
3235,90,P36252,805,1,Vaginal,IFNgLOW,P36252_1045,Low,3_4M
3235,150,P36252,805,1,Vaginal,IFNgLOW,P36252_1046,Low,5_6M
3235,0,P36252,805,1,Vaginal,IFNgLOW,P36252_1043,Low,CB
3235,7,P36252,805,1,Vaginal,IFNgLOW,P36252_1044,Low,1W
3236,7,P36313,806,1,Vaginal,IFNgLOW,P36313_1002,Low,1W
3236,90,P36313,806,1,Vaginal,IFNgLOW,P36313_1003,Low,3_4M
3236,150,P36313,806,1,Vaginal,IFNgLOW,P36313_1004,Low,5_6M
3236,0,P36313,806,1,Vaginal,IFNgLOW,P36313_1001,Low,CB
3237,30,P32808,807,0,C-section,IFNgLOW,P32808_1019,Low,30
3237,90,P32808,807,0,C-section,IFNgLOW,P32808_1025,Low,3_4M
3237,150,P32808,807,0,C-section,IFNgLOW,P32808_1036,Low,5_6M
3237,7,P32808,807,0,C-section,IFNgLOW,P32808_1007,Low,1W
3237,0,P32808,807,0,C-section,IFNgLOW,P32808_1001,Low,CB
3240,0,P29880,810,1,C-section,IFNgLOW,P29880_1030,Low,CB
3240,7,P29880,810,1,C-section,IFNgLOW,P29880_1036,Low,1W
3249,0,P33768,819,1,C-section,IFNgLOW,P33768_1001,Low,CB
3249,30,P33768,819,1,C-section,IFNgLOW,P33768_1019,Low,30
3249,90,P33768,819,1,C-section,IFNgLOW,P33768_1025,Low,3_4M
3249,150,P33768,819,1,C-section,IFNgLOW,P33768_1037,Low,5_6M
3249,7,P33768,819,1,C-section,IFNgLOW,P33768_1007,Low,1W
3250,0,P33407,820,0,C-section,IFNgLOW,P33407_1001,Low,CB
3250,30,P33407,820,0,C-section,IFNgLOW,P33407_1019,Low,30
3250,7,P33407,820,0,C-section,IFNgLOW,P33407_1007,Low,1W
3252,0,P36313,823,0,Vaginal,IFNgLOW,P36313_1006,Low,CB
3252,7,P36313,823,0,Vaginal,IFNgLOW,P36313_1007,Low,1W
3252,90,P36313,823,0,Vaginal,IFNgLOW,P36313_1008,Low,3_4M
3253,0,P36313,822,0,Vaginal,IFNgLOW,P36313_1009,Low,CB
3253,7,P36313,822,0,Vaginal,IFNgLOW,P36313_1010,Low,1W
3253,90,P36313,822,0,Vaginal,IFNgLOW,P36313_1011,Low,3_4M
3261,0,P36313,831,0,Vaginal,IFNgHIGH,P36313_1012,High,CB
3261,7,P36313,831,0,Vaginal,IFNgHIGH,P36313_1013,High,1W
3261,150,P36313,831,0,Vaginal,IFNgHIGH,P36313_1015,High,5_6M
3261,90,P36313,831,0,Vaginal,IFNgHIGH,P36313_1014,High,3_4M
3265,0,P36313,836,0,Vaginal,IFNgLOW,P36313_1017,Low,CB
3265,7,P36313,836,0,Vaginal,IFNgLOW,P36313_1018,Low,1W
3265,90,P36313,836,0,Vaginal,IFNgLOW,P36313_1019,Low,3_4M
3265,150,P36313,836,0,Vaginal,IFNgLOW,P36313_1020,Low,5_6M
3273,0,P36313,844,0,C-section,IFNgHIGH,P36313_1021,High,CB
3273,7,P36313,844,0,C-section,IFNgHIGH,P36313_1022,High,1W
3273,90,P36313,844,0,C-section,IFNgHIGH,P36313_1023,High,3_4M
3273,150,P36313,844,0,C-section,IFNgHIGH,P36313_1024,High,5_6M
3277,0,P36313,847,1,Vaginal,IFNgLOW,P36313_1026,Low,CB
3277,7,P36313,847,1,Vaginal,IFNgLOW,P36313_1027,Low,1W
3277,90,P36313,847,1,Vaginal,IFNgLOW,P36313_1028,Low,3_4M
3277,150,P36313,847,1,Vaginal,IFNgLOW,P36313_1029,Low,5_6M
3281,90,P37053,851,0,C-section,IFNgHIGH,P37053_1025,High,3_4M
3281,150,P37053,851,0,C-section,IFNgHIGH,P37053_1037,High,5_6M
3281,365,P37053,851,0,C-section,IFNgHIGH,P37053_1043,High,365
3281,30,P37053,851,0,C-section,IFNgHIGH,P37053_1019,High,30
3281,0,P37053,851,0,C-section,IFNgHIGH,P37053_1001,High,CB
3281,7,P37053,851,0,C-section,IFNgHIGH,P37053_1007,High,1W
3285,0,P34155,855,1,C-section,IFNgHIGH,P34155_1001,High,CB
3285,7,P34155,855,1,C-section,IFNgHIGH,P34155_1007,High,1W
3286,0,P34155,857,0,C-section,IFNgHIGH,P34155_1013,High,CB
3286,7,P34155,857,0,C-section,IFNgHIGH,P34155_1019,High,1W
3289,0,P38009,859,1,C-section,IFNgHIGH,P38009_1001,High,CB
3289,30,P38009,859,1,C-section,IFNgHIGH,P38009_1019,High,30
3289,90,P38009,859,1,C-section,IFNgHIGH,P38009_1025,High,3_4M
3289,365,P38009,859,1,C-section,IFNgHIGH,P38009_1043,High,365
3289,7,P38009,859,1,C-section,IFNgHIGH,P38009_1007,High,1W
3289,150,P38009,859,1,C-section,IFNgHIGH,P38009_1037,High,5_6M
3304,7,P38318,874,1,Vaginal,IFNgLOW,P38318_1007,Low,1W
3304,150,P38318,874,1,Vaginal,IFNgLOW,P38318_1031,Low,5_6M
3304,365,P38318,874,1,Vaginal,IFNgLOW,P38318_1037,Low,365
3304,0,P38318,874,1,Vaginal,IFNgLOW,P38318_1001,Low,CB
3304,30,P38318,874,1,Vaginal,IFNgLOW,P38318_1019,Low,30
3304,90,P38318,874,1,Vaginal,IFNgLOW,P38318_1025,Low,3_4M
3305,7,P38915,NA,NA,NA,IFNgLOW,P38915_1007,Low,1W
3305,0,P38915,NA,NA,NA,IFNgLOW,P38915_1001,Low,CB
3305,30,P38915,NA,NA,NA,IFNgLOW,P38915_1019,Low,30
3305,90,P38915,NA,NA,NA,IFNgLOW,P38915_1025,Low,3_4M
3305,150,P38915,NA,NA,NA,IFNgLOW,P38915_1037,Low,5_6M
3305,365,P38915,NA,NA,NA,IFNgLOW,P38915_1043,Low,365
3309,90,P39203,NA,NA,NA,IFNgLOW,P39203_1019,Low,3_4M
3309,7,P39203,NA,NA,NA,IFNgLOW,P39203_1001,Low,1W
3309,30,P39203,NA,NA,NA,IFNgLOW,P39203_1013,Low,30
3309,150,P39203,NA,NA,NA,IFNgLOW,P39203_1025,Low,5_6M
3309,365,P39203,NA,NA,NA,IFNgLOW,P39203_1031,Low,365
