"study_id","sample_id","time","IFNG_category"
3026,"P36014_1003",90,"IFNgHIGH"
3041,"P36014_1037",120,"IFNgHIGH"
3062,"P35266_1015",90,"IFNgLOW"
3063,"P35266_1022",90,"IFNgLOW"
3064,"P35266_1029",90,"IFNgHIGH"
3077,"P36014_1043",120,"IFNgHIGH"
3080,"P36014_1009",120,"IFNgHIGH"
3082,"P36014_1015",90,"IFNgHIGH"
3086,"P36014_1023",90,"IFNgLOW"
3090,"P36014_1030",90,"IFNgHIGH"
3093,"P35266_1037",90,"IFNgLOW"
3094,"P35266_1045",90,"IFNgHIGH"
3095,"P35702_1003",90,"IFNgHIGH"
3096,"P35702_1010",90,"IFNgLOW"
3107,"P35702_1022",90,"IFNgLOW"
3111,"P35702_1028",90,"IFNgLOW"
3113,"P35702_1033",90,"IFNgHIGH"
3116,"P35907_1034",120,"IFNgHIGH"
3120,"P35702_1037",90,"IFNgLOW"
3125,"P35769_1002",90,"IFNgLOW"
3126,"P36313_1033",90,"IFNgLOW"
3129,"P35769_1007",90,"IFNgLOW"
3146,"P35769_1021",90,"IFNgHIGH"
3147,"P35907_1037",120,"IFNgHIGH"
3148,"P35769_1027",90,"IFNgHIGH"
3155,"P35769_1036",90,"IFNgHIGH"
3164,"P35907_1003",90,"IFNgHIGH"
3166,"P35907_1010",90,"IFNgLOW"
3170,"P35907_1043",120,"IFNgLOW"
3174,"P35907_1017",90,"IFNgLOW"
3176,"P35907_1022",120,"IFNgHIGH"
3181,"P35907_1028",90,"IFNgHIGH"
3187,"P35769_1042",120,"IFNgHIGH"
3192,"P36313_1040",90,"IFNgLOW"
3203,"P36313_1045",90,"IFNgHIGH"
3205,"P36252_1003",90,"IFNgLOW"
3206,"P36252_1010",90,"IFNgHIGH"
3216,"P36252_1014",90,"IFNgHIGH"
3217,"P36252_1019",90,"IFNgHIGH"
3235,"P36252_1045",90,"IFNgLOW"
3236,"P36313_1003",90,"IFNgLOW"
3237,"P32808_1025",90,"IFNgLOW"
3249,"P33768_1025",90,"IFNgHIGH"
3252,"P36313_1008",90,"IFNgLOW"
3253,"P36313_1011",90,"IFNgLOW"
3261,"P36313_1014",90,"IFNgHIGH"
3265,"P36313_1019",90,"IFNgLOW"
3273,"P36313_1023",90,"IFNgHIGH"
3277,"P36313_1028",90,"IFNgLOW"
3281,"P37053_1025",90,"IFNgLOW"
3289,"P38009_1025",90,"IFNgHIGH"
3304,"P38318_1025",90,"IFNgLOW"
