"","subject","is_twin","twin_family_id","subject2","sample1","sample2","euclidean_distance","group","chorionicity","birth_diff","twin_subjects","non_twin_sibling","non_twin_sibling_subjects"
"1",15,FALSE,NA,18,2600100490,2600100486,15.0750407534242,"Term","non_twin",0,NA,FALSE,NA
"2",15,FALSE,NA,101,2600100490,66600175,24.6442577380533,"Term","non_twin",0,NA,FALSE,NA
"3",15,FALSE,NA,110,2600100490,66600233,30.8852959089726,"Term","non_twin",0,NA,FALSE,NA
"4",15,FALSE,NA,141,2600100490,2600100475,16.3064520714779,"Term","non_twin",0,NA,FALSE,NA
"5",15,FALSE,NA,282,2600100490,2600100456,13.1777672973036,"Term","non_twin",0,NA,FALSE,NA
"6",15,FALSE,NA,293,2600100490,2600100421,23.3953052846976,"Term","non_twin",0,NA,FALSE,NA
"7",15,FALSE,NA,297,2600100490,2600100361,13.1836934899747,"Term","non_twin",0,NA,FALSE,NA
"8",15,FALSE,NA,299,2600100490,2600100363,10.0218195585083,"Term","non_twin",0,NA,FALSE,NA
"9",15,FALSE,NA,363,2600100490,2600164325,17.311236545071,"Term","non_twin",0,NA,FALSE,NA
"10",15,FALSE,NA,81,2600100490,66627286,18.9508516495783,"Term","non_twin",0,NA,FALSE,NA
"11",15,FALSE,NA,84,2600100490,66627288,20.2384725750345,"Term","non_twin",0,NA,FALSE,NA
"12",15,FALSE,NA,96,2600100490,66600158,17.2445645877563,"Term","non_twin",0,NA,FALSE,NA
"13",15,FALSE,NA,690,2600100490,3912871,15.3016172248018,"Term","non_twin",0,NA,FALSE,NA
"14",15,FALSE,NA,104,2600100490,66600183,18.8780835852875,"Term","non_twin",0,NA,FALSE,NA
"15",15,FALSE,NA,107,2600100490,66600229,28.6743077791444,"Term","non_twin",0,NA,FALSE,NA
"16",15,FALSE,NA,683,2600100490,3828528,8.56806021426378,"Term","non_twin",0,NA,FALSE,NA
"17",15,FALSE,NA,492,2600100490,2600164373,7.8742039637223,"Term","non_twin",0,NA,FALSE,NA
"18",15,FALSE,NA,534,2600100490,2600164415,7.75143122180349,"Term","non_twin",0,NA,FALSE,NA
"19",18,FALSE,NA,81,2600100486,66627286,26.2090518378618,"Term","non_twin",0,NA,FALSE,NA
"20",18,FALSE,NA,104,2600100486,66600183,25.8065867758795,"Term","non_twin",0,NA,FALSE,NA
"21",18,FALSE,NA,101,2600100486,66600175,32.7222245256019,"Term","non_twin",0,NA,FALSE,NA
"22",18,FALSE,NA,282,2600100486,2600100456,19.0765741788224,"Term","non_twin",0,NA,FALSE,NA
"23",18,FALSE,NA,107,2600100486,66600229,36.2691875671416,"Term","non_twin",0,NA,FALSE,NA
"24",18,FALSE,NA,110,2600100486,66600233,39.2058249243336,"Term","non_twin",0,NA,FALSE,NA
"25",18,FALSE,NA,141,2600100486,2600100475,15.9565977158212,"Term","non_twin",0,NA,FALSE,NA
"26",18,FALSE,NA,363,2600100486,2600164325,24.7799546405053,"Term","non_twin",0,NA,FALSE,NA
"27",18,FALSE,NA,492,2600100486,2600164373,15.4970199523134,"Term","non_twin",0,NA,FALSE,NA
"28",18,FALSE,NA,84,2600100486,66627288,28.2140357989463,"Term","non_twin",0,NA,FALSE,NA
"29",18,FALSE,NA,96,2600100486,66600158,24.9583498803707,"Term","non_twin",0,NA,FALSE,NA
"30",18,FALSE,NA,690,2600100486,3912871,15.4610229679685,"Term","non_twin",0,NA,FALSE,NA
"31",18,FALSE,NA,299,2600100486,2600100363,9.82317996800934,"Term","non_twin",0,NA,FALSE,NA
"32",18,FALSE,NA,293,2600100486,2600100421,31.2268847906271,"Term","non_twin",0,NA,FALSE,NA
"33",18,FALSE,NA,297,2600100486,2600100361,11.9978813802021,"Term","non_twin",0,NA,FALSE,NA
"34",18,FALSE,NA,534,2600100486,2600164415,16.07333632723,"Term","non_twin",0,NA,FALSE,NA
"35",18,FALSE,NA,683,2600100486,3828528,14.7534509843477,"Term","non_twin",0,NA,FALSE,NA
"36",21,FALSE,NA,74,2600100505,66627302,6.3424599258745,"Term","non_twin",0,NA,FALSE,NA
"37",21,FALSE,NA,88,2600100505,66600142,8.33732807639474,"Term","non_twin",0,NA,FALSE,NA
"38",21,FALSE,NA,122,2600100505,66627275,6.74172497869443,"Term","non_twin",0,NA,FALSE,NA
"39",21,FALSE,NA,522,2600100505,2600164397,25.1118412373726,"Term","non_twin",0,NA,FALSE,NA
"40",21,FALSE,NA,533,2600100505,2600164416,23.6157246410414,"Term","non_twin",0,NA,FALSE,NA
"41",21,FALSE,NA,93,2600100505,66600143,9.89899877124113,"Term","non_twin",0,NA,FALSE,NA
"42",21,FALSE,NA,488,2600100505,2600164478,18.4547531440013,"Term","non_twin",0,NA,FALSE,NA
"43",21,FALSE,NA,647,2600100505,3936421,25.0888318884059,"Term","non_twin",0,NA,FALSE,NA
"44",21,FALSE,NA,290,2600100505,2600100447,32.1614788235756,"Term","non_twin",0,NA,FALSE,NA
"45",21,FALSE,NA,340,2600100505,2600100380,27.311858132172,"Term","non_twin",0,NA,FALSE,NA
"46",21,FALSE,NA,382,2600100505,2600164335,26.9205773903139,"Term","non_twin",0,NA,FALSE,NA
"47",21,FALSE,NA,564,2600100505,2600100334,28.8344570656007,"Term","non_twin",0,NA,FALSE,NA
"48",23,FALSE,NA,144,2600100500,2600100483,19.7385475138051,"Term","non_twin",0,NA,FALSE,NA
"49",23,FALSE,NA,537,2600100500,2600164417,22.1603764598144,"Term","non_twin",0,NA,FALSE,NA
"50",23,FALSE,NA,77,2600100500,66627273,9.8578622013394,"Term","non_twin",0,NA,FALSE,NA
"51",23,FALSE,NA,113,2600100500,66593911,10.9237994712145,"Term","non_twin",0,NA,FALSE,NA
"52",23,FALSE,NA,653,2600100500,3964406,26.5190927835649,"Term","non_twin",0,NA,FALSE,NA
"53",23,FALSE,NA,68,2600100500,66704993,6.97787715905115,"Term","non_twin",0,NA,FALSE,NA
"54",23,FALSE,NA,649,2600100500,3936485,23.7244825719805,"Term","non_twin",0,NA,FALSE,NA
"55",23,FALSE,NA,165,2600100500,2600100477,25.6750173070346,"Term","non_twin",0,NA,FALSE,NA
"56",23,FALSE,NA,716,2600100500,3913722,22.567382181242,"Term","non_twin",0,NA,FALSE,NA
"57",23,FALSE,NA,624,2600100500,3912839,25.5430622234534,"Term","non_twin",0,NA,FALSE,NA
"58",23,FALSE,NA,634,2600100500,3935925,25.9418922598711,"Term","non_twin",0,NA,FALSE,NA
"59",23,FALSE,NA,332,2600100500,2600100376,22.95711455757,"Term","non_twin",0,NA,FALSE,NA
"60",23,FALSE,NA,488,2600100500,2600164372,19.4983317823081,"Term","non_twin",0,NA,FALSE,NA
"61",23,FALSE,NA,168,2600100500,2600100467,29.3495463715508,"Term","non_twin",0,NA,FALSE,NA
"62",23,FALSE,NA,285,2600100500,2600100455,29.230681534181,"Term","non_twin",0,NA,FALSE,NA
"63",23,FALSE,NA,311,2600100500,2600100369,24.0754343956928,"Term","non_twin",0,NA,FALSE,NA
"64",23,FALSE,NA,532,2600100500,2600164414,20.6731886685221,"Term","non_twin",0,NA,FALSE,NA
"65",25,FALSE,NA,477,2600100484,2600164345,21.1693936972032,"Term","non_twin",0,NA,FALSE,NA
"66",25,FALSE,NA,54,2600100484,66704935,7.80889198229677,"Term","non_twin",0,NA,FALSE,NA
"67",25,FALSE,NA,595,2600100484,3826352,25.2431297960503,"Term","non_twin",0,NA,FALSE,NA
"68",25,FALSE,NA,652,2600100484,3936503,23.9646593009731,"Term","non_twin",0,NA,FALSE,NA
"69",25,FALSE,NA,652,2600100484,3936501,23.2553617210684,"Term","non_twin",0,NA,FALSE,NA
"70",25,FALSE,NA,595,2600100484,3826353,25.2356208600859,"Term","non_twin",0,NA,FALSE,NA
"71",25,FALSE,NA,595,2600100484,3826355,25.7027598014797,"Term","non_twin",0,NA,FALSE,NA
"72",25,FALSE,NA,595,2600100484,3826354,25.3401280331138,"Term","non_twin",0,NA,FALSE,NA
"73",25,FALSE,NA,606,2600100484,3825904,25.8967616373296,"Term","non_twin",0,NA,FALSE,NA
"74",28,FALSE,NA,334,2600100503,2600100377,15.4527571681917,"Term","non_twin",0,NA,FALSE,NA
"75",31,FALSE,NA,153,66704989,2600100470,10.0594057288984,"Term","non_twin",0,NA,FALSE,NA
"76",31,FALSE,NA,126,66704989,2600100479,10.3214631618753,"Term","non_twin",0,NA,FALSE,NA
"77",31,FALSE,NA,270,66704989,2600100460,17.805422454976,"Term","non_twin",0,NA,FALSE,NA
"78",31,FALSE,NA,39,66704989,66704938,8.7638366654198,"Term","non_twin",0,NA,FALSE,NA
"79",31,FALSE,NA,45,66704989,2600100488,21.249458880273,"Term","non_twin",0,NA,FALSE,NA
"80",31,FALSE,NA,665,66704989,3964150,18.8012587432791,"Term","non_twin",0,NA,FALSE,NA
"81",31,FALSE,NA,685,66704989,3828608,18.2329183875588,"Term","non_twin",0,NA,FALSE,NA
"82",31,FALSE,NA,162,66704989,2600100341,10.0029116078572,"Term","non_twin",0,NA,FALSE,NA
"83",31,FALSE,NA,180,66704989,2600100466,32.7817596287151,"Term","non_twin",0,NA,FALSE,NA
"84",31,FALSE,NA,267,66704989,2600100465,21.8918591087421,"Term","non_twin",0,NA,FALSE,NA
"85",31,FALSE,NA,619,66704989,3827856,16.5714868488775,"Term","non_twin",0,NA,FALSE,NA
"86",31,FALSE,NA,662,66704989,3963702,12.6630913485901,"Term","non_twin",0,NA,FALSE,NA
"87",39,FALSE,NA,45,66704938,2600100488,20.8061253238101,"Term","non_twin",0,NA,FALSE,NA
"88",39,FALSE,NA,180,66704938,2600100466,32.4174711131123,"Term","non_twin",0,NA,FALSE,NA
"89",39,FALSE,NA,126,66704938,2600100479,10.5651165288879,"Term","non_twin",0,NA,FALSE,NA
"90",39,FALSE,NA,662,66704938,3963702,12.8512785342175,"Term","non_twin",0,NA,FALSE,NA
"91",39,FALSE,NA,665,66704938,3964150,20.7442836495537,"Term","non_twin",0,NA,FALSE,NA
"92",39,FALSE,NA,153,66704938,2600100470,9.9326115187145,"Term","non_twin",0,NA,FALSE,NA
"93",39,FALSE,NA,162,66704938,2600100341,10.8069288025372,"Term","non_twin",0,NA,FALSE,NA
"94",39,FALSE,NA,619,66704938,3827856,17.618201762672,"Term","non_twin",0,NA,FALSE,NA
"95",39,FALSE,NA,267,66704938,2600100465,22.5152282404441,"Term","non_twin",0,NA,FALSE,NA
"96",39,FALSE,NA,270,66704938,2600100460,18.5813829189917,"Term","non_twin",0,NA,FALSE,NA
"97",39,FALSE,NA,685,66704938,3828608,19.6577995114636,"Term","non_twin",0,NA,FALSE,NA
"98",42,FALSE,NA,65,2600100480,66704992,6.10199293225055,"Term","non_twin",0,NA,FALSE,NA
"99",42,FALSE,NA,61,2600100480,66704904,16.0452132773057,"Term","non_twin",0,NA,FALSE,NA
"100",42,FALSE,NA,129,2600100480,2600100472,25.2285865779972,"Term","non_twin",0,NA,FALSE,NA
"101",42,FALSE,NA,119,2600100480,66627306,7.56694308143387,"Term","non_twin",0,NA,FALSE,NA
"102",42,FALSE,NA,357,2600100480,2600164322,14.432495790836,"Term","non_twin",0,NA,FALSE,NA
"103",42,FALSE,NA,71,2600100480,66627304,9.92819918592061,"Term","non_twin",0,NA,FALSE,NA
"104",42,FALSE,NA,116,2600100480,66627285,8.61925970332538,"Term","non_twin",0,NA,FALSE,NA
"105",42,FALSE,NA,684,2600100480,3828864,27.5440134055902,"Term","non_twin",0,NA,FALSE,NA
"106",42,FALSE,NA,308,2600100480,2600100374,25.1023122531492,"Term","non_twin",0,NA,FALSE,NA
"107",42,FALSE,NA,302,2600100480,2600100364,22.1060966641756,"Term","non_twin",0,NA,FALSE,NA
"108",42,FALSE,NA,305,2600100480,2600100371,19.2286818077936,"Term","non_twin",0,NA,FALSE,NA
"109",42,FALSE,NA,557,2600100480,2600164402,18.9293239440416,"Term","non_twin",0,NA,FALSE,NA
"110",45,FALSE,NA,162,2600100488,2600100341,19.2039629952731,"Term","non_twin",0,NA,FALSE,NA
"111",45,FALSE,NA,153,2600100488,2600100470,18.3950978943109,"Term","non_twin",0,NA,FALSE,NA
"112",45,FALSE,NA,619,2600100488,3827856,27.2869241075889,"Term","non_twin",0,NA,FALSE,NA
"113",45,FALSE,NA,180,2600100488,2600100466,15.5774612426247,"Term","non_twin",0,NA,FALSE,NA
"114",45,FALSE,NA,270,2600100488,2600100460,17.5782568420594,"Term","non_twin",0,NA,FALSE,NA
"115",45,FALSE,NA,685,2600100488,3828608,31.5016962394714,"Term","non_twin",0,NA,FALSE,NA
"116",45,FALSE,NA,267,2600100488,2600100465,10.9922645308781,"Term","non_twin",0,NA,FALSE,NA
"117",45,FALSE,NA,126,2600100488,2600100479,22.0038579091689,"Term","non_twin",0,NA,FALSE,NA
"118",45,FALSE,NA,665,2600100488,3964150,31.8280584646377,"Term","non_twin",0,NA,FALSE,NA
"119",45,FALSE,NA,662,2600100488,3963702,20.9048032058181,"Term","non_twin",0,NA,FALSE,NA
"120",48,FALSE,NA,273,66704940,2600100461,46.8282203696553,"Term","non_twin",0,NA,FALSE,NA
"121",48,FALSE,NA,174,66704940,2600100463,17.8838164715952,"Term","non_twin",0,NA,FALSE,NA
"122",48,FALSE,NA,177,66704940,2600100462,17.5094159757886,"Term","non_twin",0,NA,FALSE,NA
"123",48,FALSE,NA,668,66704940,3964166,17.7826578744046,"Term","non_twin",0,NA,FALSE,NA
"124",48,FALSE,NA,276,66704940,2600100458,13.8148138636718,"Term","non_twin",0,NA,FALSE,NA
"125",48,FALSE,NA,569,66704940,2600195482,17.236626316504,"Term","non_twin",0,NA,FALSE,NA
"126",48,FALSE,NA,648,66704940,3936437,13.9037681210643,"Term","non_twin",0,NA,FALSE,NA
"127",48,FALSE,NA,58,66704940,66704907,23.025448721317,"Term","non_twin",0,NA,FALSE,NA
"128",48,FALSE,NA,147,66704940,2600100468,11.814288040313,"Term","non_twin",0,NA,FALSE,NA
"129",48,FALSE,NA,677,66704940,3963862,13.9282551072604,"Term","non_twin",0,NA,FALSE,NA
"130",51,FALSE,NA,85,66704936,66627287,7.04433776878459,"Term","non_twin",0,NA,FALSE,NA
"131",51,FALSE,NA,613,66704936,3912327,23.649139779399,"Term","non_twin",0,NA,FALSE,NA
"132",54,FALSE,NA,595,66704935,3826353,26.4722321675246,"Term","non_twin",0,NA,FALSE,NA
"133",54,FALSE,NA,606,66704935,3825904,26.3340504277129,"Term","non_twin",0,NA,FALSE,NA
"134",54,FALSE,NA,595,66704935,3826355,26.9574053050943,"Term","non_twin",0,NA,FALSE,NA
"135",54,FALSE,NA,595,66704935,3826354,26.5734952704669,"Term","non_twin",0,NA,FALSE,NA
"136",54,FALSE,NA,477,66704935,2600164345,22.9361898742299,"Term","non_twin",0,NA,FALSE,NA
"137",54,FALSE,NA,652,66704935,3936501,24.2403660589919,"Term","non_twin",0,NA,FALSE,NA
"138",54,FALSE,NA,595,66704935,3826352,26.4627308333782,"Term","non_twin",0,NA,FALSE,NA
"139",54,FALSE,NA,652,66704935,3936503,24.7110427166029,"Term","non_twin",0,NA,FALSE,NA
"140",58,FALSE,NA,177,66704907,2600100462,26.0629207264228,"Term","non_twin",0,NA,FALSE,NA
"141",58,FALSE,NA,569,66704907,2600195482,29.9893241791975,"Term","non_twin",0,NA,FALSE,NA
"142",58,FALSE,NA,648,66704907,3936437,23.7677372441431,"Term","non_twin",0,NA,FALSE,NA
"143",58,FALSE,NA,668,66704907,3964166,27.0892347401994,"Term","non_twin",0,NA,FALSE,NA
"144",58,FALSE,NA,147,66704907,2600100468,24.7839111425462,"Term","non_twin",0,NA,FALSE,NA
"145",58,FALSE,NA,174,66704907,2600100463,27.0359269147203,"Term","non_twin",0,NA,FALSE,NA
"146",58,FALSE,NA,677,66704907,3963862,24.5249403554754,"Term","non_twin",0,NA,FALSE,NA
"147",58,FALSE,NA,273,66704907,2600100461,27.6144254225794,"Term","non_twin",0,NA,FALSE,NA
"148",58,FALSE,NA,276,66704907,2600100458,28.0746869302812,"Term","non_twin",0,NA,FALSE,NA
"149",61,FALSE,NA,116,66704904,66627285,9.9039377309091,"Term","non_twin",0,NA,FALSE,NA
"150",61,FALSE,NA,305,66704904,2600100371,31.8996740596765,"Term","non_twin",0,NA,FALSE,NA
"151",61,FALSE,NA,119,66704904,66627306,12.2788605227165,"Term","non_twin",0,NA,FALSE,NA
"152",61,FALSE,NA,129,66704904,2600100472,36.2991839745345,"Term","non_twin",0,NA,FALSE,NA
"153",61,FALSE,NA,71,66704904,66627304,13.7387216127775,"Term","non_twin",0,NA,FALSE,NA
"154",61,FALSE,NA,684,66704904,3828864,39.7624915707822,"Term","non_twin",0,NA,FALSE,NA
"155",61,FALSE,NA,308,66704904,2600100374,36.9053337823424,"Term","non_twin",0,NA,FALSE,NA
"156",61,FALSE,NA,302,66704904,2600100364,33.3988528583872,"Term","non_twin",0,NA,FALSE,NA
"157",61,FALSE,NA,65,66704904,66704992,16.5284553180249,"Term","non_twin",0,NA,FALSE,NA
"158",61,FALSE,NA,357,66704904,2600164322,25.5964118444524,"Term","non_twin",0,NA,FALSE,NA
"159",61,FALSE,NA,557,66704904,2600164402,31.1520775461172,"Term","non_twin",0,NA,FALSE,NA
"160",65,FALSE,NA,71,66704992,66627304,9.11998801285659,"Term","non_twin",0,NA,FALSE,NA
"161",65,FALSE,NA,302,66704992,2600100364,21.9927307247046,"Term","non_twin",0,NA,FALSE,NA
"162",65,FALSE,NA,116,66704992,66627285,9.93717149772195,"Term","non_twin",0,NA,FALSE,NA
"163",65,FALSE,NA,557,66704992,2600164402,18.9948612540056,"Term","non_twin",0,NA,FALSE,NA
"164",65,FALSE,NA,305,66704992,2600100371,18.956374147512,"Term","non_twin",0,NA,FALSE,NA
"165",65,FALSE,NA,308,66704992,2600100374,24.5814992744108,"Term","non_twin",0,NA,FALSE,NA
"166",65,FALSE,NA,357,66704992,2600164322,14.8513641818315,"Term","non_twin",0,NA,FALSE,NA
"167",65,FALSE,NA,129,66704992,2600100472,24.4973762620637,"Term","non_twin",0,NA,FALSE,NA
"168",65,FALSE,NA,119,66704992,66627306,7.71061752723807,"Term","non_twin",0,NA,FALSE,NA
"169",65,FALSE,NA,684,66704992,3828864,27.2809668811423,"Term","non_twin",0,NA,FALSE,NA
"170",68,FALSE,NA,624,66704993,3912839,24.6356286247667,"Term","non_twin",0,NA,FALSE,NA
"171",68,FALSE,NA,77,66704993,66627273,10.8407767055744,"Term","non_twin",0,NA,FALSE,NA
"172",68,FALSE,NA,537,66704993,2600164417,21.3188559141896,"Term","non_twin",0,NA,FALSE,NA
"173",68,FALSE,NA,144,66704993,2600100483,19.5157092410959,"Term","non_twin",0,NA,FALSE,NA
"174",68,FALSE,NA,634,66704993,3935925,25.421650937241,"Term","non_twin",0,NA,FALSE,NA
"175",68,FALSE,NA,113,66704993,66593911,10.5570992339089,"Term","non_twin",0,NA,FALSE,NA
"176",68,FALSE,NA,653,66704993,3964406,26.0527711263682,"Term","non_twin",0,NA,FALSE,NA
"177",68,FALSE,NA,311,66704993,2600100369,22.9402924115888,"Term","non_twin",0,NA,FALSE,NA
"178",68,FALSE,NA,332,66704993,2600100376,21.6343185083561,"Term","non_twin",0,NA,FALSE,NA
"179",68,FALSE,NA,649,66704993,3936485,23.2355990300751,"Term","non_twin",0,NA,FALSE,NA
"180",68,FALSE,NA,532,66704993,2600164414,20.2178380462137,"Term","non_twin",0,NA,FALSE,NA
"181",68,FALSE,NA,168,66704993,2600100467,29.4420738529625,"Term","non_twin",0,NA,FALSE,NA
"182",68,FALSE,NA,716,66704993,3913722,21.9134031724028,"Term","non_twin",0,NA,FALSE,NA
"183",68,FALSE,NA,165,66704993,2600100477,25.0290146411779,"Term","non_twin",0,NA,FALSE,NA
"184",68,FALSE,NA,285,66704993,2600100455,29.5933053273287,"Term","non_twin",0,NA,FALSE,NA
"185",68,FALSE,NA,488,66704993,2600164372,18.7108537094977,"Term","non_twin",0,NA,FALSE,NA
"186",71,FALSE,NA,302,66627304,2600100364,23.8426365163692,"Term","non_twin",0,NA,FALSE,NA
"187",71,FALSE,NA,305,66627304,2600100371,22.4908024336794,"Term","non_twin",0,NA,FALSE,NA
"188",71,FALSE,NA,557,66627304,2600164402,21.1991857519811,"Term","non_twin",0,NA,FALSE,NA
"189",71,FALSE,NA,684,66627304,3828864,29.7136934758223,"Term","non_twin",0,NA,FALSE,NA
"190",71,FALSE,NA,129,66627304,2600100472,26.1869631750152,"Term","non_twin",0,NA,FALSE,NA
"191",71,FALSE,NA,116,66627304,66627285,7.56079985065072,"Term","non_twin",0,NA,FALSE,NA
"192",71,FALSE,NA,119,66627304,66627306,6.06865408308135,"Term","non_twin",0,NA,FALSE,NA
"193",71,FALSE,NA,308,66627304,2600100374,26.1987154416548,"Term","non_twin",0,NA,FALSE,NA
"194",71,FALSE,NA,357,66627304,2600164322,17.5437677174496,"Term","non_twin",0,NA,FALSE,NA
"195",74,FALSE,NA,88,66627302,66600142,8.2053801974878,"Term","non_twin",0,NA,FALSE,NA
"196",74,FALSE,NA,93,66627302,66600143,8.69901356173359,"Term","non_twin",0,NA,FALSE,NA
"197",74,FALSE,NA,122,66627302,66627275,6.92879257932434,"Term","non_twin",0,NA,FALSE,NA
"198",74,FALSE,NA,340,66627302,2600100380,25.3670570232975,"Term","non_twin",0,NA,FALSE,NA
"199",74,FALSE,NA,564,66627302,2600100334,27.0078263036462,"Term","non_twin",0,NA,FALSE,NA
"200",74,FALSE,NA,647,66627302,3936421,23.4624814785169,"Term","non_twin",0,NA,FALSE,NA
"201",74,FALSE,NA,290,66627302,2600100447,30.4251666290084,"Term","non_twin",0,NA,FALSE,NA
"202",74,FALSE,NA,533,66627302,2600164416,21.9901902970518,"Term","non_twin",0,NA,FALSE,NA
"203",74,FALSE,NA,488,66627302,2600164478,17.5544311033653,"Term","non_twin",0,NA,FALSE,NA
"204",74,FALSE,NA,522,66627302,2600164397,23.5868852873604,"Term","non_twin",0,NA,FALSE,NA
"205",74,FALSE,NA,382,66627302,2600164335,25.4759469983188,"Term","non_twin",0,NA,FALSE,NA
"206",77,FALSE,NA,537,66627273,2600164417,27.787920736597,"Term","non_twin",0,NA,FALSE,NA
"207",77,FALSE,NA,488,66627273,2600164372,25.8244974368593,"Term","non_twin",0,NA,FALSE,NA
"208",77,FALSE,NA,113,66627273,66593911,14.499756897563,"Term","non_twin",0,NA,FALSE,NA
"209",77,FALSE,NA,634,66627273,3935925,31.9820993122848,"Term","non_twin",0,NA,FALSE,NA
"210",77,FALSE,NA,532,66627273,2600164414,26.107673414526,"Term","non_twin",0,NA,FALSE,NA
"211",77,FALSE,NA,285,66627273,2600100455,35.0435446554587,"Term","non_twin",0,NA,FALSE,NA
"212",77,FALSE,NA,624,66627273,3912839,31.5169286675423,"Term","non_twin",0,NA,FALSE,NA
"213",77,FALSE,NA,144,66627273,2600100483,26.7420648607473,"Term","non_twin",0,NA,FALSE,NA
"214",77,FALSE,NA,311,66627273,2600100369,29.5947379103858,"Term","non_twin",0,NA,FALSE,NA
"215",77,FALSE,NA,332,66627273,2600100376,28.0749339243804,"Term","non_twin",0,NA,FALSE,NA
"216",77,FALSE,NA,649,66627273,3936485,29.7460443961201,"Term","non_twin",0,NA,FALSE,NA
"217",77,FALSE,NA,165,66627273,2600100477,31.4637379657555,"Term","non_twin",0,NA,FALSE,NA
"218",77,FALSE,NA,168,66627273,2600100467,35.3359667419688,"Term","non_twin",0,NA,FALSE,NA
"219",77,FALSE,NA,653,66627273,3964406,32.3680734898271,"Term","non_twin",0,NA,FALSE,NA
"220",77,FALSE,NA,716,66627273,3913722,27.7641027537844,"Term","non_twin",0,NA,FALSE,NA
"221",80,FALSE,NA,664,2600100485,3964134,10.2337585699805,"Term","non_twin",0,NA,FALSE,NA
"222",81,FALSE,NA,96,66627286,66600158,6.41568987327357,"Term","non_twin",0,NA,FALSE,NA
"223",81,FALSE,NA,84,66627286,66627288,5.65836672499229,"Term","non_twin",0,NA,FALSE,NA
"224",81,FALSE,NA,110,66627286,66600233,16.5239869553394,"Term","non_twin",0,NA,FALSE,NA
"225",81,FALSE,NA,107,66627286,66600229,14.6386020709527,"Term","non_twin",0,NA,FALSE,NA
"226",81,FALSE,NA,297,66627286,2600100361,23.9318139974768,"Term","non_twin",0,NA,FALSE,NA
"227",81,FALSE,NA,101,66627286,66600175,10.2483183659333,"Term","non_twin",0,NA,FALSE,NA
"228",81,FALSE,NA,104,66627286,66600183,6.05482260287822,"Term","non_twin",0,NA,FALSE,NA
"229",81,FALSE,NA,492,66627286,2600164373,16.8569459813247,"Term","non_twin",0,NA,FALSE,NA
"230",81,FALSE,NA,534,66627286,2600164415,17.3883873394444,"Term","non_twin",0,NA,FALSE,NA
"231",81,FALSE,NA,683,66627286,3828528,19.7580595720772,"Term","non_twin",0,NA,FALSE,NA
"232",81,FALSE,NA,690,66627286,3912871,20.3606650455762,"Term","non_twin",0,NA,FALSE,NA
"233",81,FALSE,NA,282,66627286,2600100456,15.5661625786989,"Term","non_twin",0,NA,FALSE,NA
"234",81,FALSE,NA,293,66627286,2600100421,11.4401968625894,"Term","non_twin",0,NA,FALSE,NA
"235",81,FALSE,NA,363,66627286,2600164325,13.6911021361649,"Term","non_twin",0,NA,FALSE,NA
"236",81,FALSE,NA,141,66627286,2600100475,18.5416056349967,"Term","non_twin",0,NA,FALSE,NA
"237",81,FALSE,NA,299,66627286,2600100363,21.6200920055518,"Term","non_twin",0,NA,FALSE,NA
"238",84,FALSE,NA,96,66627288,66600158,7.19805665025811,"Term","non_twin",0,NA,FALSE,NA
"239",84,FALSE,NA,104,66627288,66600183,7.19646558368933,"Term","non_twin",0,NA,FALSE,NA
"240",84,FALSE,NA,293,66627288,2600100421,9.95646315823044,"Term","non_twin",0,NA,FALSE,NA
"241",84,FALSE,NA,297,66627288,2600100361,25.4610789784118,"Term","non_twin",0,NA,FALSE,NA
"242",84,FALSE,NA,101,66627288,66600175,8.54777242914346,"Term","non_twin",0,NA,FALSE,NA
"243",84,FALSE,NA,282,66627288,2600100456,17.2969638047332,"Term","non_twin",0,NA,FALSE,NA
"244",84,FALSE,NA,492,66627288,2600164373,18.2745313331013,"Term","non_twin",0,NA,FALSE,NA
"245",84,FALSE,NA,534,66627288,2600164415,18.4853958031293,"Term","non_twin",0,NA,FALSE,NA
"246",84,FALSE,NA,683,66627288,3828528,21.3024751495959,"Term","non_twin",0,NA,FALSE,NA
"247",84,FALSE,NA,690,66627288,3912871,22.2087772665617,"Term","non_twin",0,NA,FALSE,NA
"248",84,FALSE,NA,363,66627288,2600164325,14.3739400579417,"Term","non_twin",0,NA,FALSE,NA
"249",84,FALSE,NA,107,66627288,66600229,12.2426515253682,"Term","non_twin",0,NA,FALSE,NA
"250",84,FALSE,NA,110,66627288,66600233,14.1442105058757,"Term","non_twin",0,NA,FALSE,NA
"251",84,FALSE,NA,141,66627288,2600100475,20.3727225975643,"Term","non_twin",0,NA,FALSE,NA
"252",84,FALSE,NA,299,66627288,2600100363,23.2739890640222,"Term","non_twin",0,NA,FALSE,NA
"253",85,FALSE,NA,613,66627287,3912327,22.2572467020845,"Term","non_twin",0,NA,FALSE,NA
"254",88,FALSE,NA,382,66600142,2600164335,30.1613749650331,"Term","non_twin",0,NA,FALSE,NA
"255",88,FALSE,NA,290,66600142,2600100447,35.294280392956,"Term","non_twin",0,NA,FALSE,NA
"256",88,FALSE,NA,340,66600142,2600100380,30.6619211979843,"Term","non_twin",0,NA,FALSE,NA
"257",88,FALSE,NA,564,66600142,2600100334,32.019934158263,"Term","non_twin",0,NA,FALSE,NA
"258",88,FALSE,NA,488,66600142,2600164478,22.7512287987303,"Term","non_twin",0,NA,FALSE,NA
"259",88,FALSE,NA,522,66600142,2600164397,28.4459133337106,"Term","non_twin",0,NA,FALSE,NA
"260",88,FALSE,NA,533,66600142,2600164416,26.7307032338737,"Term","non_twin",0,NA,FALSE,NA
"261",88,FALSE,NA,93,66600142,66600143,7.3271333923643,"Term","non_twin",0,NA,FALSE,NA
"262",88,FALSE,NA,122,66600142,66627275,11.3512811917169,"Term","non_twin",0,NA,FALSE,NA
"263",88,FALSE,NA,647,66600142,3936421,28.860383564191,"Term","non_twin",0,NA,FALSE,NA
"264",93,FALSE,NA,340,66600143,2600100380,27.8987547178705,"Term","non_twin",0,NA,FALSE,NA
"265",93,FALSE,NA,522,66600143,2600164397,26.8502410311635,"Term","non_twin",0,NA,FALSE,NA
"266",93,FALSE,NA,533,66600143,2600164416,25.1006248693379,"Term","non_twin",0,NA,FALSE,NA
"267",93,FALSE,NA,564,66600143,2600100334,29.6562821256003,"Term","non_twin",0,NA,FALSE,NA
"268",93,FALSE,NA,122,66600143,66627275,12.3915331719737,"Term","non_twin",0,NA,FALSE,NA
"269",93,FALSE,NA,290,66600143,2600100447,32.4785890255119,"Term","non_twin",0,NA,FALSE,NA
"270",93,FALSE,NA,647,66600143,3936421,26.6197493004278,"Term","non_twin",0,NA,FALSE,NA
"271",93,FALSE,NA,382,66600143,2600164335,27.8780915472406,"Term","non_twin",0,NA,FALSE,NA
"272",93,FALSE,NA,488,66600143,2600164478,21.4812758077395,"Term","non_twin",0,NA,FALSE,NA
"273",96,FALSE,NA,101,66600158,66600175,11.0432159683083,"Term","non_twin",0,NA,FALSE,NA
"274",96,FALSE,NA,282,66600158,2600100456,15.4047577916089,"Term","non_twin",0,NA,FALSE,NA
"275",96,FALSE,NA,293,66600158,2600100421,11.1405985923188,"Term","non_twin",0,NA,FALSE,NA
"276",96,FALSE,NA,141,66600158,2600100475,18.0947332345545,"Term","non_twin",0,NA,FALSE,NA
"277",96,FALSE,NA,363,66600158,2600164325,15.0433859959178,"Term","non_twin",0,NA,FALSE,NA
"278",96,FALSE,NA,492,66600158,2600164373,15.9811509938075,"Term","non_twin",0,NA,FALSE,NA
"279",96,FALSE,NA,534,66600158,2600164415,16.2733567579963,"Term","non_twin",0,NA,FALSE,NA
"280",96,FALSE,NA,683,66600158,3828528,19.1557053857676,"Term","non_twin",0,NA,FALSE,NA
"281",96,FALSE,NA,690,66600158,3912871,20.5388225103491,"Term","non_twin",0,NA,FALSE,NA
"282",96,FALSE,NA,110,66600158,66600233,17.5590540593023,"Term","non_twin",0,NA,FALSE,NA
"283",96,FALSE,NA,104,66600158,66600183,6.420811912897,"Term","non_twin",0,NA,FALSE,NA
"284",96,FALSE,NA,107,66600158,66600229,14.2877037530318,"Term","non_twin",0,NA,FALSE,NA
"285",96,FALSE,NA,297,66600158,2600100361,22.6970238675228,"Term","non_twin",0,NA,FALSE,NA
"286",96,FALSE,NA,299,66600158,2600100363,19.9641371414118,"Term","non_twin",0,NA,FALSE,NA
"287",101,FALSE,NA,107,66600175,66600229,9.94818079159703,"Term","non_twin",0,NA,FALSE,NA
"288",101,FALSE,NA,104,66600175,66600183,11.2601655224113,"Term","non_twin",0,NA,FALSE,NA
"289",101,FALSE,NA,293,66600175,2600100421,9.02586526150679,"Term","non_twin",0,NA,FALSE,NA
"290",101,FALSE,NA,363,66600175,2600164325,17.1290651944662,"Term","non_twin",0,NA,FALSE,NA
"291",101,FALSE,NA,492,66600175,2600164373,22.7620539868259,"Term","non_twin",0,NA,FALSE,NA
"292",101,FALSE,NA,534,66600175,2600164415,22.5205486896329,"Term","non_twin",0,NA,FALSE,NA
"293",101,FALSE,NA,683,66600175,3828528,25.4612757568906,"Term","non_twin",0,NA,FALSE,NA
"294",101,FALSE,NA,690,66600175,3912871,26.1289496880783,"Term","non_twin",0,NA,FALSE,NA
"295",101,FALSE,NA,282,66600175,2600100456,22.2722269880222,"Term","non_twin",0,NA,FALSE,NA
"296",101,FALSE,NA,110,66600175,66600233,10.4993033714433,"Term","non_twin",0,NA,FALSE,NA
"297",101,FALSE,NA,141,66600175,2600100475,25.3057199115133,"Term","non_twin",0,NA,FALSE,NA
"298",101,FALSE,NA,299,66600175,2600100363,27.257222020815,"Term","non_twin",0,NA,FALSE,NA
"299",101,FALSE,NA,297,66600175,2600100361,30.3757852104962,"Term","non_twin",0,NA,FALSE,NA
"300",104,FALSE,NA,110,66600183,66600233,17.2026473839784,"Term","non_twin",0,NA,FALSE,NA
"301",104,FALSE,NA,297,66600183,2600100361,23.8470772258007,"Term","non_twin",0,NA,FALSE,NA
"302",104,FALSE,NA,299,66600183,2600100363,20.8973501344907,"Term","non_twin",0,NA,FALSE,NA
"303",104,FALSE,NA,107,66600183,66600229,15.1060006968158,"Term","non_twin",0,NA,FALSE,NA
"304",104,FALSE,NA,534,66600183,2600164415,17.2835859947733,"Term","non_twin",0,NA,FALSE,NA
"305",104,FALSE,NA,683,66600183,3828528,20.0963387066208,"Term","non_twin",0,NA,FALSE,NA
"306",104,FALSE,NA,690,66600183,3912871,20.5788811209241,"Term","non_twin",0,NA,FALSE,NA
"307",104,FALSE,NA,282,66600183,2600100456,15.9310632649284,"Term","non_twin",0,NA,FALSE,NA
"308",104,FALSE,NA,293,66600183,2600100421,11.9332455141623,"Term","non_twin",0,NA,FALSE,NA
"309",104,FALSE,NA,141,66600183,2600100475,18.6673136052863,"Term","non_twin",0,NA,FALSE,NA
"310",104,FALSE,NA,363,66600183,2600164325,14.6762183828831,"Term","non_twin",0,NA,FALSE,NA
"311",104,FALSE,NA,492,66600183,2600164373,17.0776310982108,"Term","non_twin",0,NA,FALSE,NA
"312",107,FALSE,NA,282,66600229,2600100456,26.6218560353228,"Term","non_twin",0,NA,FALSE,NA
"313",107,FALSE,NA,363,66600229,2600164325,22.0480045333937,"Term","non_twin",0,NA,FALSE,NA
"314",107,FALSE,NA,492,66600229,2600164373,27.0563858392515,"Term","non_twin",0,NA,FALSE,NA
"315",107,FALSE,NA,110,66600229,66600233,8.96416016516327,"Term","non_twin",0,NA,FALSE,NA
"316",107,FALSE,NA,141,66600229,2600100475,29.0476606301164,"Term","non_twin",0,NA,FALSE,NA
"317",107,FALSE,NA,690,66600229,3912871,31.238913302353,"Term","non_twin",0,NA,FALSE,NA
"318",107,FALSE,NA,299,66600229,2600100363,31.3481301170197,"Term","non_twin",0,NA,FALSE,NA
"319",107,FALSE,NA,293,66600229,2600100421,10.8890439784193,"Term","non_twin",0,NA,FALSE,NA
"320",107,FALSE,NA,297,66600229,2600100361,33.8260487999219,"Term","non_twin",0,NA,FALSE,NA
"321",107,FALSE,NA,534,66600229,2600164415,27.4605832380291,"Term","non_twin",0,NA,FALSE,NA
"322",107,FALSE,NA,683,66600229,3828528,30.5484117297942,"Term","non_twin",0,NA,FALSE,NA
"323",110,FALSE,NA,282,66600233,2600100456,28.7992275318468,"Term","non_twin",0,NA,FALSE,NA
"324",110,FALSE,NA,141,66600233,2600100475,31.6943639167919,"Term","non_twin",0,NA,FALSE,NA
"325",110,FALSE,NA,363,66600233,2600164325,22.5057814461657,"Term","non_twin",0,NA,FALSE,NA
"326",110,FALSE,NA,299,66600233,2600100363,33.8293072984949,"Term","non_twin",0,NA,FALSE,NA
"327",110,FALSE,NA,690,66600233,3912871,33.3317939940971,"Term","non_twin",0,NA,FALSE,NA
"328",110,FALSE,NA,293,66600233,2600100421,11.9414825334284,"Term","non_twin",0,NA,FALSE,NA
"329",110,FALSE,NA,297,66600233,2600100361,36.7543959991836,"Term","non_twin",0,NA,FALSE,NA
"330",110,FALSE,NA,534,66600233,2600164415,29.0892982606959,"Term","non_twin",0,NA,FALSE,NA
"331",110,FALSE,NA,683,66600233,3828528,31.9778538266786,"Term","non_twin",0,NA,FALSE,NA
"332",110,FALSE,NA,492,66600233,2600164373,29.1695513722387,"Term","non_twin",0,NA,FALSE,NA
"333",113,FALSE,NA,311,66593911,2600100369,21.3640436368961,"Term","non_twin",0,NA,FALSE,NA
"334",113,FALSE,NA,532,66593911,2600164414,16.4670156253137,"Term","non_twin",0,NA,FALSE,NA
"335",113,FALSE,NA,537,66593911,2600164417,21.0479708999152,"Term","non_twin",0,NA,FALSE,NA
"336",113,FALSE,NA,165,66593911,2600100477,22.1055616883919,"Term","non_twin",0,NA,FALSE,NA
"337",113,FALSE,NA,168,66593911,2600100467,26.616934014238,"Term","non_twin",0,NA,FALSE,NA
"338",113,FALSE,NA,624,66593911,3912839,21.0604319604519,"Term","non_twin",0,NA,FALSE,NA
"339",113,FALSE,NA,634,66593911,3935925,21.8731070648576,"Term","non_twin",0,NA,FALSE,NA
"340",113,FALSE,NA,488,66593911,2600164372,17.4730818362253,"Term","non_twin",0,NA,FALSE,NA
"341",113,FALSE,NA,649,66593911,3936485,19.8384199095096,"Term","non_twin",0,NA,FALSE,NA
"342",113,FALSE,NA,285,66593911,2600100455,27.4752526041218,"Term","non_twin",0,NA,FALSE,NA
"343",113,FALSE,NA,332,66593911,2600100376,20.1027746357711,"Term","non_twin",0,NA,FALSE,NA
"344",113,FALSE,NA,144,66593911,2600100483,17.4830134469228,"Term","non_twin",0,NA,FALSE,NA
"345",113,FALSE,NA,716,66593911,3913722,18.119758592591,"Term","non_twin",0,NA,FALSE,NA
"346",113,FALSE,NA,653,66593911,3964406,22.1324060021934,"Term","non_twin",0,NA,FALSE,NA
"347",116,FALSE,NA,119,66627285,66627306,5.20701743912002,"Term","non_twin",0,NA,FALSE,NA
"348",116,FALSE,NA,308,66627285,2600100374,29.7868017920609,"Term","non_twin",0,NA,FALSE,NA
"349",116,FALSE,NA,305,66627285,2600100371,24.4385792607002,"Term","non_twin",0,NA,FALSE,NA
"350",116,FALSE,NA,684,66627285,3828864,32.6891977081994,"Term","non_twin",0,NA,FALSE,NA
"351",116,FALSE,NA,129,66627285,2600100472,29.5572105642688,"Term","non_twin",0,NA,FALSE,NA
"352",116,FALSE,NA,302,66627285,2600100364,26.4830734405964,"Term","non_twin",0,NA,FALSE,NA
"353",116,FALSE,NA,557,66627285,2600164402,23.7645408748649,"Term","non_twin",0,NA,FALSE,NA
"354",116,FALSE,NA,357,66627285,2600164322,19.0501606032508,"Term","non_twin",0,NA,FALSE,NA
"355",119,FALSE,NA,129,66627306,2600100472,27.4265053598617,"Term","non_twin",0,NA,FALSE,NA
"356",119,FALSE,NA,557,66627306,2600164402,21.4478588883862,"Term","non_twin",0,NA,FALSE,NA
"357",119,FALSE,NA,308,66627306,2600100374,27.3098893942089,"Term","non_twin",0,NA,FALSE,NA
"358",119,FALSE,NA,357,66627306,2600164322,17.2411516423367,"Term","non_twin",0,NA,FALSE,NA
"359",119,FALSE,NA,684,66627306,3828864,30.4356260107715,"Term","non_twin",0,NA,FALSE,NA
"360",119,FALSE,NA,302,66627306,2600100364,24.4059079975572,"Term","non_twin",0,NA,FALSE,NA
"361",119,FALSE,NA,305,66627306,2600100371,22.233861686507,"Term","non_twin",0,NA,FALSE,NA
"362",122,FALSE,NA,382,66627275,2600164335,23.9015732887074,"Term","non_twin",0,NA,FALSE,NA
"363",122,FALSE,NA,564,66627275,2600100334,25.6214248656164,"Term","non_twin",0,NA,FALSE,NA
"364",122,FALSE,NA,647,66627275,3936421,21.8212141702576,"Term","non_twin",0,NA,FALSE,NA
"365",122,FALSE,NA,290,66627275,2600100447,29.5792746790624,"Term","non_twin",0,NA,FALSE,NA
"366",122,FALSE,NA,340,66627275,2600100380,24.4877266725216,"Term","non_twin",0,NA,FALSE,NA
"367",122,FALSE,NA,533,66627275,2600164416,20.3254898425561,"Term","non_twin",0,NA,FALSE,NA
"368",122,FALSE,NA,488,66627275,2600164478,15.0329382848331,"Term","non_twin",0,NA,FALSE,NA
"369",122,FALSE,NA,522,66627275,2600164397,21.5128728148451,"Term","non_twin",0,NA,FALSE,NA
"370",126,FALSE,NA,162,2600100479,2600100341,9.69827237900697,"Term","non_twin",0,NA,FALSE,NA
"371",126,FALSE,NA,619,2600100479,3827856,14.9074583131725,"Term","non_twin",0,NA,FALSE,NA
"372",126,FALSE,NA,662,2600100479,3963702,11.7023713024411,"Term","non_twin",0,NA,FALSE,NA
"373",126,FALSE,NA,270,2600100479,2600100460,17.9992966054639,"Term","non_twin",0,NA,FALSE,NA
"374",126,FALSE,NA,153,2600100479,2600100470,9.11423892642823,"Term","non_twin",0,NA,FALSE,NA
"375",126,FALSE,NA,665,2600100479,3964150,17.751637171303,"Term","non_twin",0,NA,FALSE,NA
"376",126,FALSE,NA,685,2600100479,3828608,16.7886515250582,"Term","non_twin",0,NA,FALSE,NA
"377",126,FALSE,NA,180,2600100479,2600100466,33.6426791444064,"Term","non_twin",0,NA,FALSE,NA
"378",126,FALSE,NA,267,2600100479,2600100465,23.597586574082,"Term","non_twin",0,NA,FALSE,NA
"379",129,FALSE,NA,308,2600100472,2600100374,7.41545826329701,"Term","non_twin",0,NA,FALSE,NA
"380",129,FALSE,NA,684,2600100472,3828864,11.8731244934874,"Term","non_twin",0,NA,FALSE,NA
"381",129,FALSE,NA,302,2600100472,2600100364,12.8435955265689,"Term","non_twin",0,NA,FALSE,NA
"382",129,FALSE,NA,305,2600100472,2600100371,15.6808023747065,"Term","non_twin",0,NA,FALSE,NA
"383",129,FALSE,NA,357,2600100472,2600164322,16.9424993933997,"Term","non_twin",0,NA,FALSE,NA
"384",129,FALSE,NA,557,2600100472,2600164402,13.7055795451962,"Term","non_twin",0,NA,FALSE,NA
"385",141,FALSE,NA,363,2600100475,2600164325,19.2555661307064,"Term","non_twin",0,NA,FALSE,NA
"386",141,FALSE,NA,297,2600100475,2600100361,15.7825276312131,"Term","non_twin",0,NA,FALSE,NA
"387",141,FALSE,NA,299,2600100475,2600100363,15.1839530051639,"Term","non_twin",0,NA,FALSE,NA
"388",141,FALSE,NA,690,2600100475,3912871,12.0375925068167,"Term","non_twin",0,NA,FALSE,NA
"389",141,FALSE,NA,492,2600100475,2600164373,14.6240706920281,"Term","non_twin",0,NA,FALSE,NA
"390",141,FALSE,NA,534,2600100475,2600164415,14.5596803917443,"Term","non_twin",0,NA,FALSE,NA
"391",141,FALSE,NA,683,2600100475,3828528,14.819144385991,"Term","non_twin",0,NA,FALSE,NA
"392",141,FALSE,NA,282,2600100475,2600100456,9.71726365919831,"Term","non_twin",0,NA,FALSE,NA
"393",141,FALSE,NA,293,2600100475,2600100421,25.3473746233987,"Term","non_twin",0,NA,FALSE,NA
"394",144,FALSE,NA,537,2600100483,2600164417,14.6066130303611,"Term","non_twin",0,NA,FALSE,NA
"395",144,FALSE,NA,624,2600100483,3912839,15.0406715103218,"Term","non_twin",0,NA,FALSE,NA
"396",144,FALSE,NA,634,2600100483,3935925,16.8036398909009,"Term","non_twin",0,NA,FALSE,NA
"397",144,FALSE,NA,285,2600100483,2600100455,20.7671494417503,"Term","non_twin",0,NA,FALSE,NA
"398",144,FALSE,NA,311,2600100483,2600100369,15.2412935279656,"Term","non_twin",0,NA,FALSE,NA
"399",144,FALSE,NA,332,2600100483,2600100376,16.1139046720183,"Term","non_twin",0,NA,FALSE,NA
"400",144,FALSE,NA,532,2600100483,2600164414,15.3454540365363,"Term","non_twin",0,NA,FALSE,NA
"401",144,FALSE,NA,649,2600100483,3936485,14.3916933392334,"Term","non_twin",0,NA,FALSE,NA
"402",144,FALSE,NA,653,2600100483,3964406,16.8090612386525,"Term","non_twin",0,NA,FALSE,NA
"403",144,FALSE,NA,716,2600100483,3913722,15.8858513971059,"Term","non_twin",0,NA,FALSE,NA
"404",144,FALSE,NA,488,2600100483,2600164372,11.9336335045463,"Term","non_twin",0,NA,FALSE,NA
"405",144,FALSE,NA,168,2600100483,2600100467,19.5156609774587,"Term","non_twin",0,NA,FALSE,NA
"406",144,FALSE,NA,165,2600100483,2600100477,15.8390798454135,"Term","non_twin",0,NA,FALSE,NA
"407",147,FALSE,NA,273,2600100468,2600100461,47.3523475610673,"Term","non_twin",0,NA,FALSE,NA
"408",147,FALSE,NA,668,2600100468,3964166,15.2693850888192,"Term","non_twin",0,NA,FALSE,NA
"409",147,FALSE,NA,677,2600100468,3963862,11.9686550212868,"Term","non_twin",0,NA,FALSE,NA
"410",147,FALSE,NA,174,2600100468,2600100463,14.8394409409744,"Term","non_twin",0,NA,FALSE,NA
"411",147,FALSE,NA,177,2600100468,2600100462,16.5906670463117,"Term","non_twin",0,NA,FALSE,NA
"412",147,FALSE,NA,648,2600100468,3936437,11.5591630631363,"Term","non_twin",0,NA,FALSE,NA
"413",147,FALSE,NA,276,2600100468,2600100458,14.6293600617616,"Term","non_twin",0,NA,FALSE,NA
"414",147,FALSE,NA,569,2600100468,2600195482,16.6234890320468,"Term","non_twin",0,NA,FALSE,NA
"415",150,FALSE,NA,663,2600100469,3963718,9.9058605195788,"Term","non_twin",0,NA,FALSE,NA
"416",153,FALSE,NA,180,2600100470,2600100466,30.7911233578041,"Term","non_twin",0,NA,FALSE,NA
"417",153,FALSE,NA,162,2600100470,2600100341,6.55856821151899,"Term","non_twin",0,NA,FALSE,NA
"418",153,FALSE,NA,662,2600100470,3963702,11.0942849655361,"Term","non_twin",0,NA,FALSE,NA
"419",153,FALSE,NA,685,2600100470,3828608,19.6115980026254,"Term","non_twin",0,NA,FALSE,NA
"420",153,FALSE,NA,619,2600100470,3827856,17.55354331424,"Term","non_twin",0,NA,FALSE,NA
"421",153,FALSE,NA,267,2600100470,2600100465,21.6702738312852,"Term","non_twin",0,NA,FALSE,NA
"422",153,FALSE,NA,270,2600100470,2600100460,17.6089132183414,"Term","non_twin",0,NA,FALSE,NA
"423",153,FALSE,NA,665,2600100470,3964150,20.3249798714297,"Term","non_twin",0,NA,FALSE,NA
"424",162,FALSE,NA,270,2600100341,2600100460,18.688683231399,"Term","non_twin",0,NA,FALSE,NA
"425",162,FALSE,NA,267,2600100341,2600100465,22.8240328110397,"Term","non_twin",0,NA,FALSE,NA
"426",162,FALSE,NA,685,2600100341,3828608,20.4143831997195,"Term","non_twin",0,NA,FALSE,NA
"427",162,FALSE,NA,619,2600100341,3827856,17.8667823723671,"Term","non_twin",0,NA,FALSE,NA
"428",162,FALSE,NA,665,2600100341,3964150,20.6291082429692,"Term","non_twin",0,NA,FALSE,NA
"429",162,FALSE,NA,662,2600100341,3963702,11.6975790273949,"Term","non_twin",0,NA,FALSE,NA
"430",162,FALSE,NA,180,2600100341,2600100466,31.807237984388,"Term","non_twin",0,NA,FALSE,NA
"431",165,FALSE,NA,634,2600100477,3935925,8.64340963232971,"Term","non_twin",0,NA,FALSE,NA
"432",165,FALSE,NA,649,2600100477,3936485,11.6744376956901,"Term","non_twin",0,NA,FALSE,NA
"433",165,FALSE,NA,537,2600100477,2600164417,12.0015234173125,"Term","non_twin",0,NA,FALSE,NA
"434",165,FALSE,NA,624,2600100477,3912839,9.30070453688053,"Term","non_twin",0,NA,FALSE,NA
"435",165,FALSE,NA,332,2600100477,2600100376,9.6976659182661,"Term","non_twin",0,NA,FALSE,NA
"436",165,FALSE,NA,716,2600100477,3913722,9.44154784977548,"Term","non_twin",0,NA,FALSE,NA
"437",165,FALSE,NA,488,2600100477,2600164372,11.9860675056229,"Term","non_twin",0,NA,FALSE,NA
"438",165,FALSE,NA,532,2600100477,2600164414,10.7647747628202,"Term","non_twin",0,NA,FALSE,NA
"439",165,FALSE,NA,653,2600100477,3964406,8.16442636796058,"Term","non_twin",0,NA,FALSE,NA
"440",165,FALSE,NA,168,2600100477,2600100467,13.6748757448834,"Term","non_twin",0,NA,FALSE,NA
"441",165,FALSE,NA,285,2600100477,2600100455,17.0186603907094,"Term","non_twin",0,NA,FALSE,NA
"442",165,FALSE,NA,311,2600100477,2600100369,7.91920746782151,"Term","non_twin",0,NA,FALSE,NA
"443",168,FALSE,NA,537,2600100467,2600164417,14.1321760980643,"Term","non_twin",0,NA,FALSE,NA
"444",168,FALSE,NA,653,2600100467,3964406,11.7628143136135,"Term","non_twin",0,NA,FALSE,NA
"445",168,FALSE,NA,716,2600100467,3913722,15.3318398454393,"Term","non_twin",0,NA,FALSE,NA
"446",168,FALSE,NA,624,2600100467,3912839,11.4076575414258,"Term","non_twin",0,NA,FALSE,NA
"447",168,FALSE,NA,649,2600100467,3936485,12.4785487074119,"Term","non_twin",0,NA,FALSE,NA
"448",168,FALSE,NA,488,2600100467,2600164372,15.6188296049752,"Term","non_twin",0,NA,FALSE,NA
"449",168,FALSE,NA,532,2600100467,2600164414,15.1965762773972,"Term","non_twin",0,NA,FALSE,NA
"450",168,FALSE,NA,285,2600100467,2600100455,7.97623974976304,"Term","non_twin",0,NA,FALSE,NA
"451",168,FALSE,NA,634,2600100467,3935925,12.1064622161204,"Term","non_twin",0,NA,FALSE,NA
"452",168,FALSE,NA,332,2600100467,2600100376,14.9715932541296,"Term","non_twin",0,NA,FALSE,NA
"453",168,FALSE,NA,311,2600100467,2600100369,12.6046611115571,"Term","non_twin",0,NA,FALSE,NA
"454",174,FALSE,NA,569,2600100463,2600195482,9.63769654937838,"Term","non_twin",0,NA,FALSE,NA
"455",174,FALSE,NA,276,2600100463,2600100458,10.8906600650282,"Term","non_twin",0,NA,FALSE,NA
"456",174,FALSE,NA,648,2600100463,3936437,11.0958953931195,"Term","non_twin",0,NA,FALSE,NA
"457",174,FALSE,NA,668,2600100463,3964166,7.82454756293615,"Term","non_twin",0,NA,FALSE,NA
"458",174,FALSE,NA,677,2600100463,3963862,11.3781927038898,"Term","non_twin",0,NA,FALSE,NA
"459",174,FALSE,NA,177,2600100463,2600100462,7.26465840916144,"Term","non_twin",0,NA,FALSE,NA
"460",174,FALSE,NA,273,2600100463,2600100461,48.4329905444935,"Term","non_twin",0,NA,FALSE,NA
"461",177,FALSE,NA,273,2600100462,2600100461,47.7940570074398,"Term","non_twin",0,NA,FALSE,NA
"462",177,FALSE,NA,668,2600100462,3964166,10.1090076827575,"Term","non_twin",0,NA,FALSE,NA
"463",177,FALSE,NA,677,2600100462,3963862,11.9349037727771,"Term","non_twin",0,NA,FALSE,NA
"464",177,FALSE,NA,569,2600100462,2600195482,10.4847195161673,"Term","non_twin",0,NA,FALSE,NA
"465",177,FALSE,NA,648,2600100462,3936437,11.9813462443855,"Term","non_twin",0,NA,FALSE,NA
"466",177,FALSE,NA,276,2600100462,2600100458,10.5992343970308,"Term","non_twin",0,NA,FALSE,NA
"467",180,FALSE,NA,662,2600100466,3963702,32.2778991283011,"Term","non_twin",0,NA,FALSE,NA
"468",180,FALSE,NA,665,2600100466,3964150,41.9004861322734,"Term","non_twin",0,NA,FALSE,NA
"469",180,FALSE,NA,619,2600100466,3827856,37.3815252549108,"Term","non_twin",0,NA,FALSE,NA
"470",180,FALSE,NA,267,2600100466,2600100465,14.1424711540168,"Term","non_twin",0,NA,FALSE,NA
"471",180,FALSE,NA,270,2600100466,2600100460,26.3267342273713,"Term","non_twin",0,NA,FALSE,NA
"472",180,FALSE,NA,685,2600100466,3828608,41.5586737105014,"Term","non_twin",0,NA,FALSE,NA
"473",189,FALSE,NA,550,2600100453,2600164458,25.5059691347026,"Preterm","non_twin",0,NA,FALSE,NA
"474",189,FALSE,NA,210,2600100453,66600164,8.59447972350276,"Preterm","non_twin",0,NA,FALSE,NA
"475",201,FALSE,NA,607,66600146,3825745,20.1632372560373,"Preterm","non_twin",0,NA,FALSE,NA
"476",201,FALSE,NA,245,66600146,66704933,11.9691367231559,"Preterm","non_twin",0,NA,FALSE,NA
"477",201,FALSE,NA,607,66600146,3825746,18.9855016717744,"Preterm","non_twin",0,NA,FALSE,NA
"478",202,FALSE,NA,218,66600201,66627229,12.5395665159367,"Preterm","non_twin",0,NA,FALSE,NA
"479",202,FALSE,NA,208,66600201,66600215,11.8455392705313,"Preterm","non_twin",0,NA,FALSE,NA
"480",203,FALSE,NA,230,66600196,66600169,9.34573030359988,"Preterm","non_twin",0,NA,FALSE,NA
"481",203,FALSE,NA,262,66600196,2600100338,23.6034192300755,"Preterm","non_twin",0,NA,FALSE,NA
"482",203,FALSE,NA,679,66600196,3963734,25.9552596441343,"Preterm","non_twin",0,NA,FALSE,NA
"483",203,FALSE,NA,545,66600196,2600164453,30.9086508798035,"Preterm","non_twin",0,NA,FALSE,NA
"484",204,TRUE,89,205,66600193,66600192,4.74675390870435,"Preterm","DC/DA",0,"204,205",FALSE,NA
"485",206,FALSE,NA,237,66600206,66704909,10.4767850304423,"Preterm","non_twin",0,NA,FALSE,NA
"486",208,FALSE,NA,218,66600215,66627229,14.6580315655445,"Preterm","non_twin",0,NA,FALSE,NA
"487",209,FALSE,NA,324,66600230,2600100347,23.8275631362168,"Preterm","non_twin",0,NA,FALSE,NA
"488",210,FALSE,NA,550,66600164,2600164458,28.0630242470283,"Preterm","non_twin",0,NA,FALSE,NA
"489",211,FALSE,NA,223,66600224,66627251,12.5937164368744,"Preterm","non_twin",0,NA,FALSE,NA
"490",211,FALSE,NA,215,66600224,66627218,12.6155732731097,"Preterm","non_twin",0,NA,FALSE,NA
"491",212,TRUE,96,213,66627215,66627214,6.48811789331852,"Preterm","DC/DA",0,"212,213,214",FALSE,NA
"492",212,TRUE,96,214,66627215,66627213,5.33357363492809,"Preterm","DC/DA",0,"212,213,214",FALSE,NA
"493",213,TRUE,96,214,66627214,66627213,7.60738070117436,"Preterm","DC/DA",0,"212,213,214",FALSE,NA
"494",215,FALSE,NA,223,66627218,66627251,7.10340489195146,"Preterm","non_twin",0,NA,FALSE,NA
"495",216,TRUE,98,217,66627219,66627217,3.35674137636488,"Preterm","MC",0,"216,217",FALSE,NA
"496",219,FALSE,NA,709,66627230,3913610,22.2645964183572,"Preterm","non_twin",0,NA,FALSE,NA
"497",219,FALSE,NA,244,66627230,66704934,9.53700953122623,"Preterm","non_twin",0,NA,FALSE,NA
"498",219,FALSE,NA,379,66627230,2600164336,20.7987082677717,"Preterm","non_twin",0,NA,FALSE,NA
"499",220,FALSE,NA,252,66627235,66704966,8.20571312438474,"Preterm","non_twin",0,NA,FALSE,NA
"500",220,FALSE,NA,376,66627235,2600164331,20.0789417450254,"Preterm","non_twin",0,NA,FALSE,NA
"501",220,FALSE,NA,593,66627235,3826464,19.5333710104944,"Preterm","non_twin",0,NA,FALSE,NA
"502",220,FALSE,NA,593,66627235,3826465,18.4404580006388,"Preterm","non_twin",0,NA,FALSE,NA
"503",220,FALSE,NA,602,66627235,3826864,19.6000418921702,"Preterm","non_twin",0,NA,FALSE,NA
"504",220,FALSE,NA,602,66627235,3826865,20.1343438235028,"Preterm","non_twin",0,NA,FALSE,NA
"505",220,FALSE,NA,602,66627235,3826866,18.6577497530845,"Preterm","non_twin",0,NA,FALSE,NA
"506",220,FALSE,NA,593,66627235,3826466,16.2228472475357,"Preterm","non_twin",0,NA,FALSE,NA
"507",220,FALSE,NA,542,66627235,2600164452,25.871606227905,"Preterm","non_twin",0,NA,FALSE,NA
"508",221,FALSE,NA,376,66627241,2600100550,28.4746933510876,"Preterm","non_twin",0,NA,FALSE,NA
"509",221,FALSE,NA,386,66627241,2600164471,42.821730273755,"Preterm","non_twin",0,NA,FALSE,NA
"510",221,FALSE,NA,508,66627241,2600164368,20.3253446206879,"Preterm","non_twin",0,NA,FALSE,NA
"511",221,FALSE,NA,259,66627241,2600100499,25.6868169176,"Preterm","non_twin",0,NA,FALSE,NA
"512",226,FALSE,NA,570,66627270,2600195477,11.6636159596971,"Preterm","non_twin",0,NA,FALSE,NA
"513",226,FALSE,NA,590,66627270,3826691,14.0157442147893,"Preterm","non_twin",0,NA,FALSE,NA
"514",226,FALSE,NA,356,66627270,2600164316,10.8400138786062,"Preterm","non_twin",0,NA,FALSE,NA
"515",226,FALSE,NA,590,66627270,3826688,14.0375344040763,"Preterm","non_twin",0,NA,FALSE,NA
"516",226,FALSE,NA,628,66627270,3935861,11.1572429073237,"Preterm","non_twin",0,NA,FALSE,NA
"517",227,FALSE,NA,242,66627260,66704899,6.46207605954348,"Preterm","non_twin",0,NA,FALSE,NA
"518",227,FALSE,NA,347,66627260,2600100413,20.0833328232355,"Preterm","non_twin",0,NA,FALSE,NA
"519",227,FALSE,NA,350,66627260,2600164314,19.3729001159235,"Preterm","non_twin",0,NA,FALSE,NA
"520",227,FALSE,NA,612,66627260,3912135,17.6394186629081,"Preterm","non_twin",0,NA,FALSE,NA
"521",230,FALSE,NA,679,66600169,3963734,25.0795683818153,NA,"non_twin",NA,NA,NA,NA
"522",230,FALSE,NA,262,66600169,2600100338,23.883096373752,NA,"non_twin",NA,NA,NA,NA
"523",230,FALSE,NA,545,66600169,2600164453,31.1690200331611,NA,"non_twin",NA,NA,NA,NA
"524",233,FALSE,NA,250,66627292,66704942,10.9270287947651,"Preterm","non_twin",0,NA,FALSE,NA
"525",233,FALSE,NA,253,66627292,66704976,9.34372484839558,"Preterm","non_twin",0,NA,FALSE,NA
"526",233,FALSE,NA,680,66627292,3963750,21.8637502220719,"Preterm","non_twin",0,NA,FALSE,NA
"527",238,FALSE,NA,549,66704914,2600164457,15.4119394211331,"Preterm","non_twin",0,NA,FALSE,NA
"528",238,FALSE,NA,678,66704914,3964742,18.6518866770395,"Preterm","non_twin",0,NA,FALSE,NA
"529",238,FALSE,NA,315,66704914,66704970,23.1380632568696,"Preterm","non_twin",0,NA,FALSE,NA
"530",241,FALSE,NA,251,66704911,66704956,8.59744049836345,"Preterm","non_twin",0,NA,FALSE,NA
"531",241,FALSE,NA,565,66704911,2600164451,16.9146564047308,"Preterm","non_twin",0,NA,FALSE,NA
"532",242,FALSE,NA,347,66704899,2600100413,18.608438845417,"Preterm","non_twin",0,NA,FALSE,NA
"533",242,FALSE,NA,350,66704899,2600164314,19.0352083333707,"Preterm","non_twin",0,NA,FALSE,NA
"534",242,FALSE,NA,612,66704899,3912135,17.1012401585243,"Preterm","non_twin",0,NA,FALSE,NA
"535",244,FALSE,NA,379,66704934,2600164336,19.0217905408902,"Preterm","non_twin",0,NA,FALSE,NA
"536",244,FALSE,NA,709,66704934,3913610,20.454260676364,"Preterm","non_twin",0,NA,FALSE,NA
"537",245,FALSE,NA,607,66704933,3825746,25.8831172181279,"Preterm","non_twin",0,NA,FALSE,NA
"538",245,FALSE,NA,607,66704933,3825745,27.0460105394835,"Preterm","non_twin",0,NA,FALSE,NA
"539",246,TRUE,123,247,66704930,66704931,2.65425761362759,"Preterm","MC",0,"246,247",FALSE,NA
"540",246,TRUE,123,247,66704945,66704946,5.96007973185762,"Preterm","MC",0,"246,247",FALSE,NA
"541",248,TRUE,124,249,66704947,66704944,6.82614305943701,"Preterm","MC",0,"248,249",FALSE,NA
"542",250,FALSE,NA,253,66704942,66704976,7.22438936210528,"Preterm","non_twin",0,NA,FALSE,NA
"543",250,FALSE,NA,680,66704942,3963750,17.5148294061932,"Preterm","non_twin",0,NA,FALSE,NA
"544",251,FALSE,NA,565,66704956,2600164451,14.2900117835396,"Preterm","non_twin",0,NA,FALSE,NA
"545",252,FALSE,NA,542,66704966,2600164452,22.8601234952963,"Preterm","non_twin",0,NA,FALSE,NA
"546",252,FALSE,NA,593,66704966,3826466,13.663546280139,"Preterm","non_twin",0,NA,FALSE,NA
"547",252,FALSE,NA,376,66704966,2600164331,16.4521431405167,"Preterm","non_twin",0,NA,FALSE,NA
"548",252,FALSE,NA,602,66704966,3826864,16.7636384372591,"Preterm","non_twin",0,NA,FALSE,NA
"549",252,FALSE,NA,602,66704966,3826865,16.6519973594566,"Preterm","non_twin",0,NA,FALSE,NA
"550",252,FALSE,NA,593,66704966,3826464,16.1129554809088,"Preterm","non_twin",0,NA,FALSE,NA
"551",252,FALSE,NA,593,66704966,3826465,15.1090561592195,"Preterm","non_twin",0,NA,FALSE,NA
"552",252,FALSE,NA,602,66704966,3826866,15.3276867538598,"Preterm","non_twin",0,NA,FALSE,NA
"553",253,FALSE,NA,680,66704976,3963750,20.24431013968,"Preterm","non_twin",0,NA,FALSE,NA
"554",256,TRUE,131,257,2600100506,2600100507,7.25138237747121,"Preterm","MC",0,"256,257",FALSE,NA
"555",259,FALSE,NA,508,2600100499,2600164368,10.8346048094358,"Preterm","non_twin",0,NA,FALSE,NA
"556",259,FALSE,NA,386,2600100499,2600164471,25.9022046481212,"Preterm","non_twin",0,NA,FALSE,NA
"557",259,FALSE,NA,376,2600100499,2600100550,16.5633937606186,"Preterm","non_twin",0,NA,FALSE,NA
"558",262,FALSE,NA,679,2600100338,3963734,11.4233657647407,"Preterm","non_twin",0,NA,FALSE,NA
"559",262,FALSE,NA,545,2600100338,2600164453,16.0144566258241,"Preterm","non_twin",0,NA,FALSE,NA
"560",267,FALSE,NA,662,2600100465,3963702,23.7137345115657,"Term","non_twin",0,NA,FALSE,NA
"561",267,FALSE,NA,619,2600100465,3827856,28.3957961329658,"Term","non_twin",0,NA,FALSE,NA
"562",267,FALSE,NA,665,2600100465,3964150,32.5765514692154,"Term","non_twin",0,NA,FALSE,NA
"563",267,FALSE,NA,270,2600100465,2600100460,19.2811086776188,"Term","non_twin",0,NA,FALSE,NA
"564",267,FALSE,NA,685,2600100465,3828608,32.4677908434369,"Term","non_twin",0,NA,FALSE,NA
"565",270,FALSE,NA,662,2600100460,3963702,14.275335598901,"Term","non_twin",0,NA,FALSE,NA
"566",270,FALSE,NA,685,2600100460,3828608,19.6280261675124,"Term","non_twin",0,NA,FALSE,NA
"567",270,FALSE,NA,619,2600100460,3827856,17.5835009417963,"Term","non_twin",0,NA,FALSE,NA
"568",270,FALSE,NA,665,2600100460,3964150,20.6146082953751,"Term","non_twin",0,NA,FALSE,NA
"569",273,FALSE,NA,677,2600100461,3963862,47.5359716242758,"Term","non_twin",0,NA,FALSE,NA
"570",273,FALSE,NA,648,2600100461,3936437,45.8204541221685,"Term","non_twin",0,NA,FALSE,NA
"571",273,FALSE,NA,668,2600100461,3964166,48.4221727788866,"Term","non_twin",0,NA,FALSE,NA
"572",273,FALSE,NA,276,2600100461,2600100458,49.9584871258568,"Term","non_twin",0,NA,FALSE,NA
"573",273,FALSE,NA,569,2600100461,2600195482,52.266957080715,"Term","non_twin",0,NA,FALSE,NA
"574",276,FALSE,NA,677,2600100458,3963862,10.9403950461969,"Term","non_twin",0,NA,FALSE,NA
"575",276,FALSE,NA,668,2600100458,3964166,10.8621980856478,"Term","non_twin",0,NA,FALSE,NA
"576",276,FALSE,NA,569,2600100458,2600195482,10.6067624023497,"Term","non_twin",0,NA,FALSE,NA
"577",276,FALSE,NA,648,2600100458,3936437,10.9566697516741,"Term","non_twin",0,NA,FALSE,NA
"578",282,FALSE,NA,363,2600100456,2600164325,15.7096692660824,"Term","non_twin",551,NA,TRUE,"282,557"
"579",282,FALSE,NA,492,2600100456,2600164373,12.2554513619337,"Term","non_twin",551,NA,TRUE,"282,557"
"580",282,FALSE,NA,690,2600100456,3912871,12.372402948433,"Term","non_twin",551,NA,TRUE,"282,557"
"581",282,FALSE,NA,293,2600100456,2600100421,23.0089070483672,"Term","non_twin",551,NA,TRUE,"282,557"
"582",282,FALSE,NA,297,2600100456,2600100361,16.8707236575146,"Term","non_twin",551,NA,TRUE,"282,557"
"583",282,FALSE,NA,299,2600100456,2600100363,15.6570110029592,"Term","non_twin",551,NA,TRUE,"282,557"
"584",282,FALSE,NA,534,2600100456,2600164415,11.6380227591592,"Term","non_twin",551,NA,TRUE,"282,557"
"585",282,FALSE,NA,683,2600100456,3828528,12.6581474172059,"Term","non_twin",551,NA,TRUE,"282,557"
"586",285,FALSE,NA,488,2600100455,2600164372,16.7803160509703,"Term","non_twin",0,NA,FALSE,NA
"587",285,FALSE,NA,311,2600100455,2600100369,13.939788167813,"Term","non_twin",0,NA,FALSE,NA
"588",285,FALSE,NA,332,2600100455,2600100376,16.2260716766382,"Term","non_twin",0,NA,FALSE,NA
"589",285,FALSE,NA,634,2600100455,3935925,15.0702809077585,"Term","non_twin",0,NA,FALSE,NA
"590",285,FALSE,NA,649,2600100455,3936485,14.3105474050034,"Term","non_twin",0,NA,FALSE,NA
"591",285,FALSE,NA,653,2600100455,3964406,14.9282201073654,"Term","non_twin",0,NA,FALSE,NA
"592",285,FALSE,NA,716,2600100455,3913722,17.8397514331478,"Term","non_twin",0,NA,FALSE,NA
"593",285,FALSE,NA,537,2600100455,2600164417,14.0800231633119,"Term","non_twin",0,NA,FALSE,NA
"594",285,FALSE,NA,624,2600100455,3912839,14.3023669076922,"Term","non_twin",0,NA,FALSE,NA
"595",285,FALSE,NA,532,2600100455,2600164414,17.6880717336105,"Term","non_twin",0,NA,FALSE,NA
"596",290,FALSE,NA,522,2600100447,2600164397,15.6192829951186,"Term","non_twin",0,NA,FALSE,NA
"597",290,FALSE,NA,488,2600100447,2600164478,21.0316977253383,"Term","non_twin",0,NA,FALSE,NA
"598",290,FALSE,NA,533,2600100447,2600164416,15.2883040283103,"Term","non_twin",0,NA,FALSE,NA
"599",290,FALSE,NA,564,2600100447,2600100334,8.84654076632782,"Term","non_twin",0,NA,FALSE,NA
"600",290,FALSE,NA,647,2600100447,3936421,12.4923963099339,"Term","non_twin",0,NA,FALSE,NA
"601",290,FALSE,NA,340,2600100447,2600100380,10.1164047257956,"Term","non_twin",0,NA,FALSE,NA
"602",290,FALSE,NA,382,2600100447,2600164335,9.61347722244922,"Term","non_twin",0,NA,FALSE,NA
"603",293,FALSE,NA,297,2600100421,2600100361,29.7960468405022,"Term","non_twin",1041,NA,TRUE,"293,606"
"604",293,FALSE,NA,534,2600100421,2600164415,22.1507163122843,"Term","non_twin",1041,NA,TRUE,"293,606"
"605",293,FALSE,NA,299,2600100421,2600100363,26.0734853576886,"Term","non_twin",1041,NA,TRUE,"293,606"
"606",293,FALSE,NA,690,2600100421,3912871,26.7379401780541,"Term","non_twin",1041,NA,TRUE,"293,606"
"607",293,FALSE,NA,363,2600100421,2600164325,17.5585860432752,"Term","non_twin",1041,NA,TRUE,"293,606"
"608",293,FALSE,NA,492,2600100421,2600164373,21.6413590192945,"Term","non_twin",1041,NA,TRUE,"293,606"
"609",293,FALSE,NA,683,2600100421,3828528,25.0917466455944,"Term","non_twin",1041,NA,TRUE,"293,606"
"610",297,FALSE,NA,492,2600100361,2600164373,13.1253292047438,"Term","non_twin",0,NA,FALSE,NA
"611",297,FALSE,NA,363,2600100361,2600164325,23.0464632769716,"Term","non_twin",0,NA,FALSE,NA
"612",297,FALSE,NA,299,2600100361,2600100363,13.0275252003479,"Term","non_twin",0,NA,FALSE,NA
"613",297,FALSE,NA,690,2600100361,3912871,13.7073867317279,"Term","non_twin",0,NA,FALSE,NA
"614",297,FALSE,NA,534,2600100361,2600164415,13.8146853158061,"Term","non_twin",0,NA,FALSE,NA
"615",297,FALSE,NA,683,2600100361,3828528,11.5867830275642,"Term","non_twin",0,NA,FALSE,NA
"616",299,FALSE,NA,492,2600100363,2600164373,10.5863551698259,"Term","non_twin",0,NA,FALSE,NA
"617",299,FALSE,NA,363,2600100363,2600164325,19.6248752331728,"Term","non_twin",0,NA,FALSE,NA
"618",299,FALSE,NA,690,2600100363,3912871,14.0325857669943,"Term","non_twin",0,NA,FALSE,NA
"619",299,FALSE,NA,534,2600100363,2600164415,10.6539988815116,"Term","non_twin",0,NA,FALSE,NA
"620",299,FALSE,NA,683,2600100363,3828528,11.0666568732635,"Term","non_twin",0,NA,FALSE,NA
"621",302,FALSE,NA,308,2600100364,2600100374,12.1693292646062,"Term","non_twin",0,NA,FALSE,NA
"622",302,FALSE,NA,305,2600100364,2600100371,9.82001466262144,"Term","non_twin",0,NA,FALSE,NA
"623",302,FALSE,NA,684,2600100364,3828864,8.9909344839149,"Term","non_twin",0,NA,FALSE,NA
"624",302,FALSE,NA,357,2600100364,2600164322,11.8956011339549,"Term","non_twin",0,NA,FALSE,NA
"625",302,FALSE,NA,557,2600100364,2600164402,8.30307093204677,"Term","non_twin",0,NA,FALSE,NA
"626",305,FALSE,NA,308,2600100371,2600100374,14.3086163636146,"Term","non_twin",0,NA,FALSE,NA
"627",305,FALSE,NA,357,2600100371,2600164322,10.7169451958592,"Term","non_twin",0,NA,FALSE,NA
"628",305,FALSE,NA,557,2600100371,2600164402,10.006153956436,"Term","non_twin",0,NA,FALSE,NA
"629",305,FALSE,NA,684,2600100371,3828864,13.1388888344848,"Term","non_twin",0,NA,FALSE,NA
"630",308,FALSE,NA,357,2600100374,2600164322,17.0591867523382,"Term","non_twin",0,NA,FALSE,NA
"631",308,FALSE,NA,684,2600100374,3828864,10.3412419010702,"Term","non_twin",0,NA,FALSE,NA
"632",308,FALSE,NA,557,2600100374,2600164402,12.6390964599452,"Term","non_twin",0,NA,FALSE,NA
"633",311,FALSE,NA,537,2600100369,2600164417,7.15458406012537,"Term","non_twin",0,NA,FALSE,NA
"634",311,FALSE,NA,488,2600100369,2600164372,8.76252776912861,"Term","non_twin",0,NA,FALSE,NA
"635",311,FALSE,NA,532,2600100369,2600164414,9.91957232873726,"Term","non_twin",0,NA,FALSE,NA
"636",311,FALSE,NA,649,2600100369,3936485,9.78606553713749,"Term","non_twin",0,NA,FALSE,NA
"637",311,FALSE,NA,332,2600100369,2600100376,5.40992556422914,"Term","non_twin",0,NA,FALSE,NA
"638",311,FALSE,NA,624,2600100369,3912839,8.89896365522132,"Term","non_twin",0,NA,FALSE,NA
"639",311,FALSE,NA,634,2600100369,3935925,9.01873223504557,"Term","non_twin",0,NA,FALSE,NA
"640",311,FALSE,NA,653,2600100369,3964406,9.0422190571148,"Term","non_twin",0,NA,FALSE,NA
"641",311,FALSE,NA,716,2600100369,3913722,10.1788889158248,"Term","non_twin",0,NA,FALSE,NA
"642",315,FALSE,NA,678,66704970,3964742,19.0647826464177,NA,"non_twin",NA,NA,NA,NA
"643",315,FALSE,NA,549,66704970,2600164457,21.4773636579726,NA,"non_twin",NA,NA,NA,NA
"644",316,TRUE,151,317,66704972,66704973,7.37797566089778,"Preterm","MC",0,"316,317",FALSE,NA
"645",332,FALSE,NA,653,2600100376,3964406,10.3437944228194,"Term","non_twin",0,NA,FALSE,NA
"646",332,FALSE,NA,716,2600100376,3913722,9.70160557969659,"Term","non_twin",0,NA,FALSE,NA
"647",332,FALSE,NA,532,2600100376,2600164414,9.64940643883084,"Term","non_twin",0,NA,FALSE,NA
"648",332,FALSE,NA,634,2600100376,3935925,10.3698715997523,"Term","non_twin",0,NA,FALSE,NA
"649",332,FALSE,NA,649,2600100376,3936485,10.879923475781,"Term","non_twin",0,NA,FALSE,NA
"650",332,FALSE,NA,488,2600100376,2600164372,9.01658207800772,"Term","non_twin",0,NA,FALSE,NA
"651",332,FALSE,NA,537,2600100376,2600164417,8.34096076194463,"Term","non_twin",0,NA,FALSE,NA
"652",332,FALSE,NA,624,2600100376,3912839,10.628712866855,"Term","non_twin",0,NA,FALSE,NA
"653",340,FALSE,NA,382,2600100380,2600164335,8.09659208762242,"Term","non_twin",0,NA,FALSE,NA
"654",340,FALSE,NA,564,2600100380,2600100334,7.70697554181924,"Term","non_twin",0,NA,FALSE,NA
"655",340,FALSE,NA,647,2600100380,3936421,7.96701820236718,"Term","non_twin",0,NA,FALSE,NA
"656",340,FALSE,NA,522,2600100380,2600164397,10.1310349108174,"Term","non_twin",0,NA,FALSE,NA
"657",340,FALSE,NA,533,2600100380,2600164416,9.66204004013904,"Term","non_twin",0,NA,FALSE,NA
"658",340,FALSE,NA,488,2600100380,2600164478,16.4690447292428,"Term","non_twin",0,NA,FALSE,NA
"659",347,FALSE,NA,612,2600100413,3912135,9.99738837158485,"Preterm","non_twin",678,NA,TRUE,"347,587"
"660",347,FALSE,NA,350,2600100413,2600164314,10.6346023374831,"Preterm","non_twin",678,NA,TRUE,"347,587"
"661",350,FALSE,NA,612,2600164314,3912135,12.8732054907432,"Preterm","non_twin",0,NA,FALSE,NA
"662",356,FALSE,NA,570,2600164316,2600195477,10.0233632287022,"Preterm","non_twin",0,NA,FALSE,NA
"663",356,FALSE,NA,590,2600164316,3826691,11.514660580625,"Preterm","non_twin",0,NA,FALSE,NA
"664",356,FALSE,NA,628,2600164316,3935861,10.8713962806946,"Preterm","non_twin",0,NA,FALSE,NA
"665",356,FALSE,NA,590,2600164316,3826688,12.1029668955095,"Preterm","non_twin",0,NA,FALSE,NA
"666",357,FALSE,NA,557,2600164322,2600164402,11.1653233837605,"Term","non_twin",0,NA,FALSE,NA
"667",357,FALSE,NA,684,2600164322,3828864,17.2741016360331,"Term","non_twin",0,NA,FALSE,NA
"668",363,FALSE,NA,492,2600164325,2600164373,13.9447979295829,"Term","non_twin",0,NA,FALSE,NA
"669",363,FALSE,NA,690,2600164325,3912871,18.1004920050754,"Term","non_twin",0,NA,FALSE,NA
"670",363,FALSE,NA,683,2600164325,3828528,17.0474983831206,"Term","non_twin",0,NA,FALSE,NA
"671",363,FALSE,NA,534,2600164325,2600164415,13.8744596699655,"Term","non_twin",0,NA,FALSE,NA
"672",366,TRUE,169,367,2600164320,2600164323,5.16013932183037,"Term","MC",0,"366,367",FALSE,NA
"673",376,FALSE,NA,593,2600164331,3826466,8.60461261953727,"Preterm","non_twin",0,NA,FALSE,NA
"674",376,FALSE,NA,593,2600164331,3826464,7.03545774264191,"Preterm","non_twin",0,NA,FALSE,NA
"675",376,FALSE,NA,593,2600164331,3826465,7.56311949727756,"Preterm","non_twin",0,NA,FALSE,NA
"676",376,FALSE,NA,602,2600164331,3826865,5.25774795401986,"Preterm","non_twin",0,NA,FALSE,NA
"677",376,FALSE,NA,602,2600164331,3826866,5.94114941277359,"Preterm","non_twin",0,NA,FALSE,NA
"678",376,FALSE,NA,602,2600164331,3826864,7.29276244314868,"Preterm","non_twin",0,NA,FALSE,NA
"679",376,FALSE,NA,542,2600164331,2600164452,11.343334720879,"Preterm","non_twin",0,NA,FALSE,NA
"680",376,FALSE,NA,386,2600100550,2600164471,22.1411748699115,"Preterm","non_twin",0,NA,FALSE,NA
"681",376,FALSE,NA,508,2600100550,2600164368,19.1178589263992,"Preterm","non_twin",0,NA,FALSE,NA
"682",379,FALSE,NA,709,2600164336,3913610,12.395748366803,"Preterm","non_twin",0,NA,FALSE,NA
"683",382,FALSE,NA,647,2600164335,3936421,9.06243723763095,"Term","non_twin",0,NA,FALSE,NA
"684",382,FALSE,NA,533,2600164335,2600164416,7.99307112911552,"Term","non_twin",0,NA,FALSE,NA
"685",382,FALSE,NA,564,2600164335,2600100334,7.13059761012708,"Term","non_twin",0,NA,FALSE,NA
"686",382,FALSE,NA,488,2600164335,2600164478,15.8120796034424,"Term","non_twin",0,NA,FALSE,NA
"687",382,FALSE,NA,522,2600164335,2600164397,9.5102703512203,"Term","non_twin",0,NA,FALSE,NA
"688",386,FALSE,NA,508,2600164471,2600164368,30.5803971492262,"Preterm","non_twin",0,NA,FALSE,NA
"689",477,FALSE,NA,595,2600164345,3826354,7.77702806516088,"Term","non_twin",0,NA,FALSE,NA
"690",477,FALSE,NA,595,2600164345,3826355,7.84935542839028,"Term","non_twin",0,NA,FALSE,NA
"691",477,FALSE,NA,652,2600164345,3936503,8.90039477434007,"Term","non_twin",0,NA,FALSE,NA
"692",477,FALSE,NA,595,2600164345,3826352,7.6956003277912,"Term","non_twin",0,NA,FALSE,NA
"693",477,FALSE,NA,595,2600164345,3826353,7.68406314902474,"Term","non_twin",0,NA,FALSE,NA
"694",477,FALSE,NA,652,2600164345,3936501,8.77308002420473,"Term","non_twin",0,NA,FALSE,NA
"695",477,FALSE,NA,606,2600164345,3825904,11.7981772262753,"Term","non_twin",0,NA,FALSE,NA
"696",488,FALSE,NA,647,2600164478,3936421,13.0956184737262,"Term","non_twin",0,NA,FALSE,NA
"697",488,FALSE,NA,564,2600164478,2600100334,17.3479843116888,"Term","non_twin",0,NA,FALSE,NA
"698",488,FALSE,NA,716,2600164372,3913722,10.4463342674883,"Term","non_twin",0,NA,FALSE,NA
"699",488,FALSE,NA,522,2600164478,2600164397,14.4125651975906,"Term","non_twin",0,NA,FALSE,NA
"700",488,FALSE,NA,533,2600164478,2600164416,13.7349526493032,"Term","non_twin",0,NA,FALSE,NA
"701",488,FALSE,NA,532,2600164372,2600164414,8.74050190322615,"Term","non_twin",0,NA,FALSE,NA
"702",488,FALSE,NA,537,2600164372,2600164417,9.03575177195567,"Term","non_twin",0,NA,FALSE,NA
"703",488,FALSE,NA,624,2600164372,3912839,10.1582023575975,"Term","non_twin",0,NA,FALSE,NA
"704",488,FALSE,NA,634,2600164372,3935925,11.5411917990085,"Term","non_twin",0,NA,FALSE,NA
"705",488,FALSE,NA,649,2600164372,3936485,8.45229999166499,"Term","non_twin",0,NA,FALSE,NA
"706",488,FALSE,NA,653,2600164372,3964406,11.5253202063891,"Term","non_twin",0,NA,FALSE,NA
"707",492,FALSE,NA,534,2600164373,2600164415,6.54971640802867,"Term","non_twin",0,NA,FALSE,NA
"708",492,FALSE,NA,690,2600164373,3912871,12.5829592810793,"Term","non_twin",0,NA,FALSE,NA
"709",492,FALSE,NA,683,2600164373,3828528,7.52860692259863,"Term","non_twin",0,NA,FALSE,NA
"710",522,FALSE,NA,647,2600164397,3936421,9.32602491153117,"Term","non_twin",0,NA,FALSE,NA
"711",522,FALSE,NA,533,2600164397,2600164416,5.84241266090474,"Term","non_twin",0,NA,FALSE,NA
"712",522,FALSE,NA,564,2600164397,2600100334,10.5594103496834,"Term","non_twin",0,NA,FALSE,NA
"713",529,TRUE,201,531,2600164407,2600164406,13.1599436958408,"Preterm","DC/DA",0,"529,530,531",FALSE,NA
"714",529,TRUE,201,530,2600164409,2600164408,9.77442192946979,"Preterm","DC/DA",0,"529,530,531",FALSE,NA
"715",529,TRUE,201,530,2600164407,2600164405,16.7127877456814,"Preterm","DC/DA",0,"529,530,531",FALSE,NA
"716",530,TRUE,201,531,2600164405,2600164406,14.6345854853904,"Preterm","DC/DA",0,"529,530,531",FALSE,NA
"717",532,FALSE,NA,537,2600164414,2600164417,12.7178413570897,"Term","non_twin",0,NA,FALSE,NA
"718",532,FALSE,NA,653,2600164414,3964406,9.75556814796042,"Term","non_twin",0,NA,FALSE,NA
"719",532,FALSE,NA,649,2600164414,3936485,9.57907936925047,"Term","non_twin",0,NA,FALSE,NA
"720",532,FALSE,NA,716,2600164414,3913722,7.67568595782813,"Term","non_twin",0,NA,FALSE,NA
"721",532,FALSE,NA,624,2600164414,3912839,9.28279095784237,"Term","non_twin",0,NA,FALSE,NA
"722",532,FALSE,NA,634,2600164414,3935925,10.4411751676715,"Term","non_twin",0,NA,FALSE,NA
"723",533,FALSE,NA,564,2600164416,2600100334,10.9226489314749,"Term","non_twin",0,NA,FALSE,NA
"724",533,FALSE,NA,647,2600164416,3936421,9.15355438245166,"Term","non_twin",0,NA,FALSE,NA
"725",534,FALSE,NA,683,2600164415,3828528,7.3515665894284,"Term","non_twin",0,NA,FALSE,NA
"726",534,FALSE,NA,690,2600164415,3912871,11.8261239919891,"Term","non_twin",0,NA,FALSE,NA
"727",537,FALSE,NA,649,2600164417,3936485,11.6891397813612,"Term","non_twin",0,NA,FALSE,NA
"728",537,FALSE,NA,716,2600164417,3913722,12.8343703231207,"Term","non_twin",0,NA,FALSE,NA
"729",537,FALSE,NA,624,2600164417,3912839,11.8429642800145,"Term","non_twin",0,NA,FALSE,NA
"730",537,FALSE,NA,634,2600164417,3935925,12.7726776066728,"Term","non_twin",0,NA,FALSE,NA
"731",537,FALSE,NA,653,2600164417,3964406,13.000537447675,"Term","non_twin",0,NA,FALSE,NA
"732",542,FALSE,NA,593,2600164452,3826466,16.3343416111057,"Preterm","non_twin",0,NA,FALSE,NA
"733",542,FALSE,NA,602,2600164452,3826864,13.7234695349245,"Preterm","non_twin",0,NA,FALSE,NA
"734",542,FALSE,NA,602,2600164452,3826865,12.5690352522857,"Preterm","non_twin",0,NA,FALSE,NA
"735",542,FALSE,NA,593,2600164452,3826464,14.416566104919,"Preterm","non_twin",0,NA,FALSE,NA
"736",542,FALSE,NA,593,2600164452,3826465,15.1379309571355,"Preterm","non_twin",0,NA,FALSE,NA
"737",542,FALSE,NA,602,2600164452,3826866,13.6276950115124,"Preterm","non_twin",0,NA,FALSE,NA
"738",545,FALSE,NA,679,2600164453,3963734,15.878403686218,"Preterm","non_twin",0,NA,FALSE,NA
"739",549,FALSE,NA,678,2600164457,3964742,9.75119234808236,"Preterm","non_twin",0,NA,FALSE,NA
"740",557,FALSE,NA,684,2600164402,3828864,11.9571366767237,"Term","non_twin",551,NA,TRUE,"282,557"
"741",564,FALSE,NA,647,2600100334,3936421,8.51477786778081,"Term","non_twin",0,NA,FALSE,NA
"742",569,FALSE,NA,677,2600195482,3963862,13.1195096105628,"Term","non_twin",705,NA,TRUE,"132,569"
"743",569,FALSE,NA,668,2600195482,3964166,10.0746488616651,"Term","non_twin",705,NA,TRUE,"132,569"
"744",569,FALSE,NA,648,2600195482,3936437,15.4732879283186,"Term","non_twin",705,NA,TRUE,"132,569"
"745",570,FALSE,NA,590,2600195477,3826688,12.2303234472867,"Preterm","non_twin",0,NA,FALSE,NA
"746",570,FALSE,NA,628,2600195477,3935861,9.63571868506184,"Preterm","non_twin",0,NA,FALSE,NA
"747",570,FALSE,NA,590,2600195477,3826691,11.8385287818673,"Preterm","non_twin",0,NA,FALSE,NA
"748",590,FALSE,NA,628,3826691,3935861,13.6667138693049,"Preterm","non_twin",0,NA,FALSE,NA
"749",590,FALSE,NA,628,3826688,3935861,12.8801536769132,"Preterm","non_twin",0,NA,FALSE,NA
"750",593,FALSE,NA,602,3826466,3826865,7.65325309405092,"Preterm","non_twin",0,NA,FALSE,NA
"751",593,FALSE,NA,602,3826466,3826866,6.59143504182511,"Preterm","non_twin",0,NA,FALSE,NA
"752",593,FALSE,NA,602,3826464,3826866,5.61059867914289,"Preterm","non_twin",0,NA,FALSE,NA
"753",593,FALSE,NA,602,3826465,3826864,7.38038763601886,"Preterm","non_twin",0,NA,FALSE,NA
"754",593,FALSE,NA,602,3826465,3826865,6.25573892908743,"Preterm","non_twin",0,NA,FALSE,NA
"755",593,FALSE,NA,602,3826466,3826864,7.57406988564273,"Preterm","non_twin",0,NA,FALSE,NA
"756",593,FALSE,NA,602,3826465,3826866,5.70539998252533,"Preterm","non_twin",0,NA,FALSE,NA
"757",593,FALSE,NA,602,3826464,3826865,5.74538325566711,"Preterm","non_twin",0,NA,FALSE,NA
"758",593,FALSE,NA,602,3826464,3826864,7.07680228451382,"Preterm","non_twin",0,NA,FALSE,NA
"759",595,FALSE,NA,606,3826353,3825904,8.0680308887609,"Term","non_twin",0,NA,FALSE,NA
"760",595,FALSE,NA,652,3826353,3936501,8.19070341353537,"Term","non_twin",0,NA,FALSE,NA
"761",595,FALSE,NA,606,3826355,3825904,8.26500809957256,"Term","non_twin",0,NA,FALSE,NA
"762",595,FALSE,NA,652,3826354,3936503,7.85587445766542,"Term","non_twin",0,NA,FALSE,NA
"763",595,FALSE,NA,606,3826352,3825904,7.91730154058187,"Term","non_twin",0,NA,FALSE,NA
"764",595,FALSE,NA,652,3826353,3936503,7.893945860354,"Term","non_twin",0,NA,FALSE,NA
"765",595,FALSE,NA,652,3826354,3936501,8.16720803528354,"Term","non_twin",0,NA,FALSE,NA
"766",595,FALSE,NA,652,3826355,3936503,7.98638652458044,"Term","non_twin",0,NA,FALSE,NA
"767",595,FALSE,NA,606,3826354,3825904,8.02024719751829,"Term","non_twin",0,NA,FALSE,NA
"768",595,FALSE,NA,652,3826355,3936501,8.30650719676447,"Term","non_twin",0,NA,FALSE,NA
"769",595,FALSE,NA,652,3826352,3936503,7.77016066489619,"Term","non_twin",0,NA,FALSE,NA
"770",595,FALSE,NA,652,3826352,3936501,8.08115685952204,"Term","non_twin",0,NA,FALSE,NA
"771",606,FALSE,NA,652,3825904,3936503,9.1421233891695,"Term","non_twin",1041,NA,TRUE,"293,606"
"772",606,FALSE,NA,652,3825904,3936501,8.99614944278384,"Term","non_twin",1041,NA,TRUE,"293,606"
"773",619,FALSE,NA,685,3827856,3828608,12.4212539559418,"Term","non_twin",0,NA,FALSE,NA
"774",619,FALSE,NA,665,3827856,3964150,9.49524529457244,"Term","non_twin",0,NA,FALSE,NA
"775",619,FALSE,NA,662,3827856,3963702,10.2784882958001,"Term","non_twin",0,NA,FALSE,NA
"776",624,FALSE,NA,653,3912839,3964406,5.75566116557429,"Term","non_twin",0,NA,FALSE,NA
"777",624,FALSE,NA,649,3912839,3936485,6.80522643690862,"Term","non_twin",0,NA,FALSE,NA
"778",624,FALSE,NA,634,3912839,3935925,6.58466144031719,"Term","non_twin",0,NA,FALSE,NA
"779",624,FALSE,NA,716,3912839,3913722,9.40736059894591,"Term","non_twin",0,NA,FALSE,NA
"780",632,TRUE,251,633,3935893,3935909,3.36043565544707,"Term","DC/DA",0,"632,633",FALSE,NA
"781",634,FALSE,NA,653,3935925,3964406,4.8677854973386,"Term","non_twin",0,NA,FALSE,NA
"782",634,FALSE,NA,716,3935925,3913722,10.2819251126382,"Term","non_twin",0,NA,FALSE,NA
"783",634,FALSE,NA,649,3935925,3936485,8.06745608785074,"Term","non_twin",0,NA,FALSE,NA
"784",637,TRUE,255,638,3936069,3936085,3.7840634525996,"Preterm","MC",0,"637,638",FALSE,NA
"785",645,FALSE,NA,654,3936165,3963558,5.98176359745184,"Preterm","non_twin",0,NA,FALSE,NA
"786",648,FALSE,NA,668,3936437,3964166,11.8489991797746,"Term","non_twin",0,NA,FALSE,NA
"787",648,FALSE,NA,677,3936437,3963862,8.65022337782673,"Term","non_twin",0,NA,FALSE,NA
"788",649,FALSE,NA,653,3936485,3964406,7.26000936206697,"Term","non_twin",0,NA,FALSE,NA
"789",649,FALSE,NA,716,3936485,3913722,10.6345702067973,"Term","non_twin",0,NA,FALSE,NA
"790",653,FALSE,NA,716,3964406,3913722,9.1680816050633,"Term","non_twin",0,NA,FALSE,NA
"791",655,TRUE,272,656,3963814,3963830,23.2882344527897,"Preterm","DC/DA",0,"655,656",FALSE,NA
"792",662,FALSE,NA,685,3963702,3828608,13.9517486280072,"Term","non_twin",0,NA,FALSE,NA
"793",662,FALSE,NA,665,3963702,3964150,13.6888284954995,"Term","non_twin",0,NA,FALSE,NA
"794",665,FALSE,NA,685,3964150,3828608,8.81444211740596,"Term","non_twin",0,NA,FALSE,NA
"795",668,FALSE,NA,677,3964166,3963862,10.6495943586599,"Term","non_twin",0,NA,FALSE,NA
"796",674,TRUE,290,675,3963766,3963782,11.5114202927528,"Preterm","MC",0,"674,675",FALSE,NA
"797",683,FALSE,NA,690,3828528,3912871,10.1817303749952,"Term","non_twin",0,NA,FALSE,NA
