plateBC,Priming_condition,cluster_label,n,prop
11288612,LPS (E.coli),Stress,58,0.1686046511627907
11292538,NPC,Stress,45,0.1271186440677966
11293089,LPS (Bacteroides),Stress,46,0.12742382271468145
11293093,LPS (Bacteroides),Stress,42,0.13291139240506328
11293094,LPS (E.coli),Stress,80,0.22346368715083798
11293101,NPC,Stress,42,0.11475409836065574
11293102,NPC,Stress,43,0.11911357340720222
11293109,LPS (Bacteroides),Stress,46,0.14153846153846153
11293110,LPS (E.coli),Stress,79,0.21351351351351353
