"","study_id","SampleID","Assay","subject_tpt","stimulation","MissingFreq","LOD","NPX","Normalization","Assay_Warning","SampleQC","Project_Original","Barcode.ID","batch","subject_type","timepoint","NPX_CB","NPX_log2FC","IFNG_category"
"162",3210,38771,"IFNG","CB","Unstimulated",0.0511,-3.2289,-2.2865,"Intensity","PASS","PASS","P230196_plate1and2","30914","On Olink explore plate 1; Oxford facility","Baby","CB",-2.2865,0,"IFNgHIGH"
"2376",3210,39188,"IFNG","1M Baby","Unstimulated",0.0511,-3.2289,-2.2227,"Intensity","PASS","PASS","P230196_plate1and2","30939","On Olink explore plate 1; Oxford facility","Baby","1M",-2.2865,0.0638000000000001,"IFNgHIGH"
"4590",3210,39301,"IFNG","1W Baby","Unstimulated",0.0511,-3.2289,0.7518,"Intensity","PASS","PASS","P230196_plate1and2","30928","On Olink explore plate 1; Oxford facility","Baby","1W",-2.2865,3.0383,"IFNgHIGH"
"11232",3210,39546,"IFNG","3M Baby","Unstimulated",0.0511,-3.2289,-2.7821,"Intensity","PASS","PASS","P230196_plate1and2","30973","On Olink explore plate 1; Oxford facility","Baby","3M",-2.2865,-0.4956,"IFNgHIGH"
"13446",3210,39650,"IFNG","5M Baby","Unstimulated",0.0511,-3.2289,-1.6029,"Intensity","PASS","PASS","P230196_plate1and2","31069","On Olink explore plate 1; Oxford facility","Baby","5M",-2.2865,0.6836,"IFNgHIGH"
"15660",3210,50301,"IFNG","12M Baby","Unstimulated",NA,NA,-0.149983537054062,"Intensity","PASS","PASS","P250013_plate1234","31189","On Olink Explore_Oxford_Feb 2025_Plate 1","Baby","12M",-2.2865,2.13651646294594,"IFNgHIGH"
"22302",3237,39664,"IFNG","CB","Unstimulated",0.0511,-2.5905,-2.4627,"Intensity","PASS","PASS","P230196_plate1and2","30997","On Olink explore plate 2; Oxford facility","Baby","CB",-2.4627,0,"IFNgLOW"
"24516",3237,39670,"IFNG","1W Baby","Unstimulated",0.0511,-2.5905,-2.0134,"Intensity","PASS","PASS","P230196_plate1and2","31003","On Olink explore plate 2; Oxford facility","Baby","1W",-2.4627,0.4493,"IFNgLOW"
"30789",3237,39712,"IFNG","1M Baby","Unstimulated",0.0511,-2.5905,-0.3587,"Intensity","PASS","PASS","P230196_plate1and2","31051","On Olink explore plate 2; Oxford facility","Baby","1M",-2.4627,2.104,"IFNgLOW"
"33003",3237,40272,"IFNG","3M Baby","Unstimulated",0.0511,-2.5905,-0.8211,"Intensity","PASS","PASS","P230196_plate1and2","Ag marked","On Olink explore plate 2; Oxford facility","Baby","3M",-2.4627,1.6416,"IFNgLOW"
"35217",3237,40314,"IFNG","5M Baby","Unstimulated",0.0511,-2.5905,-1.726,"Intensity","PASS","PASS","P230196_plate1and2","31116","On Olink explore plate 2; Oxford facility","Baby","5M",-2.4627,0.7367,"IFNgLOW"
"37431",3237,45634,"IFNG","12M Baby","Unstimulated",NA,NA,-0.874774825429916,"Intensity","PASS","PASS","P250013_plate1234","31231","On Olink Explore_Oxford_Feb 2025_Plate 1","Baby","12M",-2.4627,1.58792517457008,"IFNgLOW"
"44073",3240,39694,"IFNG","CB","Unstimulated",0.0511,-2.5905,-0.2493,"Intensity","PASS","PASS","P230196_plate1and2","31027","On Olink explore plate 2; Oxford facility","Baby","CB",-0.2493,0,"IFNgLOW"
"46287",3240,39700,"IFNG","1W Baby","Unstimulated",0.0511,-2.5905,0.9576,"Intensity","PASS","PASS","P230196_plate1and2","31033","On Olink explore plate 2; Oxford facility","Baby","1W",-0.2493,1.2069,"IFNgLOW"
"50715",3249,39718,"IFNG","CB","Unstimulated",0.0511,-3.2289,-1.8348,"Intensity","PASS","PASS","P230196_plate1and2","31057","On Olink explore plate 1; Oxford facility","Baby","CB",-1.8348,0,"IFNgLOW"
"57357",3249,40302,"IFNG","1W Baby","Unstimulated",0.0511,-3.2289,-0.4391,"Intensity","PASS","PASS","P230196_plate1and2",NA,"On Olink explore plate 1; Oxford facility","Baby","1W",-1.8348,1.3957,"IFNgLOW"
"59571",3249,40308,"IFNG","1M Baby","Unstimulated",0.0511,-3.2289,-1.3194,"Intensity","PASS","PASS","P230196_plate1and2","31110","On Olink explore plate 1; Oxford facility","Baby","1M",-1.8348,0.5154,"IFNgLOW"
"63999",3249,40409,"IFNG","3M Baby","Unstimulated",NA,NA,1.44148458852768,"Intensity","PASS","PASS","P250013_plate1234","31140","On Olink Explore_Oxford_Feb 2025_Plate 1","Baby","3M",-1.8348,3.27628458852768,"IFNgLOW"
"66213",3249,45488,"IFNG","5M Baby","Unstimulated",NA,NA,0.813654768610001,"Intensity","PASS","PASS","P250013_plate1234","31171","On Olink Explore_Oxford_Feb 2025_Plate 1","Baby","5M",-1.8348,2.64845476861,"IFNgLOW"
"68427",3249,50774,"IFNG","12M Baby","Unstimulated",NA,NA,0.257129657411575,"Intensity","PASS","PASS","P250013_plate1234","31544","On Olink Explore_Oxford_Feb 2025_Plate 1","Baby","12M",-1.8348,2.09192965741157,"IFNgLOW"
"72855",3250,40278,"IFNG","CB","Unstimulated",0.0511,-3.2289,-2.4607,"Intensity","PASS","PASS","P230196_plate1and2","31080","On Olink explore plate 1; Oxford facility","Baby","CB",-2.4607,0,"IFNgLOW"
"75069",3250,40284,"IFNG","1W Baby","Unstimulated",0.0511,-2.5905,-8.7745,"Intensity","PASS","PASS","P230196_plate1and2","31086","On Olink explore plate 2; Oxford facility","Baby","1W",-2.4607,-6.3138,"IFNgLOW"
"79497",3250,40403,"IFNG","1M Baby","Unstimulated",NA,NA,0.690261560821533,"Intensity","PASS","PASS","P250013_plate1234","31134","On Olink Explore_Oxford_Feb 2025_Plate 1","Baby","1M",-2.4607,3.15096156082153,"IFNgLOW"
"81711",3250,50842,"IFNG","12M Baby","Unstimulated",NA,NA,-0.731988084173202,"Intensity","PASS","PASS","P250013_plate1234","31659","On Olink Explore_Oxford_Feb 2025_Plate 1","Baby","12M",-2.4607,1.7287119158268,"IFNgLOW"
"83925",3281,45470,"IFNG","1W Baby","Unstimulated",NA,NA,4.14189480557442,"Intensity","PASS","PASS","P250013_plate1234","31201","On Olink Explore_Oxford_Feb 2025_Plate 2","Baby","1W",-0.90494371638298,5.0468385219574,"IFNgHIGH"
"88353",3281,45494,"IFNG","CB","Unstimulated",NA,NA,-0.90494371638298,"Intensity","PASS","PASS","P250013_plate1234","31183","On Olink Explore_Oxford_Feb 2025_Plate 1","Baby","CB",-0.90494371638298,0,"IFNgHIGH"
"90567",3281,45500,"IFNG","1M Baby","Unstimulated",NA,NA,-0.635543596601486,"Intensity","PASS","PASS","P250013_plate1234","31225","On Olink Explore_Oxford_Feb 2025_Plate 2","Baby","1M",-0.90494371638298,0.269400119781494,"IFNgHIGH"
"92781",3281,50372,"IFNG","3M Baby","Unstimulated",NA,NA,0.0965041400432587,"Intensity","PASS","PASS","P250013_plate1234","31496","On Olink Explore_Oxford_Feb 2025_Plate 2","Baby","3M",-0.90494371638298,1.00144785642624,"IFNgHIGH"
"97209",3281,50836,"IFNG","5M Baby","Unstimulated",NA,NA,-0.230268076019519,"Plate control","PASS","PASS","YK_4509_plate3","31653","On Olink Explore_Oxford_Feb 2025_Plate 2","Baby","5M",-0.90494371638298,0.674675640363461,"IFNgHIGH"
"99423",3281,51336,"IFNG","12M Baby","Unstimulated",NA,NA,-0.307145197608227,"Plate control","PASS","PASS","YK_4509_plate3","31877","On Olink explore run_Uppsala_Nov 2025_plate 3","Baby","12M",-0.90494371638298,0.597798518774753,"IFNgHIGH"
"101637",3282,45482,"IFNG","CB","Unstimulated",NA,NA,-2.02657271609306,"Intensity","PASS","PASS","P250013_plate1234","31255","On Olink Explore_Oxford_Feb 2025_Plate 2","Baby","CB",-2.02657271609306,0,"IFNgHIGH"
"103851",3282,45622,"IFNG","1W Baby","Unstimulated",NA,NA,2.25828658356667,"Intensity","PASS","PASS","P250013_plate1234","31213","On Olink Explore_Oxford_Feb 2025_Plate 2","Baby","1W",-2.02657271609306,4.28485929965973,"IFNgHIGH"
"108279",3282,45652,"IFNG","1M Baby","Unstimulated",NA,NA,-0.769187700605392,"Intensity","PASS","PASS","P250013_plate1234","31376","On Olink Explore_Oxford_Feb 2025_Plate 2","Baby","1M",-2.02657271609306,1.25738501548767,"IFNgHIGH"
"110493",3282,50384,"IFNG","3M Baby","Unstimulated",NA,NA,0.27513508810997,"Intensity","PASS","PASS","P250013_plate1234","31508","On Olink Explore_Oxford_Feb 2025_Plate 2","Baby","3M",-2.02657271609306,2.30170780420303,"IFNgHIGH"
"114921",3282,50830,"IFNG","5M Baby","Unstimulated",NA,NA,1.1753222172621,"Plate control","PASS","PASS","YK_4509_plate3","31647","On Olink Explore_Oxford_Feb 2025_Plate 2","Baby","5M",-2.02657271609306,3.20189493335516,"IFNgHIGH"
"118980",3285,45640,"IFNG","CB","Unstimulated",NA,NA,-7.13509656176567,"Intensity","PASS","PASS","P250013_plate1234","31237","On Olink Explore_Oxford_Feb 2025_Plate 3","Baby","CB",-7.13509656176567,0,"IFNgHIGH"
"121194",3285,45646,"IFNG","1W Baby","Unstimulated",NA,NA,2.28460143818855,"Intensity","PASS","WARN","P250013_plate1234","31249","On Olink Explore_Oxford_Feb 2025_Plate 3","Baby","1W",-7.13509656176567,9.41969799995422,"IFNgHIGH"
"123408",3286,50343,"IFNG","CB","Unstimulated",NA,NA,-1.90821219668388,"Intensity","PASS","PASS","P250013_plate1234","31358","On Olink Explore_Oxford_Feb 2025_Plate 3","Baby","CB",-1.90821219668388,0,"IFNgHIGH"
"127836",3286,50355,"IFNG","1W Baby","Unstimulated",NA,NA,5.23924063458443,"Intensity","PASS","PASS","P250013_plate1234","31370","On Olink Explore_Oxford_Feb 2025_Plate 3","Baby","1W",-1.90821219668388,7.14745283126831,"IFNgHIGH"
"130050",3289,45658,"IFNG","CB","Unstimulated",NA,NA,-1.08834887728691,"Intensity","PASS","PASS","P250013_plate1234","31382","On Olink Explore_Oxford_Feb 2025_Plate 3","Baby","CB",-1.08834887728691,0,"IFNgHIGH"
"132264",3289,45664,"IFNG","1W Baby","Unstimulated",NA,NA,3.73237131848335,"Intensity","PASS","PASS","P250013_plate1234","31388","On Olink Explore_Oxford_Feb 2025_Plate 3","Baby","1W",-1.08834887728691,4.82072019577026,"IFNgHIGH"
"136692",3289,50366,"IFNG","1M Baby","Unstimulated",NA,NA,-2.63821221575737,"Intensity","PASS","PASS","P250013_plate1234","31595","On Olink Explore_Oxford_Feb 2025_Plate 3","Baby","1M",-1.08834887728691,-1.54986333847046,"IFNgHIGH"
"138906",3289,50396,"IFNG","3M Baby","Unstimulated",NA,NA,-1.57393408999443,"Intensity","PASS","PASS","P250013_plate1234","31520","On Olink Explore_Oxford_Feb 2025_Plate 3","Baby","3M",-1.08834887728691,-0.48558521270752,"IFNgHIGH"
"143334",3289,50988,"IFNG","12M Baby","Unstimulated",NA,NA,-0.599135421712188,"Plate control","PASS","PASS","YK_4509_plate3","31707","On Olink explore run_Uppsala_Nov 2025_plate 3","Baby","12M",-1.08834887728691,0.489213455574722,"IFNgHIGH"
"145548",3289,51040,"IFNG","5M Baby","Unstimulated",NA,NA,-2.74565406143271,"Plate control","PASS","PASS","YK_4509_plate3","31610","On Olink Explore_Oxford_Feb 2025_Plate 3","Baby","5M",-1.08834887728691,-1.6573051841458,"IFNgHIGH"
"147762",3304,50408,"IFNG","CB","Unstimulated",NA,NA,-2.03281284556389,"Intensity","PASS","PASS","P250013_plate1234","31532","On Olink Explore_Oxford_Feb 2025_Plate 4","Baby","CB",-2.03281284556389,0,"IFNgLOW"
"149976",3304,50414,"IFNG","1W Baby","Unstimulated",NA,NA,-0.341386926031113,"Intensity","PASS","PASS","P250013_plate1234","31538","On Olink Explore_Oxford_Feb 2025_Plate 4","Baby","1W",-2.03281284556389,1.69142591953278,"IFNgLOW"
"152190",3304,50786,"IFNG","1M Baby","Unstimulated",NA,NA,-0.802335512495041,"Intensity","PASS","PASS","P250013_plate1234","31671","On Olink Explore_Oxford_Feb 2025_Plate 4","Baby","1M",-2.03281284556389,1.23047733306885,"IFNgLOW"
"156618",3304,51000,"IFNG","3M Baby","Unstimulated",NA,NA,-1.84167815432549,"Intensity","PASS","PASS","P250013_plate1234","31719","On Olink Explore_Oxford_Feb 2025_Plate 4","Baby","3M",-2.03281284556389,0.1911346912384,"IFNgLOW"
"158832",3304,51052,"IFNG","5M Baby","Unstimulated",NA,NA,-0.698568355894089,"Intensity","PASS","PASS","P250013_plate1234","31622","On Olink Explore_Oxford_Feb 2025_Plate 3","Baby","5M",-2.03281284556389,1.3342444896698,"IFNgLOW"
"161046",3304,51070,"IFNG","12M Baby","Unstimulated",NA,NA,-0.8367918509841,"Plate control","PASS","PASS","YL_4543_plate1","1","On Olink Explore_Uppsala_Feb 2026_Plate 1","Baby","12M",-2.03281284556389,1.19602099457979,"IFNgLOW"
"163260",3305,50812,"IFNG","CB","Unstimulated",NA,NA,-1.05496979937553,"Intensity","PASS","PASS","P250013_plate1234","31629","On Olink Explore_Oxford_Feb 2025_Plate 4","Baby","CB",-1.05496979937553,0,"IFNgLOW"
"165474",3305,50818,"IFNG","1W Baby","Unstimulated",NA,NA,0.0399639488697052,"Intensity","PASS","PASS","P250013_plate1234","31635","On Olink Explore_Oxford_Feb 2025_Plate 4","Baby","1W",-1.05496979937553,1.09493374824524,"IFNgLOW"
"167688",3305,50824,"IFNG","1M Baby","Unstimulated",NA,NA,0.000695455217361474,"Intensity","PASS","PASS","P250013_plate1234","31641","On Olink Explore_Oxford_Feb 2025_Plate 4","Baby","1M",-1.05496979937553,1.05566525459289,"IFNgLOW"
"174330",3305,51148,"IFNG","3M Baby","Unstimulated",NA,NA,-1.44754649386406,"Intensity","PASS","PASS","P250013_plate1234","31770","On Olink Explore_Oxford_Feb 2025_Plate 4","Baby","3M",-1.05496979937553,-0.39257669448853,"IFNgLOW"
"176544",3305,51241,"IFNG","5M Baby","Unstimulated",NA,NA,4.71186612858772,"Intensity","PASS","WARN","P250013_plate1234","31814","On Olink Explore_Oxford_Feb 2025_Plate 4","Baby","5M",-1.05496979937553,5.76683592796325,"IFNgLOW"
"178758",3305,51505,"IFNG","12M Baby","Unstimulated",NA,NA,-1.63071639871598,"Plate control","PASS","PASS","YL_4543_plate1","32025","On Olink Explore_Uppsala_Feb 2026_Plate 1","Baby","12M",-1.05496979937553,-0.57574659934045,"IFNgLOW"
