"","Compound","subject","BinGroupStr","sample_type","LOD","LOQ","Units","value","min_value","value_imputed","LOW_VOLUME"
"2","3-Hydroxydodecanoic acid",801,"1w","sample",0.19495675,0.324927916,"ug/mL",0.491585671,0.043875651,0.491585671,"10 uL"
"3","3-Hydroxydodecanoic acid",776,"CB","sample",0.19495675,0.324927916,"ug/mL",0.578486818,0.043875651,0.578486818,"10 uL"
"5","3-Hydroxydodecanoic acid",734,"1w","sample",0.19495675,0.324927916,"ug/mL",0.547517777,0.043875651,0.547517777,"10 uL"
"6","3-Hydroxydodecanoic acid",699,"CB","sample",0.19495675,0.324927916,"ug/mL",0.565185363,0.043875651,0.565185363,"10 uL"
"7","3-Hydroxydodecanoic acid",744,"3m","sample",0.19495675,0.324927916,"ug/mL",0.500563217,0.043875651,0.500563217,"10 uL"
"8","3-Hydroxydodecanoic acid",718,"CB","sample",0.19495675,0.324927916,"ug/mL",0.601265848,0.043875651,0.601265848,"10 uL"
"9","3-Hydroxydodecanoic acid",718,"3m","sample",0.19495675,0.324927916,"ug/mL",0.422680612,0.043875651,0.422680612,"10 uL"
"12","3-Hydroxydodecanoic acid",782,"CB","sample",0.19495675,0.324927916,"ug/mL",0.519723419,0.043875651,0.519723419,"10 uL"
"13","3-Hydroxydodecanoic acid",801,"3m","sample",0.19495675,0.324927916,"ug/mL",0.455390685,0.043875651,0.455390685,"10 uL"
"14","3-Hydroxydodecanoic acid",844,"CB","sample",0.19495675,0.324927916,"ug/mL",0.448595928,0.043875651,0.448595928,"10 uL"
"15","3-Hydroxydodecanoic acid",641,"1w","sample",0.19495675,0.324927916,"ug/mL",0.509808877,0.043875651,0.509808877,"10 uL"
"16","3-Hydroxydodecanoic acid",762,"3m","sample",0.19495675,0.324927916,"ug/mL",0.507391211,0.043875651,0.507391211,"10 uL"
"17","3-Hydroxydodecanoic acid",822,"CB","sample",0.19495675,0.324927916,"ug/mL",0.453610817,0.043875651,0.453610817,"10 uL"
"19","3-Hydroxydodecanoic acid",641,"3m","sample",0.19495675,0.324927916,"ug/mL",0.452010266,0.043875651,0.452010266,"10 uL"
"23","3-Hydroxydodecanoic acid",737,"1w","sample",0.19495675,0.324927916,"ug/mL",0.540664781,0.043875651,0.540664781,"10 uL"
"25","3-Hydroxydodecanoic acid",162,"1w","sample",0.19495675,0.324927916,"ug/mL",0.577251325,0.043875651,0.577251325,"10 uL"
"26","3-Hydroxydodecanoic acid",695,"CB","sample",0.19495675,0.324927916,"ug/mL",0.532329264,0.043875651,0.532329264,"10 uL"
"27","3-Hydroxydodecanoic acid",641,"CB","sample",0.19495675,0.324927916,"ug/mL",0.511413543,0.043875651,0.511413543,"10 uL"
"29","3-Hydroxydodecanoic acid",793,"CB","sample",0.19495675,0.324927916,"ug/mL",0.484837527,0.043875651,0.484837527,"10 uL"
"30","3-Hydroxydodecanoic acid",782,"3m","sample",0.19495675,0.324927916,"ug/mL",0.473539159,0.043875651,0.473539159,"10 uL"
"33","3-Hydroxydodecanoic acid",522,"1w","sample",0.19495675,0.324927916,"ug/mL",0.530129549,0.043875651,0.530129549,"10 uL"
"37","3-Hydroxydodecanoic acid",606,"1w","sample",0.19495675,0.324927916,"ug/mL",0.488354188,0.043875651,0.488354188,"10 uL"
"38","3-Hydroxydodecanoic acid",730,"1w","sample",0.19495675,0.324927916,"ug/mL",0.599246435,0.043875651,0.599246435,"10 uL"
"39","3-Hydroxydodecanoic acid",847,"3m","sample",0.19495675,0.324927916,"ug/mL",0.488832353,0.043875651,0.488832353,"10 uL"
"40","3-Hydroxydodecanoic acid",45,"1w","sample",0.19495675,0.324927916,"ug/mL",0.567565481,0.043875651,0.567565481,"10 uL"
"41","3-Hydroxydodecanoic acid",42,"1w","sample",0.19495675,0.324927916,"ug/mL",0.543986744,0.043875651,0.543986744,"10 uL"
"42","3-Hydroxydodecanoic acid",787,"3m","sample",0.19495675,0.324927916,"ug/mL",0.453010517,0.043875651,0.453010517,"10 uL"
"43","3-Hydroxydodecanoic acid",831,"3m","sample",0.19495675,0.324927916,"ug/mL",0.448068134,0.043875651,0.448068134,"10 uL"
"44","3-Hydroxydodecanoic acid",681,"CB","sample",0.19495675,0.324927916,"ug/mL",0.424308467,0.043875651,0.424308467,"10 uL"
"45","3-Hydroxydodecanoic acid",776,"3m","sample",0.19495675,0.324927916,"ug/mL",0.559536556,0.043875651,0.559536556,"10 uL"
"47","3-Hydroxydodecanoic acid",337,"CB","sample",0.19495675,0.324927916,"ug/mL",0.558500792,0.043875651,0.558500792,"10 uL"
"49","3-Hydroxydodecanoic acid",656,"3m","sample",0.19495675,0.324927916,"ug/mL",0.464125665,0.043875651,0.464125665,"10 uL"
"50","3-Hydroxydodecanoic acid",762,"CB","sample",0.19495675,0.324927916,"ug/mL",0.492876993,0.043875651,0.492876993,"10 uL"
"51","3-Hydroxydodecanoic acid",337,"3m","sample",0.19495675,0.324927916,"ug/mL",0.452984028,0.043875651,0.452984028,"10 uL"
"54","3-Hydroxydodecanoic acid",725,"1w","sample",0.19495675,0.324927916,"ug/mL",0.457694677,0.043875651,0.457694677,"10 uL"
"55","3-Hydroxydodecanoic acid",847,"CB","sample",0.19495675,0.324927916,"ug/mL",0.62656732,0.043875651,0.62656732,"10 uL"
"57","3-Hydroxydodecanoic acid",779,"1w","sample",0.19495675,0.324927916,"ug/mL",0.510625989,0.043875651,0.510625989,"10 uL"
"58","3-Hydroxydodecanoic acid",786,"3m","sample",0.19495675,0.324927916,"ug/mL",0.50338442,0.043875651,0.50338442,"10 uL"
"59","3-Hydroxydodecanoic acid",801,"CB","sample",0.19495675,0.324927916,"ug/mL",0.502957577,0.043875651,0.502957577,"10 uL"
"60","3-Hydroxydodecanoic acid",786,"1w","sample",0.19495675,0.324927916,"ug/mL",0.708935591,0.043875651,0.708935591,"10 uL"
"61","3-Hydroxydodecanoic acid",822,"3m","sample",0.19495675,0.324927916,"ug/mL",0.479258587,0.043875651,0.479258587,"10 uL"
"62","3-Hydroxydodecanoic acid",746,"1w","sample",0.19495675,0.324927916,"ug/mL",0.616621472,0.043875651,0.616621472,"10 uL"
"63","3-Hydroxydodecanoic acid",860,"1w","sample",0.19495675,0.324927916,"ug/mL",0.505449126,0.043875651,0.505449126,"10 uL"
"64","3-Hydroxydodecanoic acid",652,"CB","sample",0.19495675,0.324927916,"ug/mL",0.491340996,0.043875651,0.491340996,"10 uL"
"66","3-Hydroxydodecanoic acid",718,"1w","sample",0.19495675,0.324927916,"ug/mL",0.476669262,0.043875651,0.476669262,"10 uL"
"67","3-Hydroxydodecanoic acid",270,"1w","sample",0.19495675,0.324927916,"ug/mL",0.465464058,0.043875651,0.465464058,"10 uL"
"69","3-Hydroxydodecanoic acid",744,"1w","sample",0.19495675,0.324927916,"ug/mL",0.524871263,0.043875651,0.524871263,"10 uL"
"70","3-Hydroxydodecanoic acid",652,"1w","sample",0.19495675,0.324927916,"ug/mL",0.581312039,0.043875651,0.581312039,"10 uL"
"71","3-Hydroxydodecanoic acid",787,"CB","sample",0.19495675,0.324927916,"ug/mL",0.566034445,0.043875651,0.566034445,"10 uL"
"72","3-Hydroxydodecanoic acid",685,"1w","sample",0.19495675,0.324927916,"ug/mL",0.571889095,0.043875651,0.571889095,"10 uL"
"74","3-Hydroxydodecanoic acid",699,"1w","sample",0.19495675,0.324927916,"ug/mL",0.557391342,0.043875651,0.557391342,"10 uL"
"75","3-Hydroxydodecanoic acid",800,"3m","sample",0.19495675,0.324927916,"ug/mL",0.473301183,0.043875651,0.473301183,"10 uL"
"77","3-Hydroxydodecanoic acid",844,"3m","sample",0.19495675,0.324927916,"ug/mL",0.50396042,0.043875651,0.50396042,"10 uL"
"78","3-Hydroxydodecanoic acid",844,"1w","sample",0.19495675,0.324927916,"ug/mL",0.497952099,0.043875651,0.497952099,"10 uL"
"81","3-Hydroxydodecanoic acid",786,"CB","sample",0.19495675,0.324927916,"ug/mL",0.527694928,0.043875651,0.527694928,"10 uL"
"82","3-Hydroxydodecanoic acid",791,"3m","sample",0.19495675,0.324927916,"ug/mL",0.49789275,0.043875651,0.49789275,"10 uL"
"83","3-Hydroxydodecanoic acid",800,"CB","sample",0.19495675,0.324927916,"ug/mL",0.590299637,0.043875651,0.590299637,"10 uL"
"84","3-Hydroxydodecanoic acid",791,"CB","sample",0.19495675,0.324927916,"ug/mL",0.441113296,0.043875651,0.441113296,"10 uL"
"86","3-Hydroxydodecanoic acid",831,"1w","sample",0.19495675,0.324927916,"ug/mL",0.526207792,0.043875651,0.526207792,"10 uL"
"87","3-Hydroxydodecanoic acid",818,"1w","sample",0.19495675,0.324927916,"ug/mL",0.511696609,0.043875651,0.511696609,"10 uL"
"90","3-Hydroxydodecanoic acid",790,"CB","sample",0.19495675,0.324927916,"ug/mL",0.464265596,0.043875651,0.464265596,"10 uL"
"92","3-Hydroxydodecanoic acid",744,"CB","sample",0.19495675,0.324927916,"ug/mL",0.497383909,0.043875651,0.497383909,"10 uL"
"93","3-Hydroxydodecanoic acid",681,"1w","sample",0.19495675,0.324927916,"ug/mL",0.511692258,0.043875651,0.511692258,"10 uL"
"94","3-Hydroxydodecanoic acid",762,"1w","sample",0.19495675,0.324927916,"ug/mL",0.509834124,0.043875651,0.509834124,"10 uL"
"96","3-Hydroxydodecanoic acid",653,"1w","sample",0.19495675,0.324927916,"ug/mL",0.635900651,0.043875651,0.635900651,"10 uL"
"97","3-Hydroxydodecanoic acid",793,"3m","sample",0.19495675,0.324927916,"ug/mL",0.482488503,0.043875651,0.482488503,"10 uL"
"98","3-Hydroxydodecanoic acid",811,"1w","sample",0.19495675,0.324927916,"ug/mL",0.688732621,0.043875651,0.688732621,"10 uL"
"100","3-Hydroxydodecanoic acid",793,"1w","sample",0.19495675,0.324927916,"ug/mL",0.50878088,0.043875651,0.50878088,"10 uL"
"101","3-Hydroxydodecanoic acid",756,"1w","sample",0.19495675,0.324927916,"ug/mL",0.578965351,0.043875651,0.578965351,"10 uL"
"103","3-Hydroxydodecanoic acid",822,"1w","sample",0.19495675,0.324927916,"ug/mL",0.438650121,0.043875651,0.438650121,"10 uL"
"104","3-Hydroxydodecanoic acid",823,"1w","sample",0.19495675,0.324927916,"ug/mL",0.529609668,0.043875651,0.529609668,"10 uL"
"105","3-Hydroxydodecanoic acid",790,"3m","sample",0.19495675,0.324927916,"ug/mL",0.48382992,0.043875651,0.48382992,"10 uL"
"106","3-Hydroxydodecanoic acid",787,"1w","sample",0.19495675,0.324927916,"ug/mL",0.551970988,0.043875651,0.551970988,"10 uL"
"109","3-Hydroxyhexadecanoic acid",787,"CB","sample",0.090568753,0.150947921,"ug/mL",0.066159148,0.012006575,0.066159148,"10 uL"
"110","3-Hydroxyhexadecanoic acid",746,"1w","sample",0.090568753,0.150947921,"ug/mL",0.111757711,0.012006575,0.111757711,"10 uL"
"113","3-Hydroxyhexadecanoic acid",270,"1w","sample",0.090568753,0.150947921,"ug/mL",0.035976042,0.012006575,0.035976042,"10 uL"
"114","3-Hydroxyhexadecanoic acid",818,"1w","sample",0.090568753,0.150947921,"ug/mL",0.075003709,0.012006575,0.075003709,"10 uL"
"115","3-Hydroxyhexadecanoic acid",822,"3m","sample",0.090568753,0.150947921,"ug/mL",0.042090854,0.012006575,0.042090854,"10 uL"
"116","3-Hydroxyhexadecanoic acid",695,"CB","sample",0.090568753,0.150947921,"ug/mL",0.076545203,0.012006575,0.076545203,"10 uL"
"117","3-Hydroxyhexadecanoic acid",730,"1w","sample",0.090568753,0.150947921,"ug/mL",0.069888203,0.012006575,0.069888203,"10 uL"
"118","3-Hydroxyhexadecanoic acid",685,"1w","sample",0.090568753,0.150947921,"ug/mL",0.067854188,0.012006575,0.067854188,"10 uL"
"119","3-Hydroxyhexadecanoic acid",681,"CB","sample",0.090568753,0.150947921,"ug/mL",0.03677347,0.012006575,0.03677347,"10 uL"
"120","3-Hydroxyhexadecanoic acid",641,"1w","sample",0.090568753,0.150947921,"ug/mL",0.06265814,0.012006575,0.06265814,"10 uL"
"121","3-Hydroxyhexadecanoic acid",811,"1w","sample",0.090568753,0.150947921,"ug/mL",0.142408311,0.012006575,0.142408311,"10 uL"
"123","3-Hydroxyhexadecanoic acid",337,"CB","sample",0.090568753,0.150947921,"ug/mL",0.050703039,0.012006575,0.050703039,"10 uL"
"126","3-Hydroxyhexadecanoic acid",337,"3m","sample",0.090568753,0.150947921,"ug/mL",0.027929828,0.012006575,0.027929828,"10 uL"
"127","3-Hydroxyhexadecanoic acid",822,"CB","sample",0.090568753,0.150947921,"ug/mL",0.054402091,0.012006575,0.054402091,"10 uL"
"128","3-Hydroxyhexadecanoic acid",737,"1w","sample",0.090568753,0.150947921,"ug/mL",0.081047554,0.012006575,0.081047554,"10 uL"
"129","3-Hydroxyhexadecanoic acid",793,"3m","sample",0.090568753,0.150947921,"ug/mL",0.086318635,0.012006575,0.086318635,"10 uL"
"130","3-Hydroxyhexadecanoic acid",800,"CB","sample",0.090568753,0.150947921,"ug/mL",0.08880546,0.012006575,0.08880546,"10 uL"
"132","3-Hydroxyhexadecanoic acid",762,"CB","sample",0.090568753,0.150947921,"ug/mL",0.061152968,0.012006575,0.061152968,"10 uL"
"133","3-Hydroxyhexadecanoic acid",652,"1w","sample",0.090568753,0.150947921,"ug/mL",0.066884996,0.012006575,0.066884996,"10 uL"
"134","3-Hydroxyhexadecanoic acid",793,"1w","sample",0.090568753,0.150947921,"ug/mL",0.04367467,0.012006575,0.04367467,"10 uL"
"136","3-Hydroxyhexadecanoic acid",744,"1w","sample",0.090568753,0.150947921,"ug/mL",0.068125024,0.012006575,0.068125024,"10 uL"
"137","3-Hydroxyhexadecanoic acid",522,"1w","sample",0.090568753,0.150947921,"ug/mL",0.061881842,0.012006575,0.061881842,"10 uL"
"138","3-Hydroxyhexadecanoic acid",744,"CB","sample",0.090568753,0.150947921,"ug/mL",0.072668589,0.012006575,0.072668589,"10 uL"
"139","3-Hydroxyhexadecanoic acid",641,"3m","sample",0.090568753,0.150947921,"ug/mL",0.034652627,0.012006575,0.034652627,"10 uL"
"140","3-Hydroxyhexadecanoic acid",790,"3m","sample",0.090568753,0.150947921,"ug/mL",0.047843648,0.012006575,0.047843648,"10 uL"
"141","3-Hydroxyhexadecanoic acid",786,"3m","sample",0.090568753,0.150947921,"ug/mL",0.056353571,0.012006575,0.056353571,"10 uL"
"142","3-Hydroxyhexadecanoic acid",718,"CB","sample",0.090568753,0.150947921,"ug/mL",0.093493172,0.012006575,0.093493172,"10 uL"
"143","3-Hydroxyhexadecanoic acid",718,"3m","sample",0.090568753,0.150947921,"ug/mL",0.040788899,0.012006575,0.040788899,"10 uL"
"144","3-Hydroxyhexadecanoic acid",656,"3m","sample",0.090568753,0.150947921,"ug/mL",0.043680865,0.012006575,0.043680865,"10 uL"
"145","3-Hydroxyhexadecanoic acid",762,"1w","sample",0.090568753,0.150947921,"ug/mL",0.058650561,0.012006575,0.058650561,"10 uL"
"146","3-Hydroxyhexadecanoic acid",162,"1w","sample",0.090568753,0.150947921,"ug/mL",0.081068517,0.012006575,0.081068517,"10 uL"
"148","3-Hydroxyhexadecanoic acid",725,"1w","sample",0.090568753,0.150947921,"ug/mL",0.062824463,0.012006575,0.062824463,"10 uL"
"149","3-Hydroxyhexadecanoic acid",782,"3m","sample",0.090568753,0.150947921,"ug/mL",0.039586907,0.012006575,0.039586907,"10 uL"
"151","3-Hydroxyhexadecanoic acid",782,"CB","sample",0.090568753,0.150947921,"ug/mL",0.059220703,0.012006575,0.059220703,"10 uL"
"152","3-Hydroxyhexadecanoic acid",844,"1w","sample",0.090568753,0.150947921,"ug/mL",0.062539984,0.012006575,0.062539984,"10 uL"
"155","3-Hydroxyhexadecanoic acid",762,"3m","sample",0.090568753,0.150947921,"ug/mL",0.046088336,0.012006575,0.046088336,"10 uL"
"156","3-Hydroxyhexadecanoic acid",641,"CB","sample",0.090568753,0.150947921,"ug/mL",0.055589281,0.012006575,0.055589281,"10 uL"
"157","3-Hydroxyhexadecanoic acid",606,"1w","sample",0.090568753,0.150947921,"ug/mL",0.054765208,0.012006575,0.054765208,"10 uL"
"158","3-Hydroxyhexadecanoic acid",653,"1w","sample",0.090568753,0.150947921,"ug/mL",0.086024205,0.012006575,0.086024205,"10 uL"
"159","3-Hydroxyhexadecanoic acid",45,"1w","sample",0.090568753,0.150947921,"ug/mL",0.078044151,0.012006575,0.078044151,"10 uL"
"162","3-Hydroxyhexadecanoic acid",776,"CB","sample",0.090568753,0.150947921,"ug/mL",0.09198689,0.012006575,0.09198689,"10 uL"
"163","3-Hydroxyhexadecanoic acid",831,"3m","sample",0.090568753,0.150947921,"ug/mL",0.039246234,0.012006575,0.039246234,"10 uL"
"164","3-Hydroxyhexadecanoic acid",791,"CB","sample",0.090568753,0.150947921,"ug/mL",0.046907108,0.012006575,0.046907108,"10 uL"
"165","3-Hydroxyhexadecanoic acid",734,"1w","sample",0.090568753,0.150947921,"ug/mL",0.076309459,0.012006575,0.076309459,"10 uL"
"166","3-Hydroxyhexadecanoic acid",699,"CB","sample",0.090568753,0.150947921,"ug/mL",0.062041138,0.012006575,0.062041138,"10 uL"
"168","3-Hydroxyhexadecanoic acid",756,"1w","sample",0.090568753,0.150947921,"ug/mL",0.066755781,0.012006575,0.066755781,"10 uL"
"169","3-Hydroxyhexadecanoic acid",699,"1w","sample",0.090568753,0.150947921,"ug/mL",0.088090372,0.012006575,0.088090372,"10 uL"
"170","3-Hydroxyhexadecanoic acid",744,"3m","sample",0.090568753,0.150947921,"ug/mL",0.043876903,0.012006575,0.043876903,"10 uL"
"171","3-Hydroxyhexadecanoic acid",776,"3m","sample",0.090568753,0.150947921,"ug/mL",0.07066647,0.012006575,0.07066647,"10 uL"
"173","3-Hydroxyhexadecanoic acid",801,"1w","sample",0.090568753,0.150947921,"ug/mL",0.051510722,0.012006575,0.051510722,"10 uL"
"174","3-Hydroxyhexadecanoic acid",847,"CB","sample",0.090568753,0.150947921,"ug/mL",0.089346336,0.012006575,0.089346336,"10 uL"
"176","3-Hydroxyhexadecanoic acid",793,"CB","sample",0.090568753,0.150947921,"ug/mL",0.05686936,0.012006575,0.05686936,"10 uL"
"178","3-Hydroxyhexadecanoic acid",681,"1w","sample",0.090568753,0.150947921,"ug/mL",0.06673015,0.012006575,0.06673015,"10 uL"
"180","3-Hydroxyhexadecanoic acid",787,"1w","sample",0.090568753,0.150947921,"ug/mL",0.103277035,0.012006575,0.103277035,"10 uL"
"181","3-Hydroxyhexadecanoic acid",831,"1w","sample",0.090568753,0.150947921,"ug/mL",0.067849652,0.012006575,0.067849652,"10 uL"
"182","3-Hydroxyhexadecanoic acid",847,"3m","sample",0.090568753,0.150947921,"ug/mL",0.044449523,0.012006575,0.044449523,"10 uL"
"183","3-Hydroxyhexadecanoic acid",823,"1w","sample",0.090568753,0.150947921,"ug/mL",0.062997655,0.012006575,0.062997655,"10 uL"
"186","3-Hydroxyhexadecanoic acid",779,"1w","sample",0.090568753,0.150947921,"ug/mL",0.08268139,0.012006575,0.08268139,"10 uL"
"190","3-Hydroxyhexadecanoic acid",791,"3m","sample",0.090568753,0.150947921,"ug/mL",0.043501493,0.012006575,0.043501493,"10 uL"
"192","3-Hydroxyhexadecanoic acid",822,"1w","sample",0.090568753,0.150947921,"ug/mL",0.046481321,0.012006575,0.046481321,"10 uL"
"197","3-Hydroxyhexadecanoic acid",787,"3m","sample",0.090568753,0.150947921,"ug/mL",0.04033376,0.012006575,0.04033376,"10 uL"
"198","3-Hydroxyhexadecanoic acid",800,"3m","sample",0.090568753,0.150947921,"ug/mL",0.041395759,0.012006575,0.041395759,"10 uL"
"199","3-Hydroxyhexadecanoic acid",801,"3m","sample",0.090568753,0.150947921,"ug/mL",0.041566301,0.012006575,0.041566301,"10 uL"
"200","3-Hydroxyhexadecanoic acid",718,"1w","sample",0.090568753,0.150947921,"ug/mL",0.067323727,0.012006575,0.067323727,"10 uL"
"201","3-Hydroxyhexadecanoic acid",42,"1w","sample",0.090568753,0.150947921,"ug/mL",0.046312429,0.012006575,0.046312429,"10 uL"
"202","3-Hydroxyhexadecanoic acid",790,"CB","sample",0.090568753,0.150947921,"ug/mL",0.053804905,0.012006575,0.053804905,"10 uL"
"206","3-Hydroxyhexadecanoic acid",786,"CB","sample",0.090568753,0.150947921,"ug/mL",0.071907022,0.012006575,0.071907022,"10 uL"
"208","3-Hydroxyhexadecanoic acid",786,"1w","sample",0.090568753,0.150947921,"ug/mL",0.112473124,0.012006575,0.112473124,"10 uL"
"209","3-Hydroxyhexadecanoic acid",801,"CB","sample",0.090568753,0.150947921,"ug/mL",0.069924059,0.012006575,0.069924059,"10 uL"
"210","3-Hydroxyhexadecanoic acid",844,"3m","sample",0.090568753,0.150947921,"ug/mL",0.042046246,0.012006575,0.042046246,"10 uL"
"211","3-Hydroxyhexadecanoic acid",652,"CB","sample",0.090568753,0.150947921,"ug/mL",0.055172762,0.012006575,0.055172762,"10 uL"
"212","3-Hydroxyhexadecanoic acid",860,"1w","sample",0.090568753,0.150947921,"ug/mL",0.064183866,0.012006575,0.064183866,"10 uL"
"214","3-Hydroxyhexadecanoic acid",844,"CB","sample",0.090568753,0.150947921,"ug/mL",0.040670871,0.012006575,0.040670871,"10 uL"
"217","3-Hydroxytetradecanoic acid",787,"3m","sample",0.106671974,0.177786623,"ug/mL",0.074385021,0.02160951,0.074385021,"10 uL"
"218","3-Hydroxytetradecanoic acid",718,"3m","sample",0.106671974,0.177786623,"ug/mL",0.079466069,0.02160951,0.079466069,"10 uL"
"219","3-Hydroxytetradecanoic acid",793,"CB","sample",0.106671974,0.177786623,"ug/mL",0.095368665,0.02160951,0.095368665,"10 uL"
"220","3-Hydroxytetradecanoic acid",787,"1w","sample",0.106671974,0.177786623,"ug/mL",0.133738622,0.02160951,0.133738622,"10 uL"
"221","3-Hydroxytetradecanoic acid",801,"CB","sample",0.106671974,0.177786623,"ug/mL",0.089677668,0.02160951,0.089677668,"10 uL"
"222","3-Hydroxytetradecanoic acid",685,"1w","sample",0.106671974,0.177786623,"ug/mL",0.099219084,0.02160951,0.099219084,"10 uL"
"223","3-Hydroxytetradecanoic acid",718,"CB","sample",0.106671974,0.177786623,"ug/mL",0.129172903,0.02160951,0.129172903,"10 uL"
"225","3-Hydroxytetradecanoic acid",45,"1w","sample",0.106671974,0.177786623,"ug/mL",0.113597661,0.02160951,0.113597661,"10 uL"
"227","3-Hydroxytetradecanoic acid",791,"3m","sample",0.106671974,0.177786623,"ug/mL",0.075554648,0.02160951,0.075554648,"10 uL"
"228","3-Hydroxytetradecanoic acid",162,"1w","sample",0.106671974,0.177786623,"ug/mL",0.128110028,0.02160951,0.128110028,"10 uL"
"229","3-Hydroxytetradecanoic acid",641,"CB","sample",0.106671974,0.177786623,"ug/mL",0.091851902,0.02160951,0.091851902,"10 uL"
"230","3-Hydroxytetradecanoic acid",762,"CB","sample",0.106671974,0.177786623,"ug/mL",0.090378209,0.02160951,0.090378209,"10 uL"
"231","3-Hydroxytetradecanoic acid",270,"1w","sample",0.106671974,0.177786623,"ug/mL",0.079328337,0.02160951,0.079328337,"10 uL"
"233","3-Hydroxytetradecanoic acid",681,"CB","sample",0.106671974,0.177786623,"ug/mL",0.06367363,0.02160951,0.06367363,"10 uL"
"235","3-Hydroxytetradecanoic acid",695,"CB","sample",0.106671974,0.177786623,"ug/mL",0.09774181,0.02160951,0.09774181,"10 uL"
"236","3-Hydroxytetradecanoic acid",793,"1w","sample",0.106671974,0.177786623,"ug/mL",0.090323091,0.02160951,0.090323091,"10 uL"
"238","3-Hydroxytetradecanoic acid",746,"1w","sample",0.106671974,0.177786623,"ug/mL",0.152459844,0.02160951,0.152459844,"10 uL"
"240","3-Hydroxytetradecanoic acid",699,"CB","sample",0.106671974,0.177786623,"ug/mL",0.087509196,0.02160951,0.087509196,"10 uL"
"241","3-Hydroxytetradecanoic acid",653,"1w","sample",0.106671974,0.177786623,"ug/mL",0.117583906,0.02160951,0.117583906,"10 uL"
"242","3-Hydroxytetradecanoic acid",744,"CB","sample",0.106671974,0.177786623,"ug/mL",0.101182117,0.02160951,0.101182117,"10 uL"
"244","3-Hydroxytetradecanoic acid",800,"3m","sample",0.106671974,0.177786623,"ug/mL",0.07696987,0.02160951,0.07696987,"10 uL"
"245","3-Hydroxytetradecanoic acid",656,"3m","sample",0.106671974,0.177786623,"ug/mL",0.078939658,0.02160951,0.078939658,"10 uL"
"248","3-Hydroxytetradecanoic acid",652,"CB","sample",0.106671974,0.177786623,"ug/mL",0.081922379,0.02160951,0.081922379,"10 uL"
"249","3-Hydroxytetradecanoic acid",606,"1w","sample",0.106671974,0.177786623,"ug/mL",0.085389965,0.02160951,0.085389965,"10 uL"
"250","3-Hydroxytetradecanoic acid",847,"3m","sample",0.106671974,0.177786623,"ug/mL",0.080121434,0.02160951,0.080121434,"10 uL"
"251","3-Hydroxytetradecanoic acid",641,"3m","sample",0.106671974,0.177786623,"ug/mL",0.077310796,0.02160951,0.077310796,"10 uL"
"252","3-Hydroxytetradecanoic acid",793,"3m","sample",0.106671974,0.177786623,"ug/mL",0.106542108,0.02160951,0.106542108,"10 uL"
"254","3-Hydroxytetradecanoic acid",337,"3m","sample",0.106671974,0.177786623,"ug/mL",0.080189228,0.02160951,0.080189228,"10 uL"
"256","3-Hydroxytetradecanoic acid",822,"1w","sample",0.106671974,0.177786623,"ug/mL",0.085675384,0.02160951,0.085675384,"10 uL"
"257","3-Hydroxytetradecanoic acid",737,"1w","sample",0.106671974,0.177786623,"ug/mL",0.115915485,0.02160951,0.115915485,"10 uL"
"258","3-Hydroxytetradecanoic acid",831,"1w","sample",0.106671974,0.177786623,"ug/mL",0.094791525,0.02160951,0.094791525,"10 uL"
"259","3-Hydroxytetradecanoic acid",800,"CB","sample",0.106671974,0.177786623,"ug/mL",0.11253504,0.02160951,0.11253504,"10 uL"
"261","3-Hydroxytetradecanoic acid",791,"CB","sample",0.106671974,0.177786623,"ug/mL",0.075730625,0.02160951,0.075730625,"10 uL"
"262","3-Hydroxytetradecanoic acid",779,"1w","sample",0.106671974,0.177786623,"ug/mL",0.101692126,0.02160951,0.101692126,"10 uL"
"263","3-Hydroxytetradecanoic acid",718,"1w","sample",0.106671974,0.177786623,"ug/mL",0.089234044,0.02160951,0.089234044,"10 uL"
"264","3-Hydroxytetradecanoic acid",844,"3m","sample",0.106671974,0.177786623,"ug/mL",0.078498631,0.02160951,0.078498631,"10 uL"
"265","3-Hydroxytetradecanoic acid",652,"1w","sample",0.106671974,0.177786623,"ug/mL",0.130271008,0.02160951,0.130271008,"10 uL"
"266","3-Hydroxytetradecanoic acid",744,"1w","sample",0.106671974,0.177786623,"ug/mL",0.100461257,0.02160951,0.100461257,"10 uL"
"267","3-Hydroxytetradecanoic acid",786,"1w","sample",0.106671974,0.177786623,"ug/mL",0.145337409,0.02160951,0.145337409,"10 uL"
"270","3-Hydroxytetradecanoic acid",844,"CB","sample",0.106671974,0.177786623,"ug/mL",0.074048521,0.02160951,0.074048521,"10 uL"
"271","3-Hydroxytetradecanoic acid",860,"1w","sample",0.106671974,0.177786623,"ug/mL",0.086812307,0.02160951,0.086812307,"10 uL"
"272","3-Hydroxytetradecanoic acid",782,"CB","sample",0.106671974,0.177786623,"ug/mL",0.095067208,0.02160951,0.095067208,"10 uL"
"274","3-Hydroxytetradecanoic acid",725,"1w","sample",0.106671974,0.177786623,"ug/mL",0.090430254,0.02160951,0.090430254,"10 uL"
"275","3-Hydroxytetradecanoic acid",744,"3m","sample",0.106671974,0.177786623,"ug/mL",0.085203572,0.02160951,0.085203572,"10 uL"
"277","3-Hydroxytetradecanoic acid",699,"1w","sample",0.106671974,0.177786623,"ug/mL",0.118739699,0.02160951,0.118739699,"10 uL"
"278","3-Hydroxytetradecanoic acid",844,"1w","sample",0.106671974,0.177786623,"ug/mL",0.089877849,0.02160951,0.089877849,"10 uL"
"279","3-Hydroxytetradecanoic acid",681,"1w","sample",0.106671974,0.177786623,"ug/mL",0.09535751,0.02160951,0.09535751,"10 uL"
"280","3-Hydroxytetradecanoic acid",730,"1w","sample",0.106671974,0.177786623,"ug/mL",0.111162537,0.02160951,0.111162537,"10 uL"
"281","3-Hydroxytetradecanoic acid",337,"CB","sample",0.106671974,0.177786623,"ug/mL",0.097364779,0.02160951,0.097364779,"10 uL"
"282","3-Hydroxytetradecanoic acid",811,"1w","sample",0.106671974,0.177786623,"ug/mL",0.166663292,0.02160951,0.166663292,"10 uL"
"285","3-Hydroxytetradecanoic acid",776,"3m","sample",0.106671974,0.177786623,"ug/mL",0.084416557,0.02160951,0.084416557,"10 uL"
"286","3-Hydroxytetradecanoic acid",734,"1w","sample",0.106671974,0.177786623,"ug/mL",0.109423055,0.02160951,0.109423055,"10 uL"
"288","3-Hydroxytetradecanoic acid",847,"CB","sample",0.106671974,0.177786623,"ug/mL",0.129906309,0.02160951,0.129906309,"10 uL"
"289","3-Hydroxytetradecanoic acid",641,"1w","sample",0.106671974,0.177786623,"ug/mL",0.097632495,0.02160951,0.097632495,"10 uL"
"290","3-Hydroxytetradecanoic acid",756,"1w","sample",0.106671974,0.177786623,"ug/mL",0.105379785,0.02160951,0.105379785,"10 uL"
"291","3-Hydroxytetradecanoic acid",786,"CB","sample",0.106671974,0.177786623,"ug/mL",0.100155653,0.02160951,0.100155653,"10 uL"
"294","3-Hydroxytetradecanoic acid",818,"1w","sample",0.106671974,0.177786623,"ug/mL",0.104214526,0.02160951,0.104214526,"10 uL"
"296","3-Hydroxytetradecanoic acid",831,"3m","sample",0.106671974,0.177786623,"ug/mL",0.069332452,0.02160951,0.069332452,"10 uL"
"299","3-Hydroxytetradecanoic acid",762,"3m","sample",0.106671974,0.177786623,"ug/mL",0.089569618,0.02160951,0.089569618,"10 uL"
"301","3-Hydroxytetradecanoic acid",822,"3m","sample",0.106671974,0.177786623,"ug/mL",0.07462835,0.02160951,0.07462835,"10 uL"
"302","3-Hydroxytetradecanoic acid",762,"1w","sample",0.106671974,0.177786623,"ug/mL",0.079655237,0.02160951,0.079655237,"10 uL"
"305","3-Hydroxytetradecanoic acid",42,"1w","sample",0.106671974,0.177786623,"ug/mL",0.079486824,0.02160951,0.079486824,"10 uL"
"307","3-Hydroxytetradecanoic acid",822,"CB","sample",0.106671974,0.177786623,"ug/mL",0.083306944,0.02160951,0.083306944,"10 uL"
"308","3-Hydroxytetradecanoic acid",801,"3m","sample",0.106671974,0.177786623,"ug/mL",0.070283778,0.02160951,0.070283778,"10 uL"
"309","3-Hydroxytetradecanoic acid",786,"3m","sample",0.106671974,0.177786623,"ug/mL",0.088062852,0.02160951,0.088062852,"10 uL"
"310","3-Hydroxytetradecanoic acid",787,"CB","sample",0.106671974,0.177786623,"ug/mL",0.10800987,0.02160951,0.10800987,"10 uL"
"311","3-Hydroxytetradecanoic acid",790,"3m","sample",0.106671974,0.177786623,"ug/mL",0.088099443,0.02160951,0.088099443,"10 uL"
"312","3-Hydroxytetradecanoic acid",522,"1w","sample",0.106671974,0.177786623,"ug/mL",0.087457019,0.02160951,0.087457019,"10 uL"
"316","3-Hydroxytetradecanoic acid",790,"CB","sample",0.106671974,0.177786623,"ug/mL",0.083574162,0.02160951,0.083574162,"10 uL"
"317","3-Hydroxytetradecanoic acid",782,"3m","sample",0.106671974,0.177786623,"ug/mL",0.077014059,0.02160951,0.077014059,"10 uL"
"318","3-Hydroxytetradecanoic acid",823,"1w","sample",0.106671974,0.177786623,"ug/mL",0.093360989,0.02160951,0.093360989,"10 uL"
"320","3-Hydroxytetradecanoic acid",801,"1w","sample",0.106671974,0.177786623,"ug/mL",0.088803002,0.02160951,0.088803002,"10 uL"
"321","3-Hydroxytetradecanoic acid",776,"CB","sample",0.106671974,0.177786623,"ug/mL",0.141622492,0.02160951,0.141622492,"10 uL"
"322","Myristic acid",844,"3m","sample",NA,NA,"ug/mL",16.50609089,0.687351943,16.50609089,"10 uL"
"323","Myristic acid",652,"1w","sample",NA,NA,"ug/mL",5.452285048,0.687351943,5.452285048,"10 uL"
"324","Myristic acid",782,"3m","sample",NA,NA,"ug/mL",14.38751105,0.687351943,14.38751105,"10 uL"
"326","Myristic acid",641,"CB","sample",NA,NA,"ug/mL",6.368775152,0.687351943,6.368775152,"10 uL"
"327","Myristic acid",337,"CB","sample",NA,NA,"ug/mL",10.00079807,0.687351943,10.00079807,"10 uL"
"328","Myristic acid",744,"CB","sample",NA,NA,"ug/mL",5.05888502,0.687351943,5.05888502,"10 uL"
"329","Myristic acid",737,"1w","sample",NA,NA,"ug/mL",9.704085231,0.687351943,9.704085231,"10 uL"
"332","Myristic acid",823,"1w","sample",NA,NA,"ug/mL",30.06311347,0.687351943,30.06311347,"10 uL"
"333","Myristic acid",800,"CB","sample",NA,NA,"ug/mL",4.392825997,0.687351943,4.392825997,"10 uL"
"334","Myristic acid",791,"3m","sample",NA,NA,"ug/mL",3.869745461,0.687351943,3.869745461,"10 uL"
"335","Myristic acid",844,"1w","sample",NA,NA,"ug/mL",17.4210558,0.687351943,17.4210558,"10 uL"
"336","Myristic acid",762,"3m","sample",NA,NA,"ug/mL",14.30563043,0.687351943,14.30563043,"10 uL"
"337","Myristic acid",801,"1w","sample",NA,NA,"ug/mL",11.39307801,0.687351943,11.39307801,"10 uL"
"339","Myristic acid",776,"CB","sample",NA,NA,"ug/mL",3.565834103,0.687351943,3.565834103,"10 uL"
"340","Myristic acid",42,"1w","sample",NA,NA,"ug/mL",7.27799937,0.687351943,7.27799937,"10 uL"
"342","Myristic acid",756,"1w","sample",NA,NA,"ug/mL",7.016610038,0.687351943,7.016610038,"10 uL"
"344","Myristic acid",762,"1w","sample",NA,NA,"ug/mL",28.12838011,0.687351943,28.12838011,"10 uL"
"347","Myristic acid",762,"CB","sample",NA,NA,"ug/mL",2.748588541,0.687351943,2.748588541,"10 uL"
"348","Myristic acid",718,"1w","sample",NA,NA,"ug/mL",29.7765335,0.687351943,29.7765335,"10 uL"
"349","Myristic acid",45,"1w","sample",NA,NA,"ug/mL",31.78413996,0.687351943,31.78413996,"10 uL"
"352","Myristic acid",681,"1w","sample",NA,NA,"ug/mL",31.49967191,0.687351943,31.49967191,"10 uL"
"354","Myristic acid",793,"3m","sample",NA,NA,"ug/mL",4.833699435,0.687351943,4.833699435,"10 uL"
"356","Myristic acid",685,"1w","sample",NA,NA,"ug/mL",12.33973612,0.687351943,12.33973612,"10 uL"
"358","Myristic acid",746,"1w","sample",NA,NA,"ug/mL",57.337654,0.687351943,57.337654,"10 uL"
"359","Myristic acid",653,"1w","sample",NA,NA,"ug/mL",26.05534768,0.687351943,26.05534768,"10 uL"
"360","Myristic acid",606,"1w","sample",NA,NA,"ug/mL",12.73789503,0.687351943,12.73789503,"10 uL"
"362","Myristic acid",776,"3m","sample",NA,NA,"ug/mL",6.066251269,0.687351943,6.066251269,"10 uL"
"363","Myristic acid",800,"3m","sample",NA,NA,"ug/mL",13.4688066,0.687351943,13.4688066,"10 uL"
"364","Myristic acid",786,"CB","sample",NA,NA,"ug/mL",6.908015464,0.687351943,6.908015464,"10 uL"
"366","Myristic acid",744,"1w","sample",NA,NA,"ug/mL",35.96800212,0.687351943,35.96800212,"10 uL"
"367","Myristic acid",787,"1w","sample",NA,NA,"ug/mL",11.55997496,0.687351943,11.55997496,"10 uL"
"369","Myristic acid",779,"1w","sample",NA,NA,"ug/mL",27.45735681,0.687351943,27.45735681,"10 uL"
"370","Myristic acid",801,"CB","sample",NA,NA,"ug/mL",6.447827453,0.687351943,6.447827453,"10 uL"
"371","Myristic acid",786,"1w","sample",NA,NA,"ug/mL",60.77791625,0.687351943,60.77791625,"10 uL"
"373","Myristic acid",801,"3m","sample",NA,NA,"ug/mL",8.623587209,0.687351943,8.623587209,"10 uL"
"374","Myristic acid",162,"1w","sample",NA,NA,"ug/mL",27.68758641,0.687351943,27.68758641,"10 uL"
"375","Myristic acid",790,"3m","sample",NA,NA,"ug/mL",28.60532431,0.687351943,28.60532431,"10 uL"
"376","Myristic acid",860,"1w","sample",NA,NA,"ug/mL",21.65283939,0.687351943,21.65283939,"10 uL"
"377","Myristic acid",790,"CB","sample",NA,NA,"ug/mL",2.62830438,0.687351943,2.62830438,"10 uL"
"379","Myristic acid",725,"1w","sample",NA,NA,"ug/mL",33.34357656,0.687351943,33.34357656,"10 uL"
"381","Myristic acid",793,"1w","sample",NA,NA,"ug/mL",10.02865497,0.687351943,10.02865497,"10 uL"
"382","Myristic acid",831,"1w","sample",NA,NA,"ug/mL",12.54934417,0.687351943,12.54934417,"10 uL"
"383","Myristic acid",787,"3m","sample",NA,NA,"ug/mL",5.256508408,0.687351943,5.256508408,"10 uL"
"387","Myristic acid",730,"1w","sample",NA,NA,"ug/mL",3.868828763,0.687351943,3.868828763,"10 uL"
"388","Myristic acid",847,"3m","sample",NA,NA,"ug/mL",3.716251456,0.687351943,3.716251456,"10 uL"
"389","Myristic acid",782,"CB","sample",NA,NA,"ug/mL",9.520803461,0.687351943,9.520803461,"10 uL"
"390","Myristic acid",699,"CB","sample",NA,NA,"ug/mL",4.075098607,0.687351943,4.075098607,"10 uL"
"391","Myristic acid",847,"CB","sample",NA,NA,"ug/mL",6.870038702,0.687351943,6.870038702,"10 uL"
"393","Myristic acid",718,"3m","sample",NA,NA,"ug/mL",25.43660258,0.687351943,25.43660258,"10 uL"
"395","Myristic acid",786,"3m","sample",NA,NA,"ug/mL",4.623268652,0.687351943,4.623268652,"10 uL"
"396","Myristic acid",734,"1w","sample",NA,NA,"ug/mL",8.798482561,0.687351943,8.798482561,"10 uL"
"398","Myristic acid",822,"CB","sample",NA,NA,"ug/mL",3.81431648,0.687351943,3.81431648,"10 uL"
"400","Myristic acid",695,"CB","sample",NA,NA,"ug/mL",5.329059848,0.687351943,5.329059848,"10 uL"
"401","Myristic acid",652,"CB","sample",NA,NA,"ug/mL",5.280350176,0.687351943,5.280350176,"10 uL"
"402","Myristic acid",656,"3m","sample",NA,NA,"ug/mL",3.956278065,0.687351943,3.956278065,"10 uL"
"403","Myristic acid",270,"1w","sample",NA,NA,"ug/mL",4.906597546,0.687351943,4.906597546,"10 uL"
"407","Myristic acid",811,"1w","sample",NA,NA,"ug/mL",23.75877542,0.687351943,23.75877542,"10 uL"
"408","Myristic acid",844,"CB","sample",NA,NA,"ug/mL",2.17953797,0.687351943,2.17953797,"10 uL"
"409","Myristic acid",641,"3m","sample",NA,NA,"ug/mL",8.183921991,0.687351943,8.183921991,"10 uL"
"410","Myristic acid",787,"CB","sample",NA,NA,"ug/mL",4.660907151,0.687351943,4.660907151,"10 uL"
"411","Myristic acid",681,"CB","sample",NA,NA,"ug/mL",4.441096424,0.687351943,4.441096424,"10 uL"
"412","Myristic acid",818,"1w","sample",NA,NA,"ug/mL",20.36965951,0.687351943,20.36965951,"10 uL"
"413","Myristic acid",744,"3m","sample",NA,NA,"ug/mL",9.755756813,0.687351943,9.755756813,"10 uL"
"415","Myristic acid",822,"3m","sample",NA,NA,"ug/mL",4.308526344,0.687351943,4.308526344,"10 uL"
"417","Myristic acid",337,"3m","sample",NA,NA,"ug/mL",2.316789365,0.687351943,2.316789365,"10 uL"
"419","Myristic acid",822,"1w","sample",NA,NA,"ug/mL",15.84987141,0.687351943,15.84987141,"10 uL"
"420","Myristic acid",522,"1w","sample",NA,NA,"ug/mL",16.3148801,0.687351943,16.3148801,"10 uL"
"422","Myristic acid",641,"1w","sample",NA,NA,"ug/mL",27.37391156,0.687351943,27.37391156,"10 uL"
"423","Myristic acid",831,"3m","sample",NA,NA,"ug/mL",8.312082451,0.687351943,8.312082451,"10 uL"
"424","Myristic acid",791,"CB","sample",NA,NA,"ug/mL",3.302500394,0.687351943,3.302500394,"10 uL"
"425","Myristic acid",793,"CB","sample",NA,NA,"ug/mL",5.669334497,0.687351943,5.669334497,"10 uL"
"426","Myristic acid",699,"1w","sample",NA,NA,"ug/mL",19.75827897,0.687351943,19.75827897,"10 uL"
"428","Myristic acid",718,"CB","sample",NA,NA,"ug/mL",6.508138277,0.687351943,6.508138277,"10 uL"
"429","N-acetylglucosamine",844,"1w","sample",NA,NA,"ug/mL",NA,0.758162948,0.379081474,"10 uL"
"430","N-acetylglucosamine",162,"1w","sample",NA,NA,"ug/mL",NA,0.758162948,0.379081474,"10 uL"
"432","N-acetylglucosamine",652,"1w","sample",NA,NA,"ug/mL",NA,0.758162948,0.379081474,"10 uL"
"433","N-acetylglucosamine",652,"CB","sample",NA,NA,"ug/mL",NA,0.758162948,0.379081474,"10 uL"
"435","N-acetylglucosamine",725,"1w","sample",NA,NA,"ug/mL",NA,0.758162948,0.379081474,"10 uL"
"436","N-acetylglucosamine",718,"1w","sample",NA,NA,"ug/mL",2.034560607,0.758162948,2.034560607,"10 uL"
"439","N-acetylglucosamine",823,"1w","sample",NA,NA,"ug/mL",NA,0.758162948,0.379081474,"10 uL"
"440","N-acetylglucosamine",801,"1w","sample",NA,NA,"ug/mL",NA,0.758162948,0.379081474,"10 uL"
"442","N-acetylglucosamine",681,"1w","sample",NA,NA,"ug/mL",NA,0.758162948,0.379081474,"10 uL"
"444","N-acetylglucosamine",641,"3m","sample",NA,NA,"ug/mL",NA,0.758162948,0.379081474,"10 uL"
"446","N-acetylglucosamine",42,"1w","sample",NA,NA,"ug/mL",2.019383407,0.758162948,2.019383407,"10 uL"
"449","N-acetylglucosamine",730,"1w","sample",NA,NA,"ug/mL",7.662498054,0.758162948,7.662498054,"10 uL"
"452","N-acetylglucosamine",641,"CB","sample",NA,NA,"ug/mL",NA,0.758162948,0.379081474,"10 uL"
"453","N-acetylglucosamine",786,"1w","sample",NA,NA,"ug/mL",2.026206984,0.758162948,2.026206984,"10 uL"
"454","N-acetylglucosamine",606,"1w","sample",NA,NA,"ug/mL",NA,0.758162948,0.379081474,"10 uL"
"455","N-acetylglucosamine",653,"1w","sample",NA,NA,"ug/mL",NA,0.758162948,0.379081474,"10 uL"
"458","N-acetylglucosamine",787,"CB","sample",NA,NA,"ug/mL",2.060897384,0.758162948,2.060897384,"10 uL"
"460","N-acetylglucosamine",847,"CB","sample",NA,NA,"ug/mL",NA,0.758162948,0.379081474,"10 uL"
"461","N-acetylglucosamine",801,"3m","sample",NA,NA,"ug/mL",NA,0.758162948,0.379081474,"10 uL"
"463","N-acetylglucosamine",337,"3m","sample",NA,NA,"ug/mL",2.046219652,0.758162948,2.046219652,"10 uL"
"464","N-acetylglucosamine",737,"1w","sample",NA,NA,"ug/mL",NA,0.758162948,0.379081474,"10 uL"
"466","N-acetylglucosamine",699,"CB","sample",NA,NA,"ug/mL",2.490650615,0.758162948,2.490650615,"10 uL"
"467","N-acetylglucosamine",793,"3m","sample",NA,NA,"ug/mL",1.950592002,0.758162948,1.950592002,"10 uL"
"468","N-acetylglucosamine",718,"3m","sample",NA,NA,"ug/mL",NA,0.758162948,0.379081474,"10 uL"
"470","N-acetylglucosamine",844,"3m","sample",NA,NA,"ug/mL",NA,0.758162948,0.379081474,"10 uL"
"471","N-acetylglucosamine",756,"1w","sample",NA,NA,"ug/mL",NA,0.758162948,0.379081474,"10 uL"
"472","N-acetylglucosamine",782,"3m","sample",NA,NA,"ug/mL",NA,0.758162948,0.379081474,"10 uL"
"473","N-acetylglucosamine",744,"1w","sample",NA,NA,"ug/mL",NA,0.758162948,0.379081474,"10 uL"
"474","N-acetylglucosamine",685,"1w","sample",NA,NA,"ug/mL",NA,0.758162948,0.379081474,"10 uL"
"475","N-acetylglucosamine",776,"CB","sample",NA,NA,"ug/mL",NA,0.758162948,0.379081474,"10 uL"
"477","N-acetylglucosamine",831,"3m","sample",NA,NA,"ug/mL",NA,0.758162948,0.379081474,"10 uL"
"479","N-acetylglucosamine",656,"3m","sample",NA,NA,"ug/mL",1.931385781,0.758162948,1.931385781,"10 uL"
"480","N-acetylglucosamine",791,"CB","sample",NA,NA,"ug/mL",NA,0.758162948,0.379081474,"10 uL"
"482","N-acetylglucosamine",695,"CB","sample",NA,NA,"ug/mL",NA,0.758162948,0.379081474,"10 uL"
"483","N-acetylglucosamine",762,"CB","sample",NA,NA,"ug/mL",NA,0.758162948,0.379081474,"10 uL"
"484","N-acetylglucosamine",822,"3m","sample",NA,NA,"ug/mL",NA,0.758162948,0.379081474,"10 uL"
"485","N-acetylglucosamine",786,"CB","sample",NA,NA,"ug/mL",NA,0.758162948,0.379081474,"10 uL"
"486","N-acetylglucosamine",734,"1w","sample",NA,NA,"ug/mL",NA,0.758162948,0.379081474,"10 uL"
"488","N-acetylglucosamine",822,"1w","sample",NA,NA,"ug/mL",NA,0.758162948,0.379081474,"10 uL"
"490","N-acetylglucosamine",844,"CB","sample",NA,NA,"ug/mL",NA,0.758162948,0.379081474,"10 uL"
"493","N-acetylglucosamine",337,"CB","sample",NA,NA,"ug/mL",NA,0.758162948,0.379081474,"10 uL"
"494","N-acetylglucosamine",818,"1w","sample",NA,NA,"ug/mL",NA,0.758162948,0.379081474,"10 uL"
"496","N-acetylglucosamine",45,"1w","sample",NA,NA,"ug/mL",2.070419738,0.758162948,2.070419738,"10 uL"
"497","N-acetylglucosamine",793,"1w","sample",NA,NA,"ug/mL",NA,0.758162948,0.379081474,"10 uL"
"498","N-acetylglucosamine",762,"1w","sample",NA,NA,"ug/mL",2.022294975,0.758162948,2.022294975,"10 uL"
"499","N-acetylglucosamine",790,"3m","sample",NA,NA,"ug/mL",NA,0.758162948,0.379081474,"10 uL"
"500","N-acetylglucosamine",522,"1w","sample",NA,NA,"ug/mL",NA,0.758162948,0.379081474,"10 uL"
"501","N-acetylglucosamine",699,"1w","sample",NA,NA,"ug/mL",NA,0.758162948,0.379081474,"10 uL"
"502","N-acetylglucosamine",787,"3m","sample",NA,NA,"ug/mL",NA,0.758162948,0.379081474,"10 uL"
"503","N-acetylglucosamine",800,"CB","sample",NA,NA,"ug/mL",NA,0.758162948,0.379081474,"10 uL"
"504","N-acetylglucosamine",791,"3m","sample",NA,NA,"ug/mL",NA,0.758162948,0.379081474,"10 uL"
"505","N-acetylglucosamine",744,"CB","sample",NA,NA,"ug/mL",NA,0.758162948,0.379081474,"10 uL"
"506","N-acetylglucosamine",787,"1w","sample",NA,NA,"ug/mL",NA,0.758162948,0.379081474,"10 uL"
"508","N-acetylglucosamine",776,"3m","sample",NA,NA,"ug/mL",NA,0.758162948,0.379081474,"10 uL"
"509","N-acetylglucosamine",270,"1w","sample",NA,NA,"ug/mL",1.929338903,0.758162948,1.929338903,"10 uL"
"510","N-acetylglucosamine",790,"CB","sample",NA,NA,"ug/mL",3.336796539,0.758162948,3.336796539,"10 uL"
"511","N-acetylglucosamine",641,"1w","sample",NA,NA,"ug/mL",2.068606598,0.758162948,2.068606598,"10 uL"
"512","N-acetylglucosamine",811,"1w","sample",NA,NA,"ug/mL",2.344379947,0.758162948,2.344379947,"10 uL"
"513","N-acetylglucosamine",782,"CB","sample",NA,NA,"ug/mL",NA,0.758162948,0.379081474,"10 uL"
"514","N-acetylglucosamine",860,"1w","sample",NA,NA,"ug/mL",1.944506651,0.758162948,1.944506651,"10 uL"
"516","N-acetylglucosamine",801,"CB","sample",NA,NA,"ug/mL",NA,0.758162948,0.379081474,"10 uL"
"517","N-acetylglucosamine",718,"CB","sample",NA,NA,"ug/mL",NA,0.758162948,0.379081474,"10 uL"
"521","N-acetylglucosamine",681,"CB","sample",NA,NA,"ug/mL",NA,0.758162948,0.379081474,"10 uL"
"522","N-acetylglucosamine",744,"3m","sample",NA,NA,"ug/mL",NA,0.758162948,0.379081474,"10 uL"
"523","N-acetylglucosamine",831,"1w","sample",NA,NA,"ug/mL",NA,0.758162948,0.379081474,"10 uL"
"524","N-acetylglucosamine",786,"3m","sample",NA,NA,"ug/mL",NA,0.758162948,0.379081474,"10 uL"
"525","N-acetylglucosamine",800,"3m","sample",NA,NA,"ug/mL",NA,0.758162948,0.379081474,"10 uL"
"528","N-acetylglucosamine",822,"CB","sample",NA,NA,"ug/mL",NA,0.758162948,0.379081474,"10 uL"
"530","N-acetylglucosamine",847,"3m","sample",NA,NA,"ug/mL",NA,0.758162948,0.379081474,"10 uL"
"531","N-acetylglucosamine",746,"1w","sample",NA,NA,"ug/mL",2.152644847,0.758162948,2.152644847,"10 uL"
"532","N-acetylglucosamine",779,"1w","sample",NA,NA,"ug/mL",2.03582342,0.758162948,2.03582342,"10 uL"
"534","N-acetylglucosamine",793,"CB","sample",NA,NA,"ug/mL",NA,0.758162948,0.379081474,"10 uL"
"535","N-acetylglucosamine",762,"3m","sample",NA,NA,"ug/mL",NA,0.758162948,0.379081474,"10 uL"
"536","N-acetylmuramic acid",822,"1w","sample",NA,NA,"ug/mL",20.43864846,0.386737868,20.43864846,"10 uL"
"537","N-acetylmuramic acid",718,"1w","sample",NA,NA,"ug/mL",18.62062523,0.386737868,18.62062523,"10 uL"
"538","N-acetylmuramic acid",42,"1w","sample",NA,NA,"ug/mL",4.527476859,0.386737868,4.527476859,"10 uL"
"539","N-acetylmuramic acid",641,"CB","sample",NA,NA,"ug/mL",51.68379566,0.386737868,51.68379566,"10 uL"
"542","N-acetylmuramic acid",725,"1w","sample",NA,NA,"ug/mL",18.98709837,0.386737868,18.98709837,"10 uL"
"543","N-acetylmuramic acid",822,"3m","sample",NA,NA,"ug/mL",12.17824803,0.386737868,12.17824803,"10 uL"
"544","N-acetylmuramic acid",790,"CB","sample",NA,NA,"ug/mL",49.44962909,0.386737868,49.44962909,"10 uL"
"545","N-acetylmuramic acid",337,"CB","sample",NA,NA,"ug/mL",47.36283327,0.386737868,47.36283327,"10 uL"
"548","N-acetylmuramic acid",762,"3m","sample",NA,NA,"ug/mL",4.565678745,0.386737868,4.565678745,"10 uL"
"549","N-acetylmuramic acid",744,"CB","sample",NA,NA,"ug/mL",33.08450325,0.386737868,33.08450325,"10 uL"
"550","N-acetylmuramic acid",522,"1w","sample",NA,NA,"ug/mL",11.99005638,0.386737868,11.99005638,"10 uL"
"552","N-acetylmuramic acid",737,"1w","sample",NA,NA,"ug/mL",74.28335685,0.386737868,74.28335685,"10 uL"
"554","N-acetylmuramic acid",787,"1w","sample",NA,NA,"ug/mL",16.18660687,0.386737868,16.18660687,"10 uL"
"555","N-acetylmuramic acid",776,"CB","sample",NA,NA,"ug/mL",36.25792424,0.386737868,36.25792424,"10 uL"
"556","N-acetylmuramic acid",793,"3m","sample",NA,NA,"ug/mL",20.65826506,0.386737868,20.65826506,"10 uL"
"558","N-acetylmuramic acid",831,"1w","sample",NA,NA,"ug/mL",5.058468194,0.386737868,5.058468194,"10 uL"
"559","N-acetylmuramic acid",786,"1w","sample",NA,NA,"ug/mL",29.38092979,0.386737868,29.38092979,"10 uL"
"560","N-acetylmuramic acid",786,"CB","sample",NA,NA,"ug/mL",34.97114446,0.386737868,34.97114446,"10 uL"
"561","N-acetylmuramic acid",746,"1w","sample",NA,NA,"ug/mL",20.59466744,0.386737868,20.59466744,"10 uL"
"562","N-acetylmuramic acid",606,"1w","sample",NA,NA,"ug/mL",13.28390339,0.386737868,13.28390339,"10 uL"
"563","N-acetylmuramic acid",653,"1w","sample",NA,NA,"ug/mL",22.75717379,0.386737868,22.75717379,"10 uL"
"566","N-acetylmuramic acid",641,"1w","sample",NA,NA,"ug/mL",25.68636083,0.386737868,25.68636083,"10 uL"
"567","N-acetylmuramic acid",822,"CB","sample",NA,NA,"ug/mL",51.53008696,0.386737868,51.53008696,"10 uL"
"568","N-acetylmuramic acid",786,"3m","sample",NA,NA,"ug/mL",18.51172386,0.386737868,18.51172386,"10 uL"
"570","N-acetylmuramic acid",779,"1w","sample",NA,NA,"ug/mL",16.27190285,0.386737868,16.27190285,"10 uL"
"572","N-acetylmuramic acid",793,"1w","sample",NA,NA,"ug/mL",23.83160236,0.386737868,23.83160236,"10 uL"
"573","N-acetylmuramic acid",782,"CB","sample",NA,NA,"ug/mL",35.969836,0.386737868,35.969836,"10 uL"
"574","N-acetylmuramic acid",823,"1w","sample",NA,NA,"ug/mL",12.21705059,0.386737868,12.21705059,"10 uL"
"575","N-acetylmuramic acid",699,"CB","sample",NA,NA,"ug/mL",15.01495777,0.386737868,15.01495777,"10 uL"
"576","N-acetylmuramic acid",793,"CB","sample",NA,NA,"ug/mL",19.33391597,0.386737868,19.33391597,"10 uL"
"577","N-acetylmuramic acid",270,"1w","sample",NA,NA,"ug/mL",4.570781607,0.386737868,4.570781607,"10 uL"
"579","N-acetylmuramic acid",847,"CB","sample",NA,NA,"ug/mL",37.97433826,0.386737868,37.97433826,"10 uL"
"581","N-acetylmuramic acid",787,"CB","sample",NA,NA,"ug/mL",17.09944647,0.386737868,17.09944647,"10 uL"
"584","N-acetylmuramic acid",652,"1w","sample",NA,NA,"ug/mL",17.58176783,0.386737868,17.58176783,"10 uL"
"586","N-acetylmuramic acid",801,"1w","sample",NA,NA,"ug/mL",25.83649758,0.386737868,25.83649758,"10 uL"
"587","N-acetylmuramic acid",791,"CB","sample",NA,NA,"ug/mL",14.55549669,0.386737868,14.55549669,"10 uL"
"589","N-acetylmuramic acid",811,"1w","sample",NA,NA,"ug/mL",14.19018529,0.386737868,14.19018529,"10 uL"
"590","N-acetylmuramic acid",762,"1w","sample",NA,NA,"ug/mL",28.02949681,0.386737868,28.02949681,"10 uL"
"591","N-acetylmuramic acid",734,"1w","sample",NA,NA,"ug/mL",13.98399721,0.386737868,13.98399721,"10 uL"
"593","N-acetylmuramic acid",337,"3m","sample",NA,NA,"ug/mL",2.223706182,0.386737868,2.223706182,"10 uL"
"594","N-acetylmuramic acid",800,"CB","sample",NA,NA,"ug/mL",9.920600093,0.386737868,9.920600093,"10 uL"
"596","N-acetylmuramic acid",756,"1w","sample",NA,NA,"ug/mL",22.84585457,0.386737868,22.84585457,"10 uL"
"597","N-acetylmuramic acid",685,"1w","sample",NA,NA,"ug/mL",26.55404972,0.386737868,26.55404972,"10 uL"
"598","N-acetylmuramic acid",695,"CB","sample",NA,NA,"ug/mL",20.12826999,0.386737868,20.12826999,"10 uL"
"599","N-acetylmuramic acid",818,"1w","sample",NA,NA,"ug/mL",20.58988905,0.386737868,20.58988905,"10 uL"
"600","N-acetylmuramic acid",718,"CB","sample",NA,NA,"ug/mL",52.10957007,0.386737868,52.10957007,"10 uL"
"601","N-acetylmuramic acid",744,"1w","sample",NA,NA,"ug/mL",18.35918251,0.386737868,18.35918251,"10 uL"
"603","N-acetylmuramic acid",791,"3m","sample",NA,NA,"ug/mL",13.23825126,0.386737868,13.23825126,"10 uL"
"604","N-acetylmuramic acid",656,"3m","sample",NA,NA,"ug/mL",12.67031244,0.386737868,12.67031244,"10 uL"
"605","N-acetylmuramic acid",831,"3m","sample",NA,NA,"ug/mL",9.455032496,0.386737868,9.455032496,"10 uL"
"607","N-acetylmuramic acid",162,"1w","sample",NA,NA,"ug/mL",20.59368915,0.386737868,20.59368915,"10 uL"
"608","N-acetylmuramic acid",641,"3m","sample",NA,NA,"ug/mL",17.5699411,0.386737868,17.5699411,"10 uL"
"610","N-acetylmuramic acid",718,"3m","sample",NA,NA,"ug/mL",19.12468756,0.386737868,19.12468756,"10 uL"
"611","N-acetylmuramic acid",844,"1w","sample",NA,NA,"ug/mL",12.37300786,0.386737868,12.37300786,"10 uL"
"612","N-acetylmuramic acid",762,"CB","sample",NA,NA,"ug/mL",49.88599988,0.386737868,49.88599988,"10 uL"
"613","N-acetylmuramic acid",699,"1w","sample",NA,NA,"ug/mL",21.02377551,0.386737868,21.02377551,"10 uL"
"614","N-acetylmuramic acid",800,"3m","sample",NA,NA,"ug/mL",18.8480941,0.386737868,18.8480941,"10 uL"
"615","N-acetylmuramic acid",860,"1w","sample",NA,NA,"ug/mL",17.56163557,0.386737868,17.56163557,"10 uL"
"616","N-acetylmuramic acid",844,"3m","sample",NA,NA,"ug/mL",17.27010746,0.386737868,17.27010746,"10 uL"
"617","N-acetylmuramic acid",730,"1w","sample",NA,NA,"ug/mL",16.4725863,0.386737868,16.4725863,"10 uL"
"620","N-acetylmuramic acid",782,"3m","sample",NA,NA,"ug/mL",18.70506385,0.386737868,18.70506385,"10 uL"
"621","N-acetylmuramic acid",790,"3m","sample",NA,NA,"ug/mL",19.67951576,0.386737868,19.67951576,"10 uL"
"623","N-acetylmuramic acid",744,"3m","sample",NA,NA,"ug/mL",13.89086034,0.386737868,13.89086034,"10 uL"
"624","N-acetylmuramic acid",847,"3m","sample",NA,NA,"ug/mL",10.14179518,0.386737868,10.14179518,"10 uL"
"626","N-acetylmuramic acid",801,"3m","sample",NA,NA,"ug/mL",13.98978454,0.386737868,13.98978454,"10 uL"
"631","N-acetylmuramic acid",681,"CB","sample",NA,NA,"ug/mL",13.09990198,0.386737868,13.09990198,"10 uL"
"634","N-acetylmuramic acid",776,"3m","sample",NA,NA,"ug/mL",17.05887014,0.386737868,17.05887014,"10 uL"
"635","N-acetylmuramic acid",45,"1w","sample",NA,NA,"ug/mL",21.69964393,0.386737868,21.69964393,"10 uL"
"637","N-acetylmuramic acid",801,"CB","sample",NA,NA,"ug/mL",53.94120625,0.386737868,53.94120625,"10 uL"
"638","N-acetylmuramic acid",787,"3m","sample",NA,NA,"ug/mL",11.30309865,0.386737868,11.30309865,"10 uL"
"639","N-acetylmuramic acid",681,"1w","sample",NA,NA,"ug/mL",28.28061229,0.386737868,28.28061229,"10 uL"
"641","N-acetylmuramic acid",844,"CB","sample",NA,NA,"ug/mL",11.29643574,0.386737868,11.29643574,"10 uL"
"642","N-acetylmuramic acid",652,"CB","sample",NA,NA,"ug/mL",41.67264137,0.386737868,41.67264137,"10 uL"
"643","Palmitic acid",42,"1w","sample",86.24339355,143.7389893,"ug/mL",164.6703638,10.343254,164.6703638,"10 uL"
"646","Palmitic acid",790,"3m","sample",86.24339355,143.7389893,"ug/mL",169.2009567,10.343254,169.2009567,"10 uL"
"647","Palmitic acid",762,"3m","sample",86.24339355,143.7389893,"ug/mL",108.8429539,10.343254,108.8429539,"10 uL"
"649","Palmitic acid",779,"1w","sample",86.24339355,143.7389893,"ug/mL",393.745329,10.343254,393.745329,"10 uL"
"650","Palmitic acid",786,"CB","sample",86.24339355,143.7389893,"ug/mL",108.889303,10.343254,108.889303,"10 uL"
"651","Palmitic acid",762,"CB","sample",86.24339355,143.7389893,"ug/mL",109.0095864,10.343254,109.0095864,"10 uL"
"652","Palmitic acid",695,"CB","sample",86.24339355,143.7389893,"ug/mL",46.54727208,10.343254,46.54727208,"10 uL"
"653","Palmitic acid",45,"1w","sample",86.24339355,143.7389893,"ug/mL",503.3812778,10.343254,503.3812778,"10 uL"
"654","Palmitic acid",822,"3m","sample",86.24339355,143.7389893,"ug/mL",86.91911743,10.343254,86.91911743,"10 uL"
"655","Palmitic acid",822,"CB","sample",86.24339355,143.7389893,"ug/mL",89.57601489,10.343254,89.57601489,"10 uL"
"656","Palmitic acid",844,"3m","sample",86.24339355,143.7389893,"ug/mL",127.7368529,10.343254,127.7368529,"10 uL"
"657","Palmitic acid",762,"1w","sample",86.24339355,143.7389893,"ug/mL",246.0040183,10.343254,246.0040183,"10 uL"
"659","Palmitic acid",822,"1w","sample",86.24339355,143.7389893,"ug/mL",238.5555303,10.343254,238.5555303,"10 uL"
"660","Palmitic acid",522,"1w","sample",86.24339355,143.7389893,"ug/mL",325.7709297,10.343254,325.7709297,"10 uL"
"663","Palmitic acid",606,"1w","sample",86.24339355,143.7389893,"ug/mL",186.7511588,10.343254,186.7511588,"10 uL"
"667","Palmitic acid",823,"1w","sample",86.24339355,143.7389893,"ug/mL",432.2344924,10.343254,432.2344924,"10 uL"
"668","Palmitic acid",641,"CB","sample",86.24339355,143.7389893,"ug/mL",89.3634023,10.343254,89.3634023,"10 uL"
"669","Palmitic acid",791,"3m","sample",86.24339355,143.7389893,"ug/mL",72.4880682,10.343254,72.4880682,"10 uL"
"671","Palmitic acid",699,"CB","sample",86.24339355,143.7389893,"ug/mL",79.74290525,10.343254,79.74290525,"10 uL"
"672","Palmitic acid",756,"1w","sample",86.24339355,143.7389893,"ug/mL",92.6848937,10.343254,92.6848937,"10 uL"
"674","Palmitic acid",641,"1w","sample",86.24339355,143.7389893,"ug/mL",295.2359932,10.343254,295.2359932,"10 uL"
"675","Palmitic acid",791,"CB","sample",86.24339355,143.7389893,"ug/mL",67.08628662,10.343254,67.08628662,"10 uL"
"676","Palmitic acid",776,"3m","sample",86.24339355,143.7389893,"ug/mL",68.57084683,10.343254,68.57084683,"10 uL"
"677","Palmitic acid",718,"CB","sample",86.24339355,143.7389893,"ug/mL",156.2282684,10.343254,156.2282684,"10 uL"
"678","Palmitic acid",685,"1w","sample",86.24339355,143.7389893,"ug/mL",210.8091467,10.343254,210.8091467,"10 uL"
"679","Palmitic acid",793,"3m","sample",86.24339355,143.7389893,"ug/mL",54.40904009,10.343254,54.40904009,"10 uL"
"680","Palmitic acid",793,"1w","sample",86.24339355,143.7389893,"ug/mL",165.3175872,10.343254,165.3175872,"10 uL"
"681","Palmitic acid",844,"1w","sample",86.24339355,143.7389893,"ug/mL",386.2514084,10.343254,386.2514084,"10 uL"
"682","Palmitic acid",831,"1w","sample",86.24339355,143.7389893,"ug/mL",235.4963826,10.343254,235.4963826,"10 uL"
"683","Palmitic acid",776,"CB","sample",86.24339355,143.7389893,"ug/mL",43.91341579,10.343254,43.91341579,"10 uL"
"684","Palmitic acid",656,"3m","sample",86.24339355,143.7389893,"ug/mL",78.98949418,10.343254,78.98949418,"10 uL"
"686","Palmitic acid",270,"1w","sample",86.24339355,143.7389893,"ug/mL",131.2428077,10.343254,131.2428077,"10 uL"
"689","Palmitic acid",790,"CB","sample",86.24339355,143.7389893,"ug/mL",62.48014207,10.343254,62.48014207,"10 uL"
"690","Palmitic acid",787,"1w","sample",86.24339355,143.7389893,"ug/mL",229.1124771,10.343254,229.1124771,"10 uL"
"691","Palmitic acid",652,"1w","sample",86.24339355,143.7389893,"ug/mL",53.4984783,10.343254,53.4984783,"10 uL"
"692","Palmitic acid",793,"CB","sample",86.24339355,143.7389893,"ug/mL",103.4569403,10.343254,103.4569403,"10 uL"
"694","Palmitic acid",786,"3m","sample",86.24339355,143.7389893,"ug/mL",61.15699648,10.343254,61.15699648,"10 uL"
"697","Palmitic acid",725,"1w","sample",86.24339355,143.7389893,"ug/mL",449.7991931,10.343254,449.7991931,"10 uL"
"698","Palmitic acid",162,"1w","sample",86.24339355,143.7389893,"ug/mL",490.8334536,10.343254,490.8334536,"10 uL"
"701","Palmitic acid",782,"3m","sample",86.24339355,143.7389893,"ug/mL",112.0391338,10.343254,112.0391338,"10 uL"
"702","Palmitic acid",730,"1w","sample",86.24339355,143.7389893,"ug/mL",117.804215,10.343254,117.804215,"10 uL"
"703","Palmitic acid",800,"3m","sample",86.24339355,143.7389893,"ug/mL",131.0930521,10.343254,131.0930521,"10 uL"
"704","Palmitic acid",801,"CB","sample",86.24339355,143.7389893,"ug/mL",121.6373086,10.343254,121.6373086,"10 uL"
"705","Palmitic acid",681,"CB","sample",86.24339355,143.7389893,"ug/mL",81.01855834,10.343254,81.01855834,"10 uL"
"708","Palmitic acid",737,"1w","sample",86.24339355,143.7389893,"ug/mL",196.9658227,10.343254,196.9658227,"10 uL"
"710","Palmitic acid",847,"3m","sample",86.24339355,143.7389893,"ug/mL",56.67455849,10.343254,56.67455849,"10 uL"
"711","Palmitic acid",746,"1w","sample",86.24339355,143.7389893,"ug/mL",743.8486164,10.343254,743.8486164,"10 uL"
"712","Palmitic acid",744,"CB","sample",86.24339355,143.7389893,"ug/mL",61.7704006,10.343254,61.7704006,"10 uL"
"713","Palmitic acid",734,"1w","sample",86.24339355,143.7389893,"ug/mL",181.396017,10.343254,181.396017,"10 uL"
"714","Palmitic acid",782,"CB","sample",86.24339355,143.7389893,"ug/mL",178.8912063,10.343254,178.8912063,"10 uL"
"717","Palmitic acid",844,"CB","sample",86.24339355,143.7389893,"ug/mL",78.89782892,10.343254,78.89782892,"10 uL"
"718","Palmitic acid",831,"3m","sample",86.24339355,143.7389893,"ug/mL",90.74590356,10.343254,90.74590356,"10 uL"
"719","Palmitic acid",718,"1w","sample",86.24339355,143.7389893,"ug/mL",445.6223622,10.343254,445.6223622,"10 uL"
"720","Palmitic acid",818,"1w","sample",86.24339355,143.7389893,"ug/mL",408.1768963,10.343254,408.1768963,"10 uL"
"722","Palmitic acid",337,"CB","sample",86.24339355,143.7389893,"ug/mL",158.6802711,10.343254,158.6802711,"10 uL"
"725","Palmitic acid",681,"1w","sample",86.24339355,143.7389893,"ug/mL",529.5144029,10.343254,529.5144029,"10 uL"
"727","Palmitic acid",811,"1w","sample",86.24339355,143.7389893,"ug/mL",468.7666693,10.343254,468.7666693,"10 uL"
"728","Palmitic acid",641,"3m","sample",86.24339355,143.7389893,"ug/mL",99.88736518,10.343254,99.88736518,"10 uL"
"731","Palmitic acid",786,"1w","sample",86.24339355,143.7389893,"ug/mL",832.2516841,10.343254,832.2516841,"10 uL"
"732","Palmitic acid",801,"1w","sample",86.24339355,143.7389893,"ug/mL",218.0038174,10.343254,218.0038174,"10 uL"
"733","Palmitic acid",860,"1w","sample",86.24339355,143.7389893,"ug/mL",346.9352213,10.343254,346.9352213,"10 uL"
"734","Palmitic acid",653,"1w","sample",86.24339355,143.7389893,"ug/mL",533.0772109,10.343254,533.0772109,"10 uL"
"735","Palmitic acid",652,"CB","sample",86.24339355,143.7389893,"ug/mL",80.48326619,10.343254,80.48326619,"10 uL"
"736","Palmitic acid",787,"CB","sample",86.24339355,143.7389893,"ug/mL",98.36671835,10.343254,98.36671835,"10 uL"
"737","Palmitic acid",337,"3m","sample",86.24339355,143.7389893,"ug/mL",64.61063765,10.343254,64.61063765,"10 uL"
"738","Palmitic acid",699,"1w","sample",86.24339355,143.7389893,"ug/mL",274.1719559,10.343254,274.1719559,"10 uL"
"740","Palmitic acid",847,"CB","sample",86.24339355,143.7389893,"ug/mL",101.7573829,10.343254,101.7573829,"10 uL"
"741","Palmitic acid",744,"3m","sample",86.24339355,143.7389893,"ug/mL",134.6031196,10.343254,134.6031196,"10 uL"
"742","Palmitic acid",800,"CB","sample",86.24339355,143.7389893,"ug/mL",88.66188661,10.343254,88.66188661,"10 uL"
"744","Palmitic acid",787,"3m","sample",86.24339355,143.7389893,"ug/mL",99.27159164,10.343254,99.27159164,"10 uL"
"747","Palmitic acid",718,"3m","sample",86.24339355,143.7389893,"ug/mL",120.1549197,10.343254,120.1549197,"10 uL"
"748","Palmitic acid",801,"3m","sample",86.24339355,143.7389893,"ug/mL",110.1655849,10.343254,110.1655849,"10 uL"
"749","Palmitic acid",744,"1w","sample",86.24339355,143.7389893,"ug/mL",422.9295219,10.343254,422.9295219,"10 uL"
